instancia,a,b,c,v,N,M,mean_chi,se_chi,mean_time,se_time
galaxy_a01_b10_c100_v1.col,1,10,100,1,31,30,31.0,0.0,0.35912,0.3573
galaxy_a01_b10_c100_v2.col,1,10,100,2,80,79,80.0,0.0,0.00601,0.0
galaxy_a01_b10_c100_v3.col,1,10,100,3,98,97,98.0,0.0,0.00729,0.0001
galaxy_a01_b10_c100_v4.col,1,10,100,4,22,21,22.0,0.0,0.00096,0.0
galaxy_a01_b10_c100_v5.col,1,10,100,5,52,51,52.0,0.0,0.00306,0.0
galaxy_a01_b10_c20_v1.col,1,10,20,1,19,18,19.0,0.0,0.00083,0.0
galaxy_a01_b10_c20_v2.col,1,10,20,2,15,14,15.0,0.0,0.00061,0.0
galaxy_a01_b10_c20_v3.col,1,10,20,3,11,10,11.0,0.0,0.00043,0.0
galaxy_a01_b10_c20_v4.col,1,10,20,4,14,13,14.0,0.0,0.00055,0.0
galaxy_a01_b10_c20_v5.col,1,10,20,5,15,14,15.0,0.0,0.0006,0.0
galaxy_a01_b10_c30_v1.col,1,10,30,1,16,15,16.0,0.0,0.00063,0.0
galaxy_a01_b10_c30_v2.col,1,10,30,2,13,12,13.0,0.0,0.00056,0.0
galaxy_a01_b10_c30_v3.col,1,10,30,3,27,26,27.0,0.0,0.00118,0.0
galaxy_a01_b10_c30_v4.col,1,10,30,4,20,19,20.0,0.0,0.00086,0.0
galaxy_a01_b10_c30_v5.col,1,10,30,5,21,20,21.0,0.0,0.00083,0.0
galaxy_a01_b10_c40_v1.col,1,10,40,1,33,32,33.0,0.0,0.00154,0.0
galaxy_a01_b10_c40_v2.col,1,10,40,2,18,17,18.0,0.0,0.00071,0.0
galaxy_a01_b10_c40_v3.col,1,10,40,3,34,33,34.0,0.0,0.00154,0.0
galaxy_a01_b10_c40_v4.col,1,10,40,4,23,22,23.0,0.0,0.00095,0.0
galaxy_a01_b10_c40_v5.col,1,10,40,5,32,31,32.0,0.0,0.00145,0.0
galaxy_a01_b10_c50_v1.col,1,10,50,1,12,11,12.0,0.0,0.00051,0.0
galaxy_a01_b10_c50_v2.col,1,10,50,2,11,10,11.0,0.0,0.0004,0.0
galaxy_a01_b10_c50_v3.col,1,10,50,3,29,28,29.0,0.0,0.00134,0.0
galaxy_a01_b10_c50_v4.col,1,10,50,4,37,36,37.0,0.0,0.00176,0.0
galaxy_a01_b10_c50_v5.col,1,10,50,5,31,30,31.0,0.0,0.00146,0.0
galaxy_a01_b10_c60_v1.col,1,10,60,1,15,14,15.0,0.0,0.0007,0.0
galaxy_a01_b10_c60_v2.col,1,10,60,2,40,39,40.0,0.0,0.00202,0.0001
galaxy_a01_b10_c60_v3.col,1,10,60,3,18,17,18.0,0.0,0.00071,0.0
galaxy_a01_b10_c60_v4.col,1,10,60,4,18,17,18.0,0.0,0.00077,0.0
galaxy_a01_b10_c60_v5.col,1,10,60,5,55,54,55.0,0.0,0.0035,0.0
galaxy_a01_b10_c70_v1.col,1,10,70,1,33,32,33.0,0.0,0.00187,0.0
galaxy_a01_b10_c70_v2.col,1,10,70,2,19,18,19.0,0.0,0.00098,0.0
galaxy_a01_b10_c70_v3.col,1,10,70,3,71,70,71.0,0.0,0.00526,0.0001
galaxy_a01_b10_c70_v4.col,1,10,70,4,24,23,24.0,0.0,0.00114,0.0
galaxy_a01_b10_c70_v5.col,1,10,70,5,43,42,43.0,0.0,0.00238,0.0
galaxy_a01_b10_c80_v1.col,1,10,80,1,39,38,39.0,0.0,0.00207,0.0
galaxy_a01_b10_c80_v2.col,1,10,80,2,75,74,75.0,0.0,0.00552,0.0
galaxy_a01_b10_c80_v3.col,1,10,80,3,64,63,64.0,0.0,0.00445,0.0
galaxy_a01_b10_c80_v4.col,1,10,80,4,81,80,81.0,0.0,0.00615,0.0001
galaxy_a01_b10_c80_v5.col,1,10,80,5,15,14,15.0,0.0,0.00073,0.0
galaxy_a01_b10_c90_v1.col,1,10,90,1,26,25,26.0,0.0,0.00134,0.0
galaxy_a01_b10_c90_v2.col,1,10,90,2,79,78,79.0,0.0,0.00615,0.0
galaxy_a01_b10_c90_v3.col,1,10,90,3,54,53,54.0,0.0,0.01726,0.0138
galaxy_a01_b10_c90_v4.col,1,10,90,4,77,76,77.0,0.0,0.0051,0.0
galaxy_a01_b10_c90_v5.col,1,10,90,5,69,68,69.0,0.0,0.00438,0.0
galaxy_a05_b10_c100_v1.col,5,10,100,1,245,240,74.0,0.0,0.36929,0.3281
galaxy_a05_b10_c100_v2.col,5,10,100,2,318,313,91.0,0.0,0.05271,0.0032
galaxy_a05_b10_c100_v3.col,5,10,100,3,304,299,93.0,0.0,0.0452,0.0023
galaxy_a05_b10_c100_v4.col,5,10,100,4,179,174,67.0,0.0,0.01889,0.0016
galaxy_a05_b10_c100_v5.col,5,10,100,5,251,246,77.0,0.0,0.03642,0.0006
galaxy_a05_b10_c20_v1.col,5,10,20,1,63,58,18.0,0.0,0.00521,0.0
galaxy_a05_b10_c20_v2.col,5,10,20,2,81,76,20.0,0.0,0.00773,0.0005
galaxy_a05_b10_c20_v3.col,5,10,20,3,81,76,19.0,0.0,0.00926,0.0006
galaxy_a05_b10_c20_v4.col,5,10,20,4,68,63,19.0,0.0,0.00607,0.0005
galaxy_a05_b10_c20_v5.col,5,10,20,5,80,75,20.0,0.0,0.00921,0.0006
galaxy_a05_b10_c30_v1.col,5,10,30,1,108,103,31.0,0.0,0.01024,0.0005
galaxy_a05_b10_c30_v2.col,5,10,30,2,111,106,31.0,0.0,0.0113,0.0006
galaxy_a05_b10_c30_v3.col,5,10,30,3,108,103,27.0,0.0,0.01233,0.0005
galaxy_a05_b10_c30_v4.col,5,10,30,4,96,91,29.0,0.0,0.00951,0.0006
galaxy_a05_b10_c30_v5.col,5,10,30,5,102,97,31.0,0.0,0.00917,0.0007
galaxy_a05_b10_c40_v1.col,5,10,40,1,149,144,40.0,0.0,0.01666,0.0011
galaxy_a05_b10_c40_v2.col,5,10,40,2,161,156,41.0,0.0,0.0188,0.0005
galaxy_a05_b10_c40_v3.col,5,10,40,3,142,137,40.0,0.0,0.01493,0.0005
galaxy_a05_b10_c40_v4.col,5,10,40,4,118,113,32.0,0.0,0.01177,0.0006
galaxy_a05_b10_c40_v5.col,5,10,40,5,162,157,42.0,0.0,0.01999,0.001
galaxy_a05_b10_c50_v1.col,5,10,50,1,165,160,48.0,0.0,0.01905,0.0006
galaxy_a05_b10_c50_v2.col,5,10,50,2,130,125,35.0,0.0,0.01388,0.0006
galaxy_a05_b10_c50_v3.col,5,10,50,3,150,145,51.0,0.0,0.01678,0.0006
galaxy_a05_b10_c50_v4.col,5,10,50,4,156,151,45.0,0.0,0.01779,0.0006
galaxy_a05_b10_c50_v5.col,5,10,50,5,150,145,41.0,0.0,0.01684,0.0012
galaxy_a05_b10_c60_v1.col,5,10,60,1,158,153,47.0,0.0,0.02076,0.0012
galaxy_a05_b10_c60_v2.col,5,10,60,2,166,161,41.0,0.0,0.02512,0.001
galaxy_a05_b10_c60_v3.col,5,10,60,3,216,211,61.0,0.0,0.02966,0.0006
galaxy_a05_b10_c60_v4.col,5,10,60,4,222,217,60.0,0.0,0.03037,0.0004
galaxy_a05_b10_c60_v5.col,5,10,60,5,147,142,58.0,0.0,0.01318,0.0006
galaxy_a05_b10_c70_v1.col,5,10,70,1,190,185,67.0,0.0,0.02662,0.0036
galaxy_a05_b10_c70_v2.col,5,10,70,2,166,161,70.0,0.0,0.01619,0.0005
galaxy_a05_b10_c70_v3.col,5,10,70,3,178,173,67.0,0.0,0.01982,0.0008
galaxy_a05_b10_c70_v4.col,5,10,70,4,264,259,68.0,0.0,0.03819,0.0004
galaxy_a05_b10_c70_v5.col,5,10,70,5,265,260,67.0,0.0,0.03865,0.0001
galaxy_a05_b10_c80_v1.col,5,10,80,1,261,256,66.0,0.0,0.03774,0.0007
galaxy_a05_b10_c80_v2.col,5,10,80,2,165,160,75.0,0.0,0.01594,0.0006
galaxy_a05_b10_c80_v3.col,5,10,80,3,217,212,67.0,0.0,0.02924,0.0005
galaxy_a05_b10_c80_v4.col,5,10,80,4,237,232,81.0,0.0,0.03318,0.0014
galaxy_a05_b10_c80_v5.col,5,10,80,5,204,199,63.0,0.0,0.02723,0.0005
galaxy_a05_b10_c90_v1.col,5,10,90,1,239,234,88.0,0.0,0.03578,0.0004
galaxy_a05_b10_c90_v2.col,5,10,90,2,312,307,90.0,0.0,0.05037,0.0004
galaxy_a05_b10_c90_v3.col,5,10,90,3,252,247,69.0,0.0,0.03719,0.0004
galaxy_a05_b10_c90_v4.col,5,10,90,4,221,216,78.0,0.0,0.02709,0.0016
galaxy_a05_b10_c90_v5.col,5,10,90,5,254,249,90.0,0.0,0.03606,0.0022
galaxy_a100_b10_c100_v1.col,100,10,100,1,5804,5704,141.6,1.0296,23.22963,1.4737
galaxy_a100_b10_c100_v2.col,100,10,100,2,5555,5455,141.0,1.0488,16.74441,1.9197
galaxy_a100_b10_c100_v3.col,100,10,100,3,5712,5612,140.2,1.4629,18.35863,0.7536
galaxy_a100_b10_c100_v4.col,100,10,100,4,5713,5613,138.8,1.5937,19.29724,2.0433
galaxy_a100_b10_c100_v5.col,100,10,100,5,6255,6155,151.6,3.4728,19.41583,3.4094
galaxy_a100_b10_c20_v1.col,100,10,20,1,1608,1508,108.6,0.6,1.3632,0.1308
galaxy_a100_b10_c20_v2.col,100,10,20,2,1614,1514,108.2,0.3742,1.49885,0.1249
galaxy_a100_b10_c20_v3.col,100,10,20,3,1561,1461,108.0,0.5477,1.24049,0.0443
galaxy_a100_b10_c20_v4.col,100,10,20,4,1660,1560,109.0,0.6325,1.581,0.1709
galaxy_a100_b10_c20_v5.col,100,10,20,5,1571,1471,108.0,0.5477,1.43868,0.0988
galaxy_a100_b10_c30_v1.col,100,10,30,1,2041,1941,111.6,1.4353,2.19562,0.4009
galaxy_a100_b10_c30_v2.col,100,10,30,2,2092,1992,111.0,0.7071,2.69615,0.1904
galaxy_a100_b10_c30_v3.col,100,10,30,3,2188,2088,112.2,0.5831,2.49783,0.0549
galaxy_a100_b10_c30_v4.col,100,10,30,4,2001,1901,110.2,0.9695,2.11852,0.3577
galaxy_a100_b10_c30_v5.col,100,10,30,5,1985,1885,109.2,0.8602,2.39663,0.3453
galaxy_a100_b10_c40_v1.col,100,10,40,1,2631,2531,112.6,0.8718,4.34579,0.3495
galaxy_a100_b10_c40_v2.col,100,10,40,2,2674,2574,116.0,1.4142,3.2904,0.5012
galaxy_a100_b10_c40_v3.col,100,10,40,3,2496,2396,114.2,1.1576,3.26866,0.4758
galaxy_a100_b10_c40_v4.col,100,10,40,4,2400,2300,110.2,0.5831,3.65674,0.3
galaxy_a100_b10_c40_v5.col,100,10,40,5,2555,2455,114.6,1.8601,3.82361,0.7076
galaxy_a100_b10_c50_v1.col,100,10,50,1,2995,2895,117.8,2.4372,4.50698,1.0927
galaxy_a100_b10_c50_v2.col,100,10,50,2,3021,2921,115.6,0.5099,5.48378,0.355
galaxy_a100_b10_c50_v3.col,100,10,50,3,3012,2912,115.2,1.4967,5.25722,0.5693
galaxy_a100_b10_c50_v4.col,100,10,50,4,3256,3156,118.2,1.0677,5.13437,0.6224
galaxy_a100_b10_c50_v5.col,100,10,50,5,3075,2975,117.6,1.4353,4.67117,0.5527
galaxy_a100_b10_c60_v1.col,100,10,60,1,3448,3348,119.0,1.4142,6.45164,0.6867
galaxy_a100_b10_c60_v2.col,100,10,60,2,3563,3463,119.4,1.1225,9.46195,0.9083
galaxy_a100_b10_c60_v3.col,100,10,60,3,3582,3482,121.4,2.5807,7.95675,1.1188
galaxy_a100_b10_c60_v4.col,100,10,60,4,3518,3418,121.0,2.51,6.01318,0.947
galaxy_a100_b10_c60_v5.col,100,10,60,5,3714,3614,120.6,0.9274,8.82161,0.5589
galaxy_a100_b10_c70_v1.col,100,10,70,1,3990,3890,121.8,1.4967,8.6164,1.1219
galaxy_a100_b10_c70_v2.col,100,10,70,2,4165,4065,126.0,2.2136,10.74423,1.388
galaxy_a100_b10_c70_v3.col,100,10,70,3,4326,4226,125.6,1.7776,11.58073,0.7939
galaxy_a100_b10_c70_v4.col,100,10,70,4,4240,4140,129.0,2.569,9.63389,1.6776
galaxy_a100_b10_c70_v5.col,100,10,70,5,3969,3869,125.8,1.4967,8.80153,1.1464
galaxy_a100_b10_c80_v1.col,100,10,80,1,4490,4390,126.8,1.1576,12.55889,0.9703
galaxy_a100_b10_c80_v2.col,100,10,80,2,4929,4829,136.8,1.9596,15.70197,1.6265
galaxy_a100_b10_c80_v3.col,100,10,80,3,4785,4685,132.0,1.5811,12.2982,1.3243
galaxy_a100_b10_c80_v4.col,100,10,80,4,4712,4612,133.2,1.5297,12.73629,1.1356
galaxy_a100_b10_c80_v5.col,100,10,80,5,4537,4437,130.4,2.4207,10.53097,1.9129
galaxy_a100_b10_c90_v1.col,100,10,90,1,5110,5010,135.4,2.358,14.96045,1.1604
galaxy_a100_b10_c90_v2.col,100,10,90,2,5347,5247,136.4,1.7776,20.81337,0.9892
galaxy_a100_b10_c90_v3.col,100,10,90,3,5523,5423,139.6,0.6782,17.27946,0.7025
galaxy_a100_b10_c90_v4.col,100,10,90,4,5349,5249,136.4,1.5362,17.66301,2.46
galaxy_a100_b10_c90_v5.col,100,10,90,5,5416,5316,139.0,3.1145,18.2542,2.888
galaxy_a10_b10_c100_v1.col,10,10,100,1,510,500,94.0,0.0,0.08938,0.0005
galaxy_a10_b10_c100_v2.col,10,10,100,2,650,640,97.0,0.0,0.20112,0.012
galaxy_a10_b10_c100_v3.col,10,10,100,3,600,590,98.0,0.0,0.11452,0.0005
galaxy_a10_b10_c100_v4.col,10,10,100,4,601,591,101.0,0.0,0.12634,0.0064
galaxy_a10_b10_c100_v5.col,10,10,100,5,545,535,88.0,0.0,0.12063,0.001
galaxy_a10_b10_c20_v1.col,10,10,20,1,164,154,22.2,0.2,0.03432,0.0034
galaxy_a10_b10_c20_v2.col,10,10,20,2,159,149,22.0,0.0,0.02844,0.0013
galaxy_a10_b10_c20_v3.col,10,10,20,3,160,150,22.0,0.3162,0.10909,0.0656
galaxy_a10_b10_c20_v4.col,10,10,20,4,147,137,21.0,0.0,0.02279,0.0007
galaxy_a10_b10_c20_v5.col,10,10,20,5,167,157,22.8,0.2,0.03704,0.0039
galaxy_a10_b10_c30_v1.col,10,10,30,1,218,208,28.2,0.2,0.05383,0.0044
galaxy_a10_b10_c30_v2.col,10,10,30,2,222,212,31.0,0.0,0.04828,0.0028
galaxy_a10_b10_c30_v3.col,10,10,30,3,208,198,27.0,0.0,0.04409,0.0038
galaxy_a10_b10_c30_v4.col,10,10,30,4,196,186,28.0,0.0,0.03696,0.0008
galaxy_a10_b10_c30_v5.col,10,10,30,5,212,202,31.0,0.0,0.03905,0.0009
galaxy_a10_b10_c40_v1.col,10,10,40,1,245,235,37.0,0.0,0.03611,0.0004
galaxy_a10_b10_c40_v2.col,10,10,40,2,246,236,39.0,0.0,0.04438,0.0012
galaxy_a10_b10_c40_v3.col,10,10,40,3,279,269,41.0,0.0,0.04865,0.0014
galaxy_a10_b10_c40_v4.col,10,10,40,4,259,249,38.0,0.0,0.03898,0.0001
galaxy_a10_b10_c40_v5.col,10,10,40,5,262,252,41.0,0.0,0.03753,0.0016
galaxy_a10_b10_c50_v1.col,10,10,50,1,337,327,51.0,0.0,0.05501,0.0018
galaxy_a10_b10_c50_v2.col,10,10,50,2,376,366,50.0,0.0,0.0679,0.0024
galaxy_a10_b10_c50_v3.col,10,10,50,3,351,341,49.0,0.0,0.09065,0.0061
galaxy_a10_b10_c50_v4.col,10,10,50,4,286,276,48.0,0.0,0.04653,0.0005
galaxy_a10_b10_c50_v5.col,10,10,50,5,320,310,51.0,0.0,0.04336,0.0004
galaxy_a10_b10_c60_v1.col,10,10,60,1,360,350,61.0,0.0,0.05211,0.0002
galaxy_a10_b10_c60_v2.col,10,10,60,2,261,251,51.0,0.0,0.03749,0.0018
galaxy_a10_b10_c60_v3.col,10,10,60,3,259,249,53.0,0.0,0.03375,0.0006
galaxy_a10_b10_c60_v4.col,10,10,60,4,402,392,59.0,0.0,0.06616,0.0031
galaxy_a10_b10_c60_v5.col,10,10,60,5,341,331,59.0,0.0,0.055,0.0027
galaxy_a10_b10_c70_v1.col,10,10,70,1,458,448,61.0,0.0,0.12831,0.0068
galaxy_a10_b10_c70_v2.col,10,10,70,2,492,482,65.0,0.0,0.11359,0.0004
galaxy_a10_b10_c70_v3.col,10,10,70,3,447,437,72.0,0.0,0.09042,0.0031
galaxy_a10_b10_c70_v4.col,10,10,70,4,430,420,69.0,0.0,0.06729,0.0004
galaxy_a10_b10_c70_v5.col,10,10,70,5,456,446,69.0,0.0,0.09848,0.0034
galaxy_a10_b10_c80_v1.col,10,10,80,1,469,459,77.0,0.0,0.09638,0.0026
galaxy_a10_b10_c80_v2.col,10,10,80,2,519,509,79.0,0.0,0.11245,0.0037
galaxy_a10_b10_c80_v3.col,10,10,80,3,575,565,82.0,0.0,0.16781,0.0042
galaxy_a10_b10_c80_v4.col,10,10,80,4,435,425,75.0,0.0,0.08414,0.0006
galaxy_a10_b10_c80_v5.col,10,10,80,5,424,414,77.0,0.0,0.06604,0.0004
galaxy_a10_b10_c90_v1.col,10,10,90,1,550,540,90.0,0.0,0.09808,0.0008
galaxy_a10_b10_c90_v2.col,10,10,90,2,618,608,85.0,0.0,0.21138,0.0607
galaxy_a10_b10_c90_v3.col,10,10,90,3,438,428,71.0,0.0,0.06947,0.0026
galaxy_a10_b10_c90_v4.col,10,10,90,4,475,465,89.0,0.0,0.07642,0.0002
galaxy_a10_b10_c90_v5.col,10,10,90,5,593,583,87.0,0.0,0.1569,0.0084
galaxy_a15_b10_c100_v1.col,15,10,100,1,876,861,94.0,0.0,0.24995,0.0098
galaxy_a15_b10_c100_v2.col,15,10,100,2,750,735,100.0,0.0,0.15547,0.0002
galaxy_a15_b10_c100_v3.col,15,10,100,3,939,924,102.0,0.0,0.27666,0.0111
galaxy_a15_b10_c100_v4.col,15,10,100,4,774,759,90.0,0.0,0.30006,0.07
galaxy_a15_b10_c100_v5.col,15,10,100,5,783,768,99.0,0.0,0.18326,0.0095
galaxy_a15_b10_c20_v1.col,15,10,20,1,251,236,26.4,0.2449,0.06717,0.0072
galaxy_a15_b10_c20_v2.col,15,10,20,2,265,250,27.8,0.2,0.07131,0.0063
galaxy_a15_b10_c20_v3.col,15,10,20,3,239,224,25.8,0.3742,0.06526,0.0068
galaxy_a15_b10_c20_v4.col,15,10,20,4,232,217,25.0,0.0,0.05595,0.0006
galaxy_a15_b10_c20_v5.col,15,10,20,5,248,233,26.0,0.0,0.07215,0.0064
galaxy_a15_b10_c30_v1.col,15,10,30,1,305,290,31.0,0.0,0.08314,0.0018
galaxy_a15_b10_c30_v2.col,15,10,30,2,308,293,30.2,0.3742,0.09012,0.0083
galaxy_a15_b10_c30_v3.col,15,10,30,3,319,304,31.6,0.2449,0.08971,0.0092
galaxy_a15_b10_c30_v4.col,15,10,30,4,300,285,31.0,0.0,0.06948,0.0043
galaxy_a15_b10_c30_v5.col,15,10,30,5,345,330,32.8,0.2,0.13385,0.013
galaxy_a15_b10_c40_v1.col,15,10,40,1,423,408,40.4,0.2449,0.14121,0.0152
galaxy_a15_b10_c40_v2.col,15,10,40,2,435,420,41.6,0.2449,0.13824,0.0131
galaxy_a15_b10_c40_v3.col,15,10,40,3,358,343,41.0,0.0,0.06155,0.0026
galaxy_a15_b10_c40_v4.col,15,10,40,4,341,326,38.0,0.0,0.08138,0.0027
galaxy_a15_b10_c40_v5.col,15,10,40,5,360,345,39.0,0.0,0.08472,0.0059
galaxy_a15_b10_c50_v1.col,15,10,50,1,461,446,48.0,0.0,0.11728,0.0065
galaxy_a15_b10_c50_v2.col,15,10,50,2,465,450,50.0,0.0,0.09344,0.0035
galaxy_a15_b10_c50_v3.col,15,10,50,3,546,531,51.0,0.0,0.1675,0.0084
galaxy_a15_b10_c50_v4.col,15,10,50,4,372,357,49.0,0.0,0.13328,0.061
galaxy_a15_b10_c50_v5.col,15,10,50,5,497,482,51.0,0.0,0.14291,0.0061
galaxy_a15_b10_c60_v1.col,15,10,60,1,599,584,59.0,0.0,0.2035,0.0132
galaxy_a15_b10_c60_v2.col,15,10,60,2,580,565,61.0,0.0,0.11933,0.0046
galaxy_a15_b10_c60_v3.col,15,10,60,3,510,495,60.0,0.0,0.11952,0.0033
galaxy_a15_b10_c60_v4.col,15,10,60,4,509,494,56.0,0.0,0.10756,0.0043
galaxy_a15_b10_c60_v5.col,15,10,60,5,537,522,60.0,0.0,0.108,0.0039
galaxy_a15_b10_c70_v1.col,15,10,70,1,487,472,67.0,0.0,0.09982,0.0041
galaxy_a15_b10_c70_v2.col,15,10,70,2,547,532,62.0,0.0,0.11313,0.0027
galaxy_a15_b10_c70_v3.col,15,10,70,3,590,575,59.0,0.0,0.13767,0.004
galaxy_a15_b10_c70_v4.col,15,10,70,4,674,659,71.0,0.0,0.17247,0.0051
galaxy_a15_b10_c70_v5.col,15,10,70,5,712,697,70.0,0.0,0.26373,0.0706
galaxy_a15_b10_c80_v1.col,15,10,80,1,551,536,74.0,0.0,0.11033,0.001
galaxy_a15_b10_c80_v2.col,15,10,80,2,694,679,76.0,0.0,0.1567,0.0006
galaxy_a15_b10_c80_v3.col,15,10,80,3,589,574,80.0,0.0,0.12323,0.0045
galaxy_a15_b10_c80_v4.col,15,10,80,4,657,642,78.0,0.0,0.15684,0.0052
galaxy_a15_b10_c80_v5.col,15,10,80,5,832,817,81.0,0.0,0.38505,0.0147
galaxy_a15_b10_c90_v1.col,15,10,90,1,705,690,85.0,0.0,0.22854,0.0663
galaxy_a15_b10_c90_v2.col,15,10,90,2,820,805,89.0,0.0,0.24354,0.0073
galaxy_a15_b10_c90_v3.col,15,10,90,3,782,767,83.0,0.0,0.2157,0.0067
galaxy_a15_b10_c90_v4.col,15,10,90,4,711,696,91.0,0.0,0.14496,0.0005
galaxy_a15_b10_c90_v5.col,15,10,90,5,666,651,91.0,0.0,0.12828,0.0002
galaxy_a20_b10_c100_v1.col,20,10,100,1,1027,1007,95.0,0.0,0.25863,0.0125
galaxy_a20_b10_c100_v2.col,20,10,100,2,1192,1172,94.0,0.0,0.62805,0.0747
galaxy_a20_b10_c100_v3.col,20,10,100,3,1059,1039,99.0,0.0,0.3772,0.0128
galaxy_a20_b10_c100_v4.col,20,10,100,4,1104,1084,94.0,0.0,0.37449,0.0022
galaxy_a20_b10_c100_v5.col,20,10,100,5,1189,1169,99.0,0.0,0.46284,0.0619
galaxy_a20_b10_c20_v1.col,20,10,20,1,289,269,29.4,0.2449,0.07354,0.0053
galaxy_a20_b10_c20_v2.col,20,10,20,2,327,307,31.6,0.4,0.09322,0.0096
galaxy_a20_b10_c20_v3.col,20,10,20,3,318,298,30.4,0.2449,0.08232,0.0052
galaxy_a20_b10_c20_v4.col,20,10,20,4,309,289,30.2,0.2,0.07448,0.0041
galaxy_a20_b10_c20_v5.col,20,10,20,5,318,298,29.8,0.2,0.09057,0.0086
galaxy_a20_b10_c30_v1.col,20,10,30,1,391,371,32.0,0.3162,0.14448,0.0082
galaxy_a20_b10_c30_v2.col,20,10,30,2,448,428,35.4,0.2449,0.18079,0.0177
galaxy_a20_b10_c30_v3.col,20,10,30,3,433,413,34.4,0.2449,0.18842,0.0154
galaxy_a20_b10_c30_v4.col,20,10,30,4,429,409,34.2,0.4899,0.17732,0.014
galaxy_a20_b10_c30_v5.col,20,10,30,5,427,407,35.4,0.2449,0.17627,0.0183
galaxy_a20_b10_c40_v1.col,20,10,40,1,595,575,44.4,0.2449,0.35169,0.0641
galaxy_a20_b10_c40_v2.col,20,10,40,2,580,560,43.0,0.4472,0.24099,0.0279
galaxy_a20_b10_c40_v3.col,20,10,40,3,503,483,42.0,0.0,0.17277,0.0078
galaxy_a20_b10_c40_v4.col,20,10,40,4,483,463,41.0,0.0,0.1606,0.0084
galaxy_a20_b10_c40_v5.col,20,10,40,5,545,525,43.0,0.3162,0.24542,0.0195
galaxy_a20_b10_c50_v1.col,20,10,50,1,621,601,49.2,0.2,0.23049,0.0188
galaxy_a20_b10_c50_v2.col,20,10,50,2,674,654,51.2,0.2,0.37001,0.0806
galaxy_a20_b10_c50_v3.col,20,10,50,3,710,690,52.2,0.2,0.33884,0.0201
galaxy_a20_b10_c50_v4.col,20,10,50,4,589,569,51.0,0.0,0.16326,0.0121
galaxy_a20_b10_c50_v5.col,20,10,50,5,643,623,51.8,0.2,0.28129,0.0225
galaxy_a20_b10_c60_v1.col,20,10,60,1,845,825,59.2,0.2,0.51039,0.0799
galaxy_a20_b10_c60_v2.col,20,10,60,2,688,668,58.0,0.0,0.21891,0.0077
galaxy_a20_b10_c60_v3.col,20,10,60,3,755,735,61.0,0.0,0.26487,0.031
galaxy_a20_b10_c60_v4.col,20,10,60,4,743,723,58.2,0.2,0.27412,0.0232
galaxy_a20_b10_c60_v5.col,20,10,60,5,678,658,60.0,0.0,0.16124,0.0056
galaxy_a20_b10_c70_v1.col,20,10,70,1,863,843,71.0,0.0,0.32072,0.0711
galaxy_a20_b10_c70_v2.col,20,10,70,2,624,604,55.0,0.0,0.2022,0.0092
galaxy_a20_b10_c70_v3.col,20,10,70,3,825,805,66.0,0.0,0.26265,0.0111
galaxy_a20_b10_c70_v4.col,20,10,70,4,818,798,64.0,0.0,0.32035,0.0172
galaxy_a20_b10_c70_v5.col,20,10,70,5,819,799,63.0,0.0,0.37982,0.0769
galaxy_a20_b10_c80_v1.col,20,10,80,1,923,903,78.0,0.0,0.31479,0.008
galaxy_a20_b10_c80_v2.col,20,10,80,2,918,898,78.0,0.0,0.31297,0.022
galaxy_a20_b10_c80_v3.col,20,10,80,3,1028,1008,78.0,0.0,0.39227,0.0224
galaxy_a20_b10_c80_v4.col,20,10,80,4,867,847,81.0,0.0,0.33496,0.0791
galaxy_a20_b10_c80_v5.col,20,10,80,5,999,979,75.0,0.0,0.37783,0.0204
galaxy_a20_b10_c90_v1.col,20,10,90,1,1013,993,86.0,0.0,0.27376,0.0014
galaxy_a20_b10_c90_v2.col,20,10,90,2,1017,997,91.0,0.0,0.25038,0.0122
galaxy_a20_b10_c90_v3.col,20,10,90,3,841,821,87.0,0.0,0.2515,0.0619
galaxy_a20_b10_c90_v4.col,20,10,90,4,1028,1008,85.0,0.0,0.31187,0.0085
galaxy_a20_b10_c90_v5.col,20,10,90,5,1063,1043,88.0,0.0,0.32578,0.014
galaxy_a25_b10_c100_v1.col,25,10,100,1,1373,1348,99.2,0.2,0.84026,0.073
galaxy_a25_b10_c100_v2.col,25,10,100,2,1480,1455,98.0,0.0,0.57955,0.0162
galaxy_a25_b10_c100_v3.col,25,10,100,3,1574,1549,101.0,0.0,0.90036,0.1002
galaxy_a25_b10_c100_v4.col,25,10,100,4,1630,1605,101.0,0.0,0.79022,0.0585
galaxy_a25_b10_c100_v5.col,25,10,100,5,1456,1431,97.0,0.0,0.69868,0.0727
galaxy_a25_b10_c20_v1.col,25,10,20,1,387,362,35.2,0.2,0.11323,0.0092
galaxy_a25_b10_c20_v2.col,25,10,20,2,398,373,35.0,0.0,0.1153,0.0036
galaxy_a25_b10_c20_v3.col,25,10,20,3,403,378,35.2,0.2,0.11717,0.0077
galaxy_a25_b10_c20_v4.col,25,10,20,4,372,347,34.4,0.4,0.1063,0.0119
galaxy_a25_b10_c20_v5.col,25,10,20,5,398,373,35.0,0.3162,0.13836,0.0096
galaxy_a25_b10_c30_v1.col,25,10,30,1,557,532,39.2,0.4899,0.28047,0.0137
galaxy_a25_b10_c30_v2.col,25,10,30,2,544,519,39.4,0.2449,0.24611,0.0286
galaxy_a25_b10_c30_v3.col,25,10,30,3,513,488,36.4,0.2449,0.30666,0.0885
galaxy_a25_b10_c30_v4.col,25,10,30,4,525,500,37.6,0.2449,0.25414,0.0083
galaxy_a25_b10_c30_v5.col,25,10,30,5,528,503,39.2,0.3742,0.20676,0.0207
galaxy_a25_b10_c40_v1.col,25,10,40,1,604,579,42.6,0.6782,0.29367,0.0365
galaxy_a25_b10_c40_v2.col,25,10,40,2,655,630,44.0,0.5477,0.43602,0.0923
galaxy_a25_b10_c40_v3.col,25,10,40,3,634,609,44.6,0.5099,0.26244,0.0159
galaxy_a25_b10_c40_v4.col,25,10,40,4,692,667,45.6,0.4,0.34155,0.0278
galaxy_a25_b10_c40_v5.col,25,10,40,5,625,600,42.6,0.6782,0.28799,0.0266
galaxy_a25_b10_c50_v1.col,25,10,50,1,797,772,50.6,0.4,0.57084,0.0984
galaxy_a25_b10_c50_v2.col,25,10,50,2,749,724,51.2,0.2,0.29056,0.0154
galaxy_a25_b10_c50_v3.col,25,10,50,3,762,737,51.0,0.0,0.37042,0.0255
galaxy_a25_b10_c50_v4.col,25,10,50,4,849,824,52.8,0.5831,0.53598,0.1004
galaxy_a25_b10_c50_v5.col,25,10,50,5,789,764,50.6,0.4,0.37577,0.0105
galaxy_a25_b10_c60_v1.col,25,10,60,1,814,789,60.0,0.0,0.39031,0.0804
galaxy_a25_b10_c60_v2.col,25,10,60,2,882,857,61.4,0.2449,0.40574,0.0388
galaxy_a25_b10_c60_v3.col,25,10,60,3,865,840,61.0,0.0,0.33285,0.025
galaxy_a25_b10_c60_v4.col,25,10,60,4,913,888,61.0,0.0,0.51798,0.0842
galaxy_a25_b10_c60_v5.col,25,10,60,5,887,862,60.4,0.2449,0.37517,0.0358
galaxy_a25_b10_c70_v1.col,25,10,70,1,1030,1005,71.0,0.0,0.44936,0.0382
galaxy_a25_b10_c70_v2.col,25,10,70,2,1013,988,69.0,0.3162,0.65682,0.1307
galaxy_a25_b10_c70_v3.col,25,10,70,3,1028,1003,68.2,0.2,0.49382,0.0386
galaxy_a25_b10_c70_v4.col,25,10,70,4,1004,979,71.0,0.0,0.4778,0.0589
galaxy_a25_b10_c70_v5.col,25,10,70,5,949,924,65.0,0.0,0.43699,0.0319
galaxy_a25_b10_c80_v1.col,25,10,80,1,1071,1046,78.0,0.0,0.36783,0.0153
galaxy_a25_b10_c80_v2.col,25,10,80,2,1275,1250,79.2,0.2,0.8942,0.1652
galaxy_a25_b10_c80_v3.col,25,10,80,3,1339,1314,82.0,0.0,0.94805,0.1246
galaxy_a25_b10_c80_v4.col,25,10,80,4,1099,1074,81.0,0.0,0.54988,0.0452
galaxy_a25_b10_c80_v5.col,25,10,80,5,1277,1252,74.2,0.4899,1.10558,0.1802
galaxy_a25_b10_c90_v1.col,25,10,90,1,1220,1195,90.0,0.0,0.42115,0.0017
galaxy_a25_b10_c90_v2.col,25,10,90,2,1128,1103,79.0,0.0,0.4511,0.0688
galaxy_a25_b10_c90_v3.col,25,10,90,3,1201,1176,91.0,0.0,0.46737,0.0182
galaxy_a25_b10_c90_v4.col,25,10,90,4,1077,1052,89.0,0.0,0.26748,0.0122
galaxy_a25_b10_c90_v5.col,25,10,90,5,1435,1410,90.0,0.0,0.69646,0.0704
galaxy_a30_b10_c100_v1.col,30,10,100,1,1837,1807,100.0,0.0,1.23279,0.1117
galaxy_a30_b10_c100_v2.col,30,10,100,2,1411,1381,83.2,0.2,0.75497,0.0838
galaxy_a30_b10_c100_v3.col,30,10,100,3,1687,1657,97.0,0.0,0.75845,0.0647
galaxy_a30_b10_c100_v4.col,30,10,100,4,1489,1459,101.0,0.0,0.62406,0.0345
galaxy_a30_b10_c100_v5.col,30,10,100,5,1571,1541,101.0,0.0,0.56475,0.023
galaxy_a30_b10_c20_v1.col,30,10,20,1,479,449,39.2,0.5831,0.27595,0.0675
galaxy_a30_b10_c20_v2.col,30,10,20,2,494,464,40.6,0.5099,0.16141,0.0066
galaxy_a30_b10_c20_v3.col,30,10,20,3,492,462,39.8,0.3742,0.16683,0.0147
galaxy_a30_b10_c20_v4.col,30,10,20,4,497,467,41.2,0.3742,0.15169,0.0072
galaxy_a30_b10_c20_v5.col,30,10,20,5,468,438,39.2,0.4899,0.16919,0.0143
galaxy_a30_b10_c30_v1.col,30,10,30,1,561,531,41.2,0.3742,0.22261,0.0223
galaxy_a30_b10_c30_v2.col,30,10,30,2,623,593,42.2,0.3742,0.27387,0.0359
galaxy_a30_b10_c30_v3.col,30,10,30,3,609,579,41.4,0.7483,0.32584,0.0565
galaxy_a30_b10_c30_v4.col,30,10,30,4,621,591,41.6,0.4,0.35152,0.0236
galaxy_a30_b10_c30_v5.col,30,10,30,5,600,570,41.2,0.2,0.28826,0.0113
galaxy_a30_b10_c40_v1.col,30,10,40,1,839,809,48.2,0.4899,0.63377,0.0498
galaxy_a30_b10_c40_v2.col,30,10,40,2,786,756,48.8,0.5831,0.41254,0.0409
galaxy_a30_b10_c40_v3.col,30,10,40,3,840,810,48.8,0.3742,0.61631,0.0553
galaxy_a30_b10_c40_v4.col,30,10,40,4,677,647,43.0,0.3162,0.40822,0.0173
galaxy_a30_b10_c40_v5.col,30,10,40,5,745,715,46.0,0.7746,0.44715,0.0527
galaxy_a30_b10_c50_v1.col,30,10,50,1,984,954,55.8,0.5831,0.71538,0.1274
galaxy_a30_b10_c50_v2.col,30,10,50,2,856,826,51.0,0.3162,0.47468,0.038
galaxy_a30_b10_c50_v3.col,30,10,50,3,992,962,57.0,0.4472,0.77844,0.1027
galaxy_a30_b10_c50_v4.col,30,10,50,4,973,943,54.6,0.4,0.75367,0.1222
galaxy_a30_b10_c50_v5.col,30,10,50,5,922,892,53.6,0.2449,0.58899,0.0395
galaxy_a30_b10_c60_v1.col,30,10,60,1,1088,1058,61.0,0.0,0.78725,0.0567
galaxy_a30_b10_c60_v2.col,30,10,60,2,1115,1085,64.8,0.3742,0.88316,0.0735
galaxy_a30_b10_c60_v3.col,30,10,60,3,1104,1074,62.0,0.3162,0.81337,0.0518
galaxy_a30_b10_c60_v4.col,30,10,60,4,936,906,61.0,0.0,0.38199,0.087
galaxy_a30_b10_c60_v5.col,30,10,60,5,1075,1045,60.6,0.2449,0.72867,0.0714
galaxy_a30_b10_c70_v1.col,30,10,70,1,1148,1118,71.0,0.0,0.54164,0.0773
galaxy_a30_b10_c70_v2.col,30,10,70,2,1132,1102,70.0,0.0,0.60628,0.0423
galaxy_a30_b10_c70_v3.col,30,10,70,3,1318,1288,72.0,0.5477,0.99126,0.109
galaxy_a30_b10_c70_v4.col,30,10,70,4,1123,1093,72.8,0.2,0.54842,0.0355
galaxy_a30_b10_c70_v5.col,30,10,70,5,1182,1152,71.0,0.0,0.65082,0.0975
galaxy_a30_b10_c80_v1.col,30,10,80,1,1403,1373,81.0,0.0,0.57785,0.018
galaxy_a30_b10_c80_v2.col,30,10,80,2,1432,1402,83.6,0.4,1.03225,0.0681
galaxy_a30_b10_c80_v3.col,30,10,80,3,1220,1190,79.0,0.0,0.42356,0.0116
galaxy_a30_b10_c80_v4.col,30,10,80,4,1515,1485,81.2,0.3742,1.33604,0.2218
galaxy_a30_b10_c80_v5.col,30,10,80,5,1360,1330,74.6,0.5099,1.04015,0.1544
galaxy_a30_b10_c90_v1.col,30,10,90,1,1608,1578,92.2,0.2,1.09758,0.0948
galaxy_a30_b10_c90_v2.col,30,10,90,2,1408,1378,86.0,0.0,0.5712,0.0196
galaxy_a30_b10_c90_v3.col,30,10,90,3,1498,1468,91.0,0.0,0.82925,0.0745
galaxy_a30_b10_c90_v4.col,30,10,90,4,1863,1833,92.0,0.5477,1.97903,0.1897
galaxy_a30_b10_c90_v5.col,30,10,90,5,1520,1490,91.0,0.0,0.75477,0.0844
galaxy_a35_b10_c100_v1.col,35,10,100,1,1935,1900,101.0,0.0,1.32591,0.163
galaxy_a35_b10_c100_v2.col,35,10,100,2,1868,1833,101.0,0.0,0.99561,0.0694
galaxy_a35_b10_c100_v3.col,35,10,100,3,1678,1643,93.4,0.4,1.35146,0.1693
galaxy_a35_b10_c100_v4.col,35,10,100,4,2167,2132,102.8,0.3742,2.65742,0.4016
galaxy_a35_b10_c100_v5.col,35,10,100,5,1803,1768,101.0,0.0,0.92916,0.0766
galaxy_a35_b10_c20_v1.col,35,10,20,1,556,521,44.6,0.4,0.2462,0.0222
galaxy_a35_b10_c20_v2.col,35,10,20,2,551,516,44.2,0.3742,0.1931,0.0227
galaxy_a35_b10_c20_v3.col,35,10,20,3,533,498,44.8,0.3742,0.19016,0.025
galaxy_a35_b10_c20_v4.col,35,10,20,4,534,499,44.0,0.5477,0.29726,0.0646
galaxy_a35_b10_c20_v5.col,35,10,20,5,527,492,42.8,0.5831,0.22854,0.0287
galaxy_a35_b10_c30_v1.col,35,10,30,1,743,708,47.4,0.6,0.40488,0.039
galaxy_a35_b10_c30_v2.col,35,10,30,2,728,693,47.2,0.2,0.47517,0.0899
galaxy_a35_b10_c30_v3.col,35,10,30,3,764,729,48.0,0.6325,0.35629,0.0136
galaxy_a35_b10_c30_v4.col,35,10,30,4,731,696,47.8,0.5831,0.40594,0.0479
galaxy_a35_b10_c30_v5.col,35,10,30,5,723,688,47.2,0.6633,0.46834,0.0928
galaxy_a35_b10_c40_v1.col,35,10,40,1,996,961,53.8,0.8,0.7009,0.0792
galaxy_a35_b10_c40_v2.col,35,10,40,2,927,892,53.2,0.3742,0.57331,0.0696
galaxy_a35_b10_c40_v3.col,35,10,40,3,930,895,52.4,0.4,0.58331,0.0387
galaxy_a35_b10_c40_v4.col,35,10,40,4,875,840,50.4,0.6782,0.55535,0.039
galaxy_a35_b10_c40_v5.col,35,10,40,5,766,731,46.8,0.2,0.4578,0.039
galaxy_a35_b10_c50_v1.col,35,10,50,1,1115,1080,58.8,0.3742,0.83595,0.0759
galaxy_a35_b10_c50_v2.col,35,10,50,2,1186,1151,59.6,0.6782,1.08327,0.1299
galaxy_a35_b10_c50_v3.col,35,10,50,3,1150,1115,58.6,0.8718,1.09445,0.081
galaxy_a35_b10_c50_v4.col,35,10,50,4,1074,1039,54.4,0.2449,0.94414,0.0777
galaxy_a35_b10_c50_v5.col,35,10,50,5,1084,1049,56.6,0.7483,0.81092,0.0831
galaxy_a35_b10_c60_v1.col,35,10,60,1,1295,1260,64.2,0.4899,1.45972,0.1402
galaxy_a35_b10_c60_v2.col,35,10,60,2,1199,1164,61.0,0.6325,1.00188,0.1113
galaxy_a35_b10_c60_v3.col,35,10,60,3,1270,1235,62.8,0.8,1.0337,0.0877
galaxy_a35_b10_c60_v4.col,35,10,60,4,1259,1224,63.4,0.5099,1.07862,0.0747
galaxy_a35_b10_c60_v5.col,35,10,60,5,1205,1170,61.0,0.7071,1.16484,0.1098
galaxy_a35_b10_c70_v1.col,35,10,70,1,1521,1486,73.6,0.4,1.53106,0.1435
galaxy_a35_b10_c70_v2.col,35,10,70,2,1394,1359,68.4,0.6782,1.29502,0.1343
galaxy_a35_b10_c70_v3.col,35,10,70,3,1415,1380,70.8,0.3742,1.29168,0.0732
galaxy_a35_b10_c70_v4.col,35,10,70,4,1389,1354,74.4,0.5099,1.13592,0.1346
galaxy_a35_b10_c70_v5.col,35,10,70,5,1323,1288,70.8,0.5831,0.85885,0.0809
galaxy_a35_b10_c80_v1.col,35,10,80,1,1668,1633,82.2,0.3742,1.48532,0.1153
galaxy_a35_b10_c80_v2.col,35,10,80,2,1491,1456,79.2,0.4899,1.38367,0.1897
galaxy_a35_b10_c80_v3.col,35,10,80,3,1628,1593,83.4,0.5099,1.58065,0.1591
galaxy_a35_b10_c80_v4.col,35,10,80,4,1451,1416,79.0,0.0,0.76433,0.082
galaxy_a35_b10_c80_v5.col,35,10,80,5,1571,1536,84.0,0.8944,1.25276,0.1269
galaxy_a35_b10_c90_v1.col,35,10,90,1,1716,1681,90.2,0.2,1.31735,0.1107
galaxy_a35_b10_c90_v2.col,35,10,90,2,1608,1573,90.0,0.0,0.78119,0.0275
galaxy_a35_b10_c90_v3.col,35,10,90,3,1390,1355,86.0,0.0,0.57068,0.0688
galaxy_a35_b10_c90_v4.col,35,10,90,4,1729,1694,91.0,0.0,1.19254,0.0972
galaxy_a35_b10_c90_v5.col,35,10,90,5,1924,1889,91.4,0.2449,1.94965,0.3172
galaxy_a40_b10_c100_v1.col,40,10,100,1,2441,2401,105.8,0.3742,3.17325,0.4388
galaxy_a40_b10_c100_v2.col,40,10,100,2,2316,2276,99.8,0.3742,2.79572,0.2322
galaxy_a40_b10_c100_v3.col,40,10,100,3,2184,2144,103.4,0.6782,2.16237,0.1876
galaxy_a40_b10_c100_v4.col,40,10,100,4,2262,2222,100.4,0.4,2.39132,0.1318
galaxy_a40_b10_c100_v5.col,40,10,100,5,2104,2064,101.4,0.2449,2.13321,0.2392
galaxy_a40_b10_c20_v1.col,40,10,20,1,637,597,50.4,0.2449,0.27334,0.0638
galaxy_a40_b10_c20_v2.col,40,10,20,2,642,602,49.2,0.3742,0.284,0.0266
galaxy_a40_b10_c20_v3.col,40,10,20,3,623,583,49.8,0.3742,0.22648,0.0249
galaxy_a40_b10_c20_v4.col,40,10,20,4,666,626,50.2,0.3742,0.27778,0.0348
galaxy_a40_b10_c20_v5.col,40,10,20,5,636,596,48.2,0.4899,0.40745,0.0904
galaxy_a40_b10_c30_v1.col,40,10,30,1,797,757,51.4,0.2449,0.4685,0.0082
galaxy_a40_b10_c30_v2.col,40,10,30,2,799,759,51.0,0.5477,0.47638,0.0514
galaxy_a40_b10_c30_v3.col,40,10,30,3,788,748,52.0,0.3162,0.48496,0.0696
galaxy_a40_b10_c30_v4.col,40,10,30,4,824,784,52.4,0.5099,0.37022,0.0147
galaxy_a40_b10_c30_v5.col,40,10,30,5,889,849,52.2,0.3742,0.64096,0.0876
galaxy_a40_b10_c40_v1.col,40,10,40,1,1053,1013,56.0,0.7071,0.68173,0.0502
galaxy_a40_b10_c40_v2.col,40,10,40,2,1028,988,55.6,1.0296,0.7421,0.1272
galaxy_a40_b10_c40_v3.col,40,10,40,3,1089,1049,58.0,0.4472,0.81368,0.0879
galaxy_a40_b10_c40_v4.col,40,10,40,4,978,938,53.8,0.7348,0.70146,0.0476
galaxy_a40_b10_c40_v5.col,40,10,40,5,1053,1013,55.6,0.5099,0.89768,0.052
galaxy_a40_b10_c50_v1.col,40,10,50,1,1176,1136,58.2,0.8,1.02645,0.1086
galaxy_a40_b10_c50_v2.col,40,10,50,2,1276,1236,62.0,0.8367,1.08892,0.0577
galaxy_a40_b10_c50_v3.col,40,10,50,3,1278,1238,62.2,1.241,0.97607,0.1433
galaxy_a40_b10_c50_v4.col,40,10,50,4,1208,1168,58.6,0.9274,1.1679,0.1507
galaxy_a40_b10_c50_v5.col,40,10,50,5,1354,1314,63.0,0.5477,1.52985,0.095
galaxy_a40_b10_c60_v1.col,40,10,60,1,1561,1521,71.4,0.6782,1.65387,0.1375
galaxy_a40_b10_c60_v2.col,40,10,60,2,1399,1359,65.8,0.9695,1.37983,0.1498
galaxy_a40_b10_c60_v3.col,40,10,60,3,1409,1369,66.4,0.4,1.31483,0.1993
galaxy_a40_b10_c60_v4.col,40,10,60,4,1484,1444,68.6,1.3266,1.37123,0.176
galaxy_a40_b10_c60_v5.col,40,10,60,5,1377,1337,66.8,0.8602,1.01937,0.1169
galaxy_a40_b10_c70_v1.col,40,10,70,1,1551,1511,73.0,0.7071,1.4307,0.1045
galaxy_a40_b10_c70_v2.col,40,10,70,2,1571,1531,71.2,0.5831,1.58877,0.0889
galaxy_a40_b10_c70_v3.col,40,10,70,3,1643,1603,75.8,0.8602,1.56708,0.1257
galaxy_a40_b10_c70_v4.col,40,10,70,4,1441,1401,72.2,0.3742,1.18746,0.075
galaxy_a40_b10_c70_v5.col,40,10,70,5,1662,1622,73.6,0.7483,1.78369,0.0834
galaxy_a40_b10_c80_v1.col,40,10,80,1,2093,2053,87.6,1.0296,2.82596,0.3649
galaxy_a40_b10_c80_v2.col,40,10,80,2,1859,1819,82.8,0.6633,2.36604,0.1421
galaxy_a40_b10_c80_v3.col,40,10,80,3,1771,1731,82.8,0.9165,1.89788,0.2387
galaxy_a40_b10_c80_v4.col,40,10,80,4,1736,1696,79.8,0.2,1.81236,0.1344
galaxy_a40_b10_c80_v5.col,40,10,80,5,1864,1824,84.4,0.8124,1.86247,0.1436
galaxy_a40_b10_c90_v1.col,40,10,90,1,2157,2117,92.6,0.2449,2.38513,0.1666
galaxy_a40_b10_c90_v2.col,40,10,90,2,2012,1972,94.8,0.6633,2.09982,0.2362
galaxy_a40_b10_c90_v3.col,40,10,90,3,1918,1878,91.4,0.2449,1.77764,0.11
galaxy_a40_b10_c90_v4.col,40,10,90,4,1937,1897,89.4,0.2449,1.62955,0.1283
galaxy_a40_b10_c90_v5.col,40,10,90,5,2098,2058,91.4,0.2449,2.75162,0.191
galaxy_a45_b10_c100_v1.col,45,10,100,1,2601,2556,104.2,0.9695,3.37488,0.3682
galaxy_a45_b10_c100_v2.col,45,10,100,2,2498,2453,100.8,0.8,3.2655,0.2003
galaxy_a45_b10_c100_v3.col,45,10,100,3,2530,2485,104.2,0.5831,3.73542,0.2421
galaxy_a45_b10_c100_v4.col,45,10,100,4,2621,2576,102.8,0.8602,3.69663,0.4818
galaxy_a45_b10_c100_v5.col,45,10,100,5,2454,2409,100.8,0.6633,3.81388,0.2744
galaxy_a45_b10_c20_v1.col,45,10,20,1,716,671,53.8,0.4899,0.4328,0.06
galaxy_a45_b10_c20_v2.col,45,10,20,2,701,656,54.2,0.5831,0.30938,0.0421
galaxy_a45_b10_c20_v3.col,45,10,20,3,730,685,54.0,0.3162,0.40731,0.0265
galaxy_a45_b10_c20_v4.col,45,10,20,4,707,662,53.6,0.2449,0.39198,0.0931
galaxy_a45_b10_c20_v5.col,45,10,20,5,712,667,53.2,0.6633,0.37378,0.052
galaxy_a45_b10_c30_v1.col,45,10,30,1,933,888,56.0,0.4472,0.67625,0.0748
galaxy_a45_b10_c30_v2.col,45,10,30,2,945,900,57.0,0.7071,0.50845,0.0378
galaxy_a45_b10_c30_v3.col,45,10,30,3,901,856,57.0,0.7071,0.48253,0.0424
galaxy_a45_b10_c30_v4.col,45,10,30,4,899,854,55.2,0.5831,0.57272,0.0553
galaxy_a45_b10_c30_v5.col,45,10,30,5,994,949,57.0,0.9487,0.80531,0.0947
galaxy_a45_b10_c40_v1.col,45,10,40,1,1267,1222,62.8,0.9165,1.17238,0.0696
galaxy_a45_b10_c40_v2.col,45,10,40,2,1309,1264,62.8,0.3742,1.28867,0.1691
galaxy_a45_b10_c40_v3.col,45,10,40,3,1162,1117,60.4,1.4697,0.93779,0.1249
galaxy_a45_b10_c40_v4.col,45,10,40,4,1140,1095,59.6,0.5099,0.87761,0.1393
galaxy_a45_b10_c40_v5.col,45,10,40,5,1178,1133,60.2,1.2806,0.94196,0.1266
galaxy_a45_b10_c50_v1.col,45,10,50,1,1467,1422,66.2,0.5831,1.4461,0.0746
galaxy_a45_b10_c50_v2.col,45,10,50,2,1385,1340,65.4,0.8124,1.29836,0.156
galaxy_a45_b10_c50_v3.col,45,10,50,3,1430,1385,65.6,0.2449,1.33776,0.1485
galaxy_a45_b10_c50_v4.col,45,10,50,4,1386,1341,65.0,0.3162,1.47936,0.1045
galaxy_a45_b10_c50_v5.col,45,10,50,5,1300,1255,60.6,0.5099,1.15011,0.0904
galaxy_a45_b10_c60_v1.col,45,10,60,1,1781,1736,75.2,0.4899,1.78813,0.2437
galaxy_a45_b10_c60_v2.col,45,10,60,2,1659,1614,72.2,0.7348,1.90932,0.191
galaxy_a45_b10_c60_v3.col,45,10,60,3,1552,1507,70.6,1.1225,1.24736,0.1427
galaxy_a45_b10_c60_v4.col,45,10,60,4,1711,1666,72.8,0.5831,1.92038,0.2329
galaxy_a45_b10_c60_v5.col,45,10,60,5,1572,1527,68.8,0.9695,1.64416,0.1215
galaxy_a45_b10_c70_v1.col,45,10,70,1,1662,1617,71.6,0.2449,1.55078,0.1504
galaxy_a45_b10_c70_v2.col,45,10,70,2,1876,1831,78.0,1.1402,2.1703,0.12
galaxy_a45_b10_c70_v3.col,45,10,70,3,1690,1645,71.8,0.7348,1.91998,0.1629
galaxy_a45_b10_c70_v4.col,45,10,70,4,1826,1781,76.2,0.9695,2.29675,0.1363
galaxy_a45_b10_c70_v5.col,45,10,70,5,1821,1776,76.4,1.5684,2.01171,0.2314
galaxy_a45_b10_c80_v1.col,45,10,80,1,2167,2122,85.4,0.4,3.20443,0.2247
galaxy_a45_b10_c80_v2.col,45,10,80,2,2298,2253,89.8,1.9079,3.19206,0.2811
galaxy_a45_b10_c80_v3.col,45,10,80,3,2089,2044,87.4,1.2083,2.25899,0.2321
galaxy_a45_b10_c80_v4.col,45,10,80,4,2035,1990,86.2,0.5831,2.16555,0.1765
galaxy_a45_b10_c80_v5.col,45,10,80,5,2364,2319,90.4,1.631,3.70804,0.5836
galaxy_a45_b10_c90_v1.col,45,10,90,1,2249,2204,91.4,0.8124,3.43321,0.3346
galaxy_a45_b10_c90_v2.col,45,10,90,2,2216,2171,93.0,0.7071,2.67846,0.2498
galaxy_a45_b10_c90_v3.col,45,10,90,3,2472,2427,96.4,0.5099,3.9158,0.2655
galaxy_a45_b10_c90_v4.col,45,10,90,4,2279,2234,92.4,0.5099,2.26548,0.1604
galaxy_a45_b10_c90_v5.col,45,10,90,5,2600,2555,98.8,0.5831,4.00633,0.3251
galaxy_a50_b10_c100_v1.col,50,10,100,1,2731,2681,104.0,0.3162,4.59706,0.3556
galaxy_a50_b10_c100_v2.col,50,10,100,2,2773,2723,105.0,0.5477,5.18266,0.3721
galaxy_a50_b10_c100_v3.col,50,10,100,3,3163,3113,109.4,1.1225,4.69767,0.547
galaxy_a50_b10_c100_v4.col,50,10,100,4,2923,2873,104.2,1.3191,6.11217,0.4323
galaxy_a50_b10_c100_v5.col,50,10,100,5,3016,2966,106.8,0.8602,5.13386,0.556
galaxy_a50_b10_c20_v1.col,50,10,20,1,807,757,57.8,0.7348,0.50977,0.0675
galaxy_a50_b10_c20_v2.col,50,10,20,2,816,766,59.2,0.4899,0.45371,0.0454
galaxy_a50_b10_c20_v3.col,50,10,20,3,775,725,58.8,0.5831,0.3579,0.0517
galaxy_a50_b10_c20_v4.col,50,10,20,4,822,772,60.2,0.2,0.37294,0.0244
galaxy_a50_b10_c20_v5.col,50,10,20,5,806,756,58.2,0.5831,0.48413,0.111
galaxy_a50_b10_c30_v1.col,50,10,30,1,1116,1066,63.8,0.3742,0.71198,0.0424
galaxy_a50_b10_c30_v2.col,50,10,30,2,1005,955,60.6,0.5099,0.61,0.0843
galaxy_a50_b10_c30_v3.col,50,10,30,3,1080,1030,63.0,0.3162,0.62839,0.0521
galaxy_a50_b10_c30_v4.col,50,10,30,4,1122,1072,62.4,0.5099,0.90048,0.1275
galaxy_a50_b10_c30_v5.col,50,10,30,5,1007,957,59.6,0.2449,0.82043,0.0778
galaxy_a50_b10_c40_v1.col,50,10,40,1,1380,1330,66.8,0.9165,1.31959,0.0778
galaxy_a50_b10_c40_v2.col,50,10,40,2,1264,1214,64.0,0.7071,0.88392,0.0678
galaxy_a50_b10_c40_v3.col,50,10,40,3,1256,1206,63.6,0.5099,1.16964,0.1652
galaxy_a50_b10_c40_v4.col,50,10,40,4,1222,1172,62.8,0.3742,0.94604,0.1154
galaxy_a50_b10_c40_v5.col,50,10,40,5,1325,1275,65.0,1.1402,1.08967,0.1744
galaxy_a50_b10_c50_v1.col,50,10,50,1,1551,1501,69.2,0.5831,1.68529,0.069
galaxy_a50_b10_c50_v2.col,50,10,50,2,1604,1554,70.6,1.2083,1.62341,0.1599
galaxy_a50_b10_c50_v3.col,50,10,50,3,1465,1415,66.2,0.5831,1.34551,0.0927
galaxy_a50_b10_c50_v4.col,50,10,50,4,1584,1534,70.2,0.2,1.70812,0.1349
galaxy_a50_b10_c50_v5.col,50,10,50,5,1487,1437,66.8,0.5831,1.49007,0.0864
galaxy_a50_b10_c60_v1.col,50,10,60,1,1723,1673,72.8,1.0198,1.78195,0.1966
galaxy_a50_b10_c60_v2.col,50,10,60,2,1678,1628,71.2,0.8602,1.66787,0.2647
galaxy_a50_b10_c60_v3.col,50,10,60,3,1704,1654,71.8,1.1136,2.07603,0.1401
galaxy_a50_b10_c60_v4.col,50,10,60,4,1865,1815,77.2,1.2806,2.17984,0.2793
galaxy_a50_b10_c60_v5.col,50,10,60,5,1654,1604,70.8,1.3928,1.73936,0.2034
galaxy_a50_b10_c70_v1.col,50,10,70,1,2249,2199,85.4,1.1662,3.27159,0.116
galaxy_a50_b10_c70_v2.col,50,10,70,2,1898,1848,77.4,1.5362,2.85034,0.3733
galaxy_a50_b10_c70_v3.col,50,10,70,3,2197,2147,84.4,0.8124,2.66461,0.156
galaxy_a50_b10_c70_v4.col,50,10,70,4,2096,2046,81.4,1.2884,3.13388,0.2074
galaxy_a50_b10_c70_v5.col,50,10,70,5,1948,1898,79.8,0.5831,2.08645,0.1541
galaxy_a50_b10_c80_v1.col,50,10,80,1,2476,2426,93.4,0.8718,3.37215,0.1787
galaxy_a50_b10_c80_v2.col,50,10,80,2,2285,2235,86.4,0.8718,3.28106,0.3267
galaxy_a50_b10_c80_v3.col,50,10,80,3,2263,2213,87.2,0.5831,3.15644,0.0869
galaxy_a50_b10_c80_v4.col,50,10,80,4,2134,2084,83.8,0.5831,2.61792,0.1654
galaxy_a50_b10_c80_v5.col,50,10,80,5,2318,2268,87.0,0.7071,3.72574,0.3569
galaxy_a50_b10_c90_v1.col,50,10,90,1,2469,2419,93.2,0.5831,3.67462,0.2532
galaxy_a50_b10_c90_v2.col,50,10,90,2,2475,2425,93.4,0.8718,3.53543,0.3431
galaxy_a50_b10_c90_v3.col,50,10,90,3,2566,2516,96.0,0.3162,4.25136,0.5148
galaxy_a50_b10_c90_v4.col,50,10,90,4,2559,2509,98.8,1.5297,3.33675,0.3368
galaxy_a50_b10_c90_v5.col,50,10,90,5,2452,2402,92.2,0.5831,3.51966,0.3969
galaxy_a55_b10_c100_v1.col,55,10,100,1,2941,2886,103.4,0.8124,4.63872,0.4704
galaxy_a55_b10_c100_v2.col,55,10,100,2,3117,3062,105.8,1.1136,6.59267,0.6123
galaxy_a55_b10_c100_v3.col,55,10,100,3,2565,2510,102.0,0.4472,3.17062,0.1865
galaxy_a55_b10_c100_v4.col,55,10,100,4,2939,2884,106.4,1.3266,4.46607,0.2134
galaxy_a55_b10_c100_v5.col,55,10,100,5,3257,3202,110.4,0.9274,6.55463,0.5458
galaxy_a55_b10_c20_v1.col,55,10,20,1,889,834,63.6,1.0296,0.50034,0.0849
galaxy_a55_b10_c20_v2.col,55,10,20,2,927,872,65.0,0.4472,0.48072,0.0503
galaxy_a55_b10_c20_v3.col,55,10,20,3,895,840,64.8,0.3742,0.48112,0.0886
galaxy_a55_b10_c20_v4.col,55,10,20,4,885,830,64.0,0.6325,0.53819,0.0823
galaxy_a55_b10_c20_v5.col,55,10,20,5,909,854,65.2,0.6633,0.51087,0.1102
galaxy_a55_b10_c30_v1.col,55,10,30,1,1187,1132,68.2,1.0198,0.77347,0.0585
galaxy_a55_b10_c30_v2.col,55,10,30,2,1143,1088,66.0,0.5477,0.91369,0.0869
galaxy_a55_b10_c30_v3.col,55,10,30,3,1146,1091,66.4,0.2449,0.98695,0.1078
galaxy_a55_b10_c30_v4.col,55,10,30,4,1163,1108,66.6,1.1225,1.0194,0.1552
galaxy_a55_b10_c30_v5.col,55,10,30,5,1102,1047,65.4,0.5099,0.59184,0.0545
galaxy_a55_b10_c40_v1.col,55,10,40,1,1455,1400,70.0,1.0488,1.6694,0.162
galaxy_a55_b10_c40_v2.col,55,10,40,2,1494,1439,70.4,0.6782,1.46643,0.0989
galaxy_a55_b10_c40_v3.col,55,10,40,3,1404,1349,68.2,0.3742,1.16709,0.1157
galaxy_a55_b10_c40_v4.col,55,10,40,4,1498,1443,71.4,0.7483,1.21751,0.1478
galaxy_a55_b10_c40_v5.col,55,10,40,5,1446,1391,68.6,1.1662,1.3891,0.1429
galaxy_a55_b10_c50_v1.col,55,10,50,1,1618,1563,72.2,0.5831,1.63419,0.1537
galaxy_a55_b10_c50_v2.col,55,10,50,2,1976,1921,80.2,1.2,2.38658,0.2901
galaxy_a55_b10_c50_v3.col,55,10,50,3,1661,1606,74.8,1.1136,1.50183,0.125
galaxy_a55_b10_c50_v4.col,55,10,50,4,1733,1678,74.6,0.7483,1.90453,0.2832
galaxy_a55_b10_c50_v5.col,55,10,50,5,1798,1743,76.4,0.9798,1.81565,0.1961
galaxy_a55_b10_c60_v1.col,55,10,60,1,2028,1973,80.0,1.0,2.14128,0.2944
galaxy_a55_b10_c60_v2.col,55,10,60,2,1905,1850,78.4,0.7483,1.88319,0.1729
galaxy_a55_b10_c60_v3.col,55,10,60,3,1938,1883,75.2,1.5297,2.67314,0.2209
galaxy_a55_b10_c60_v4.col,55,10,60,4,2299,2244,88.6,0.6782,2.56913,0.2935
galaxy_a55_b10_c60_v5.col,55,10,60,5,1836,1781,75.6,1.7776,2.02187,0.2959
galaxy_a55_b10_c70_v1.col,55,10,70,1,1987,1932,78.6,1.077,3.26521,0.2903
galaxy_a55_b10_c70_v2.col,55,10,70,2,2107,2052,82.0,1.0,2.62834,0.1231
galaxy_a55_b10_c70_v3.col,55,10,70,3,2553,2498,91.0,0.9487,3.83229,0.4832
galaxy_a55_b10_c70_v4.col,55,10,70,4,2152,2097,82.0,1.7889,2.73076,0.4601
galaxy_a55_b10_c70_v5.col,55,10,70,5,2260,2205,84.4,0.8124,3.00674,0.0982
galaxy_a55_b10_c80_v1.col,55,10,80,1,2705,2650,95.0,0.9487,4.47368,0.5259
galaxy_a55_b10_c80_v2.col,55,10,80,2,2820,2765,99.6,1.3266,5.29498,0.3207
galaxy_a55_b10_c80_v3.col,55,10,80,3,2714,2659,95.6,1.2083,4.0422,0.4219
galaxy_a55_b10_c80_v4.col,55,10,80,4,2407,2352,89.6,1.4697,3.02051,0.4844
galaxy_a55_b10_c80_v5.col,55,10,80,5,2663,2608,93.6,1.2083,4.26213,0.4255
galaxy_a55_b10_c90_v1.col,55,10,90,1,2859,2804,98.0,0.4472,5.8119,0.1232
galaxy_a55_b10_c90_v2.col,55,10,90,2,2907,2852,101.0,1.7889,4.308,0.4414
galaxy_a55_b10_c90_v3.col,55,10,90,3,3004,2949,102.2,1.772,6.02309,1.0754
galaxy_a55_b10_c90_v4.col,55,10,90,4,2937,2882,101.6,1.3638,5.19468,0.9403
galaxy_a55_b10_c90_v5.col,55,10,90,5,2814,2759,97.8,0.8602,5.56773,0.6628
galaxy_a60_b10_c100_v1.col,60,10,100,1,3200,3140,107.0,1.1402,6.82678,0.4627
galaxy_a60_b10_c100_v2.col,60,10,100,2,3438,3378,109.2,2.3537,7.23812,0.5364
galaxy_a60_b10_c100_v3.col,60,10,100,3,3252,3192,106.6,1.4,6.2272,0.491
galaxy_a60_b10_c100_v4.col,60,10,100,4,3296,3236,108.4,1.6912,5.61261,0.7121
galaxy_a60_b10_c100_v5.col,60,10,100,5,3338,3278,110.6,1.1225,6.44129,0.621
galaxy_a60_b10_c20_v1.col,60,10,20,1,933,873,68.2,0.3742,0.49525,0.0362
galaxy_a60_b10_c20_v2.col,60,10,20,2,981,921,69.0,0.6325,0.62511,0.1008
galaxy_a60_b10_c20_v3.col,60,10,20,3,932,872,69.0,0.7071,0.49238,0.0599
galaxy_a60_b10_c20_v4.col,60,10,20,4,927,867,69.0,0.4472,0.56065,0.0761
galaxy_a60_b10_c20_v5.col,60,10,20,5,950,890,68.4,0.6782,0.50383,0.0596
galaxy_a60_b10_c30_v1.col,60,10,30,1,1318,1258,73.8,1.0198,0.95626,0.1473
galaxy_a60_b10_c30_v2.col,60,10,30,2,1350,1290,73.4,1.5033,1.07044,0.2018
galaxy_a60_b10_c30_v3.col,60,10,30,3,1229,1169,70.8,0.5831,0.77284,0.0953
galaxy_a60_b10_c30_v4.col,60,10,30,4,1259,1199,70.8,0.5831,1.08332,0.1071
galaxy_a60_b10_c30_v5.col,60,10,30,5,1360,1300,73.4,0.5099,1.13558,0.0705
galaxy_a60_b10_c40_v1.col,60,10,40,1,1500,1440,73.8,0.3742,1.30061,0.1099
galaxy_a60_b10_c40_v2.col,60,10,40,2,1423,1363,72.8,0.4899,1.10089,0.1112
galaxy_a60_b10_c40_v3.col,60,10,40,3,1643,1583,77.0,1.5166,1.5827,0.2241
galaxy_a60_b10_c40_v4.col,60,10,40,4,1528,1468,73.6,0.6782,1.3218,0.0935
galaxy_a60_b10_c40_v5.col,60,10,40,5,1630,1570,77.4,0.8718,1.50503,0.2563
galaxy_a60_b10_c50_v1.col,60,10,50,1,1860,1800,77.4,0.6,2.23695,0.1102
galaxy_a60_b10_c50_v2.col,60,10,50,2,1889,1829,77.6,1.1662,2.52621,0.2069
galaxy_a60_b10_c50_v3.col,60,10,50,3,1822,1762,76.2,0.8,2.21268,0.2955
galaxy_a60_b10_c50_v4.col,60,10,50,4,1677,1617,73.8,1.1576,2.04378,0.2014
galaxy_a60_b10_c50_v5.col,60,10,50,5,1893,1833,79.8,1.1136,1.86414,0.1651
galaxy_a60_b10_c60_v1.col,60,10,60,1,2040,1980,84.2,0.6633,1.87402,0.1687
galaxy_a60_b10_c60_v2.col,60,10,60,2,2223,2163,84.2,1.5297,2.99465,0.547
galaxy_a60_b10_c60_v3.col,60,10,60,3,2131,2071,82.4,1.2083,2.50071,0.3021
galaxy_a60_b10_c60_v4.col,60,10,60,4,2304,2244,84.6,1.3266,2.99734,0.3202
galaxy_a60_b10_c60_v5.col,60,10,60,5,2108,2048,82.4,0.8718,2.70212,0.1811
galaxy_a60_b10_c70_v1.col,60,10,70,1,2378,2318,85.4,0.5099,3.37427,0.1561
galaxy_a60_b10_c70_v2.col,60,10,70,2,2353,2293,84.4,0.2449,4.67628,0.3958
galaxy_a60_b10_c70_v3.col,60,10,70,3,2523,2463,89.6,1.4697,3.90063,0.7201
galaxy_a60_b10_c70_v4.col,60,10,70,4,2332,2272,85.6,1.2083,3.63779,0.2987
galaxy_a60_b10_c70_v5.col,60,10,70,5,2296,2236,85.8,1.2806,3.65674,0.3354
galaxy_a60_b10_c80_v1.col,60,10,80,1,2764,2704,95.0,0.9487,4.08502,0.482
galaxy_a60_b10_c80_v2.col,60,10,80,2,2788,2728,95.2,1.3928,4.55598,0.9315
galaxy_a60_b10_c80_v3.col,60,10,80,3,2856,2796,94.6,0.7483,5.66326,0.1626
galaxy_a60_b10_c80_v4.col,60,10,80,4,2659,2599,93.4,1.6912,4.13227,0.5115
galaxy_a60_b10_c80_v5.col,60,10,80,5,2656,2596,91.6,1.5362,3.87513,0.5424
galaxy_a60_b10_c90_v1.col,60,10,90,1,3460,3400,109.4,1.7205,7.42006,0.7868
galaxy_a60_b10_c90_v2.col,60,10,90,2,3239,3179,103.2,1.0198,6.13212,0.5869
galaxy_a60_b10_c90_v3.col,60,10,90,3,3383,3323,108.2,0.7348,6.94887,0.1731
galaxy_a60_b10_c90_v4.col,60,10,90,4,2868,2808,100.6,1.631,4.38176,0.4619
galaxy_a60_b10_c90_v5.col,60,10,90,5,2928,2868,100.4,0.9274,5.57915,0.6632
galaxy_a65_b10_c100_v1.col,65,10,100,1,3630,3565,110.6,0.8718,8.24251,1.1924
galaxy_a65_b10_c100_v2.col,65,10,100,2,3413,3348,108.8,0.9165,7.2738,0.6886
galaxy_a65_b10_c100_v3.col,65,10,100,3,3875,3810,115.6,1.077,10.34002,0.6646
galaxy_a65_b10_c100_v4.col,65,10,100,4,3532,3467,110.0,1.1402,7.11036,0.522
galaxy_a65_b10_c100_v5.col,65,10,100,5,3413,3348,108.8,1.5297,6.93897,0.7586
galaxy_a65_b10_c20_v1.col,65,10,20,1,1068,1003,73.8,0.3742,0.67001,0.0459
galaxy_a65_b10_c20_v2.col,65,10,20,2,1061,996,73.4,0.5099,0.7476,0.0925
galaxy_a65_b10_c20_v3.col,65,10,20,3,1097,1032,75.2,0.5831,0.75583,0.1015
galaxy_a65_b10_c20_v4.col,65,10,20,4,1024,959,72.6,0.4,0.73889,0.0551
galaxy_a65_b10_c20_v5.col,65,10,20,5,1035,970,74.2,0.4899,0.63286,0.0919
galaxy_a65_b10_c30_v1.col,65,10,30,1,1405,1340,78.2,0.9695,0.95184,0.1627
galaxy_a65_b10_c30_v2.col,65,10,30,2,1415,1350,76.8,0.4899,1.02284,0.1291
galaxy_a65_b10_c30_v3.col,65,10,30,3,1376,1311,76.2,0.5831,1.17198,0.0899
galaxy_a65_b10_c30_v4.col,65,10,30,4,1344,1279,76.8,0.8,1.0671,0.1494
galaxy_a65_b10_c30_v5.col,65,10,30,5,1345,1280,77.6,0.8124,0.97769,0.1322
galaxy_a65_b10_c40_v1.col,65,10,40,1,1730,1665,80.0,0.9487,1.92699,0.2515
galaxy_a65_b10_c40_v2.col,65,10,40,2,1588,1523,77.6,0.6,1.44768,0.2155
galaxy_a65_b10_c40_v3.col,65,10,40,3,1765,1700,79.8,0.3742,1.80627,0.206
galaxy_a65_b10_c40_v4.col,65,10,40,4,1694,1629,77.2,0.7348,1.93413,0.1569
galaxy_a65_b10_c40_v5.col,65,10,40,5,1570,1505,75.4,0.7483,1.64627,0.1716
galaxy_a65_b10_c50_v1.col,65,10,50,1,2057,1992,82.4,0.7483,2.73387,0.2237
galaxy_a65_b10_c50_v2.col,65,10,50,2,2140,2075,85.2,0.9695,3.21471,0.3432
galaxy_a65_b10_c50_v3.col,65,10,50,3,1976,1911,82.6,0.5099,2.27954,0.2865
galaxy_a65_b10_c50_v4.col,65,10,50,4,2059,1994,82.2,1.9849,3.07126,0.142
galaxy_a65_b10_c50_v5.col,65,10,50,5,2026,1961,80.2,1.241,2.82679,0.147
galaxy_a65_b10_c60_v1.col,65,10,60,1,2110,2045,81.4,1.077,2.9366,0.2252
galaxy_a65_b10_c60_v2.col,65,10,60,2,2388,2323,88.4,1.2884,3.25829,0.1777
galaxy_a65_b10_c60_v3.col,65,10,60,3,2424,2359,90.2,1.5937,3.50481,0.4994
galaxy_a65_b10_c60_v4.col,65,10,60,4,2296,2231,84.4,0.7483,3.6404,0.2516
galaxy_a65_b10_c60_v5.col,65,10,60,5,2287,2222,85.2,0.9695,3.4704,0.3791
galaxy_a65_b10_c70_v1.col,65,10,70,1,2765,2700,92.4,1.1225,5.16362,0.3656
galaxy_a65_b10_c70_v2.col,65,10,70,2,2417,2352,87.6,1.3638,3.70434,0.311
galaxy_a65_b10_c70_v3.col,65,10,70,3,2809,2744,96.4,0.9274,4.8323,0.6249
galaxy_a65_b10_c70_v4.col,65,10,70,4,2623,2558,92.4,1.4353,4.63409,0.6399
galaxy_a65_b10_c70_v5.col,65,10,70,5,3024,2959,98.4,1.0296,5.86289,0.5455
galaxy_a65_b10_c80_v1.col,65,10,80,1,2853,2788,96.6,1.4353,4.49897,0.6101
galaxy_a65_b10_c80_v2.col,65,10,80,2,2836,2771,95.4,0.8718,5.6162,0.5085
galaxy_a65_b10_c80_v3.col,65,10,80,3,2840,2775,96.4,0.9274,4.70791,0.3726
galaxy_a65_b10_c80_v4.col,65,10,80,4,3132,3067,101.4,1.1225,6.16901,0.6615
galaxy_a65_b10_c80_v5.col,65,10,80,5,2836,2771,96.8,0.5831,4.65779,0.3291
galaxy_a65_b10_c90_v1.col,65,10,90,1,3668,3603,110.6,1.2083,7.75884,0.5424
galaxy_a65_b10_c90_v2.col,65,10,90,2,3254,3189,103.2,1.3565,6.86647,0.3902
galaxy_a65_b10_c90_v3.col,65,10,90,3,3505,3440,106.8,0.8602,7.24836,0.6359
galaxy_a65_b10_c90_v4.col,65,10,90,4,3490,3425,108.6,1.0296,7.10082,1.047
galaxy_a65_b10_c90_v5.col,65,10,90,5,3256,3191,104.6,1.8601,6.41797,0.8088
galaxy_a70_b10_c100_v1.col,70,10,100,1,3701,3631,117.0,1.8708,7.99034,0.9942
galaxy_a70_b10_c100_v2.col,70,10,100,2,4044,3974,119.0,1.0,10.50059,0.8578
galaxy_a70_b10_c100_v3.col,70,10,100,3,3719,3649,113.4,0.9798,7.84707,0.3692
galaxy_a70_b10_c100_v4.col,70,10,100,4,3854,3784,114.2,1.6553,9.96613,0.7947
galaxy_a70_b10_c100_v5.col,70,10,100,5,4061,3991,116.6,0.7483,10.55516,0.8417
galaxy_a70_b10_c20_v1.col,70,10,20,1,1125,1055,78.2,0.5831,0.65324,0.0572
galaxy_a70_b10_c20_v2.col,70,10,20,2,1107,1037,79.2,0.3742,0.70115,0.1007
galaxy_a70_b10_c20_v3.col,70,10,20,3,1108,1038,79.2,0.3742,0.59591,0.0614
galaxy_a70_b10_c20_v4.col,70,10,20,4,1111,1041,78.6,0.5099,0.8044,0.0605
galaxy_a70_b10_c20_v5.col,70,10,20,5,1144,1074,80.0,0.7071,0.75483,0.1191
galaxy_a70_b10_c30_v1.col,70,10,30,1,1431,1361,80.6,0.7483,1.24618,0.0746
galaxy_a70_b10_c30_v2.col,70,10,30,2,1447,1377,80.0,0.5477,1.31489,0.0944
galaxy_a70_b10_c30_v3.col,70,10,30,3,1511,1441,81.6,0.4,1.26689,0.1076
galaxy_a70_b10_c30_v4.col,70,10,30,4,1430,1360,81.2,0.8602,1.13935,0.1456
galaxy_a70_b10_c30_v5.col,70,10,30,5,1597,1527,83.8,0.3742,1.5072,0.1758
galaxy_a70_b10_c40_v1.col,70,10,40,1,1724,1654,82.0,0.7071,1.68788,0.2344
galaxy_a70_b10_c40_v2.col,70,10,40,2,1822,1752,83.8,1.0198,2.23399,0.3326
galaxy_a70_b10_c40_v3.col,70,10,40,3,1972,1902,87.6,0.8718,1.86805,0.248
galaxy_a70_b10_c40_v4.col,70,10,40,4,1900,1830,85.0,1.0,2.42549,0.1869
galaxy_a70_b10_c40_v5.col,70,10,40,5,1790,1720,84.0,0.7746,1.82369,0.1357
galaxy_a70_b10_c50_v1.col,70,10,50,1,2186,2116,88.0,0.8367,2.83831,0.2244
galaxy_a70_b10_c50_v2.col,70,10,50,2,2118,2048,86.6,0.9798,2.60141,0.4176
galaxy_a70_b10_c50_v3.col,70,10,50,3,1950,1880,84.0,1.3784,2.26999,0.2416
galaxy_a70_b10_c50_v4.col,70,10,50,4,2236,2166,88.6,1.1225,3.16805,0.2306
galaxy_a70_b10_c50_v5.col,70,10,50,5,2087,2017,88.0,0.7746,2.44855,0.2433
galaxy_a70_b10_c60_v1.col,70,10,60,1,2450,2380,92.8,0.6633,3.09849,0.2576
galaxy_a70_b10_c60_v2.col,70,10,60,2,2485,2415,90.8,0.9695,4.19256,0.3036
galaxy_a70_b10_c60_v3.col,70,10,60,3,2495,2425,92.2,2.0591,3.59177,0.2646
galaxy_a70_b10_c60_v4.col,70,10,60,4,2622,2552,92.2,1.1136,4.59036,0.4098
galaxy_a70_b10_c60_v5.col,70,10,60,5,2679,2609,95.6,1.3266,3.76083,0.5163
galaxy_a70_b10_c70_v1.col,70,10,70,1,2896,2826,96.6,0.9274,5.02556,0.2557
galaxy_a70_b10_c70_v2.col,70,10,70,2,3109,3039,101.4,1.1662,5.69526,0.6056
galaxy_a70_b10_c70_v3.col,70,10,70,3,2943,2873,97.8,1.3565,5.09794,0.5996
galaxy_a70_b10_c70_v4.col,70,10,70,4,2772,2702,95.0,0.7071,5.13803,0.3123
galaxy_a70_b10_c70_v5.col,70,10,70,5,3027,2957,101.8,1.1576,4.7911,0.5243
galaxy_a70_b10_c80_v1.col,70,10,80,1,3060,2990,99.6,0.9798,5.69293,0.419
galaxy_a70_b10_c80_v2.col,70,10,80,2,3192,3122,102.6,1.4,7.00306,0.3243
galaxy_a70_b10_c80_v3.col,70,10,80,3,3374,3304,109.2,0.5831,5.51138,0.7304
galaxy_a70_b10_c80_v4.col,70,10,80,4,3087,3017,99.8,2.2226,5.8943,0.9433
galaxy_a70_b10_c80_v5.col,70,10,80,5,3196,3126,101.2,1.4967,6.32258,0.3158
galaxy_a70_b10_c90_v1.col,70,10,90,1,3543,3473,107.6,1.7776,9.24244,0.9239
galaxy_a70_b10_c90_v2.col,70,10,90,2,3465,3395,105.8,0.8602,8.4108,0.4223
galaxy_a70_b10_c90_v3.col,70,10,90,3,3813,3743,111.0,1.2649,10.85599,1.1097
galaxy_a70_b10_c90_v4.col,70,10,90,4,3472,3402,107.0,1.6125,6.53736,0.7756
galaxy_a70_b10_c90_v5.col,70,10,90,5,3394,3324,105.4,1.8055,7.1595,0.7596
galaxy_a75_b10_c100_v1.col,75,10,100,1,4245,4170,120.2,1.1136,11.84094,0.711
galaxy_a75_b10_c100_v2.col,75,10,100,2,4277,4202,123.4,2.0396,10.0469,1.8029
galaxy_a75_b10_c100_v3.col,75,10,100,3,4619,4544,127.4,2.7313,12.17697,2.3413
galaxy_a75_b10_c100_v4.col,75,10,100,4,4384,4309,121.6,1.8601,11.14386,0.6865
galaxy_a75_b10_c100_v5.col,75,10,100,5,3799,3724,112.4,1.2083,8.3839,0.9491
galaxy_a75_b10_c20_v1.col,75,10,20,1,1189,1114,84.2,0.7348,0.76025,0.0804
galaxy_a75_b10_c20_v2.col,75,10,20,2,1193,1118,84.8,0.3742,0.65594,0.0692
galaxy_a75_b10_c20_v3.col,75,10,20,3,1166,1091,82.8,0.8602,0.86247,0.134
galaxy_a75_b10_c20_v4.col,75,10,20,4,1182,1107,83.6,0.4,0.9468,0.1024
galaxy_a75_b10_c20_v5.col,75,10,20,5,1248,1173,83.6,0.5099,0.91823,0.106
galaxy_a75_b10_c30_v1.col,75,10,30,1,1513,1438,86.2,0.8,1.26023,0.1089
galaxy_a75_b10_c30_v2.col,75,10,30,2,1605,1530,85.8,0.7348,1.39908,0.1538
galaxy_a75_b10_c30_v3.col,75,10,30,3,1624,1549,86.4,0.6782,1.48361,0.0941
galaxy_a75_b10_c30_v4.col,75,10,30,4,1572,1497,85.0,0.8367,1.60255,0.2405
galaxy_a75_b10_c30_v5.col,75,10,30,5,1450,1375,85.0,1.0,1.22503,0.1956
galaxy_a75_b10_c40_v1.col,75,10,40,1,1975,1900,88.6,1.1662,2.05965,0.358
galaxy_a75_b10_c40_v2.col,75,10,40,2,1946,1871,91.2,0.7348,1.85949,0.2233
galaxy_a75_b10_c40_v3.col,75,10,40,3,2112,2037,92.2,0.3742,2.52239,0.1144
galaxy_a75_b10_c40_v4.col,75,10,40,4,1921,1846,87.4,0.8124,2.14008,0.2753
galaxy_a75_b10_c40_v5.col,75,10,40,5,1867,1792,86.2,0.8602,1.97347,0.0632
galaxy_a75_b10_c50_v1.col,75,10,50,1,2373,2298,94.8,0.9695,2.99178,0.4579
galaxy_a75_b10_c50_v2.col,75,10,50,2,2354,2279,93.8,0.9695,3.16941,0.2024
galaxy_a75_b10_c50_v3.col,75,10,50,3,2310,2235,90.0,0.7746,3.91729,0.3017
galaxy_a75_b10_c50_v4.col,75,10,50,4,2363,2288,93.6,1.4353,3.14058,0.391
galaxy_a75_b10_c50_v5.col,75,10,50,5,2198,2123,88.2,0.3742,2.90058,0.2445
galaxy_a75_b10_c60_v1.col,75,10,60,1,2853,2778,97.4,2.7857,5.21192,0.7645
galaxy_a75_b10_c60_v2.col,75,10,60,2,2777,2702,97.4,0.4,4.40135,0.3142
galaxy_a75_b10_c60_v3.col,75,10,60,3,2802,2727,98.8,1.2806,4.91891,0.3655
galaxy_a75_b10_c60_v4.col,75,10,60,4,2724,2649,96.8,0.9695,4.74134,0.5655
galaxy_a75_b10_c60_v5.col,75,10,60,5,2744,2669,98.6,0.8124,4.34412,0.5392
galaxy_a75_b10_c70_v1.col,75,10,70,1,2975,2900,98.6,1.1662,6.13998,0.3433
galaxy_a75_b10_c70_v2.col,75,10,70,2,2935,2860,99.0,1.0954,5.46623,0.5335
galaxy_a75_b10_c70_v3.col,75,10,70,3,2939,2864,99.2,1.8547,4.85685,0.4847
galaxy_a75_b10_c70_v4.col,75,10,70,4,3264,3189,107.6,1.2083,5.59273,0.7793
galaxy_a75_b10_c70_v5.col,75,10,70,5,3012,2937,100.6,1.6,5.50843,0.3825
galaxy_a75_b10_c80_v1.col,75,10,80,1,3322,3247,103.4,1.7493,8.14199,0.9852
galaxy_a75_b10_c80_v2.col,75,10,80,2,3626,3551,108.6,1.9391,8.70964,0.8044
galaxy_a75_b10_c80_v3.col,75,10,80,3,3207,3132,103.4,0.9798,5.85285,0.3582
galaxy_a75_b10_c80_v4.col,75,10,80,4,3392,3317,107.0,1.3038,7.65392,0.6144
galaxy_a75_b10_c80_v5.col,75,10,80,5,3250,3175,103.2,1.0677,6.48153,0.4876
galaxy_a75_b10_c90_v1.col,75,10,90,1,3649,3574,111.2,2.3749,8.7926,0.4832
galaxy_a75_b10_c90_v2.col,75,10,90,2,3997,3922,115.6,0.9274,10.24457,0.8641
galaxy_a75_b10_c90_v3.col,75,10,90,3,3764,3689,111.0,1.0488,9.58757,0.3665
galaxy_a75_b10_c90_v4.col,75,10,90,4,3980,3905,114.0,2.2136,10.87183,0.807
galaxy_a75_b10_c90_v5.col,75,10,90,5,3663,3588,110.6,2.0149,8.24237,0.7946
galaxy_a80_b10_c100_v1.col,80,10,100,1,4353,4273,122.8,1.6553,12.49692,0.8191
galaxy_a80_b10_c100_v2.col,80,10,100,2,4195,4115,121.0,1.6432,10.22658,0.9442
galaxy_a80_b10_c100_v3.col,80,10,100,3,4813,4733,128.4,2.502,15.91636,1.391
galaxy_a80_b10_c100_v4.col,80,10,100,4,4467,4387,123.6,0.8124,12.13146,0.4466
galaxy_a80_b10_c100_v5.col,80,10,100,5,4435,4355,126.8,2.1772,9.10544,1.135
galaxy_a80_b10_c20_v1.col,80,10,20,1,1292,1212,89.6,0.5099,0.79739,0.0998
galaxy_a80_b10_c20_v2.col,80,10,20,2,1289,1209,88.8,0.4899,0.92959,0.1369
galaxy_a80_b10_c20_v3.col,80,10,20,3,1271,1191,88.6,0.8124,0.9343,0.1726
galaxy_a80_b10_c20_v4.col,80,10,20,4,1267,1187,88.6,0.6,0.96568,0.1216
galaxy_a80_b10_c20_v5.col,80,10,20,5,1301,1221,88.6,0.5099,1.04002,0.1425
galaxy_a80_b10_c30_v1.col,80,10,30,1,1644,1564,90.8,0.4899,1.42739,0.0899
galaxy_a80_b10_c30_v2.col,80,10,30,2,1613,1533,90.2,0.3742,1.41441,0.1139
galaxy_a80_b10_c30_v3.col,80,10,30,3,1784,1704,93.4,0.9274,1.7282,0.048
galaxy_a80_b10_c30_v4.col,80,10,30,4,1721,1641,91.6,0.6,1.34842,0.1109
galaxy_a80_b10_c30_v5.col,80,10,30,5,1559,1479,90.8,0.5831,1.30148,0.1045
galaxy_a80_b10_c40_v1.col,80,10,40,1,1982,1902,93.4,0.8718,2.38255,0.2615
galaxy_a80_b10_c40_v2.col,80,10,40,2,2032,1952,91.8,1.0198,2.16959,0.1228
galaxy_a80_b10_c40_v3.col,80,10,40,3,2174,2094,95.6,1.631,2.76392,0.2931
galaxy_a80_b10_c40_v4.col,80,10,40,4,1996,1916,93.4,0.4,1.85295,0.0988
galaxy_a80_b10_c40_v5.col,80,10,40,5,2127,2047,94.2,1.3191,2.83687,0.3504
galaxy_a80_b10_c50_v1.col,80,10,50,1,2440,2360,96.2,0.7348,3.70746,0.0757
galaxy_a80_b10_c50_v2.col,80,10,50,2,2445,2365,99.6,0.8124,3.16695,0.2034
galaxy_a80_b10_c50_v3.col,80,10,50,3,2337,2257,94.6,1.1662,3.59156,0.1851
galaxy_a80_b10_c50_v4.col,80,10,50,4,2431,2351,97.4,0.4,3.73386,0.2492
galaxy_a80_b10_c50_v5.col,80,10,50,5,2502,2422,97.4,1.6912,3.36878,0.4606
galaxy_a80_b10_c60_v1.col,80,10,60,1,2804,2724,98.6,1.4697,4.97591,0.5169
galaxy_a80_b10_c60_v2.col,80,10,60,2,2969,2889,104.4,1.4353,4.8501,0.5483
galaxy_a80_b10_c60_v3.col,80,10,60,3,2898,2818,102.0,1.0954,4.88573,0.2593
galaxy_a80_b10_c60_v4.col,80,10,60,4,2744,2664,98.2,0.7348,5.0199,0.2303
galaxy_a80_b10_c60_v5.col,80,10,60,5,2754,2674,97.0,1.5166,4.63915,0.2483
galaxy_a80_b10_c70_v1.col,80,10,70,1,3150,3070,105.2,0.6633,6.48064,0.4103
galaxy_a80_b10_c70_v2.col,80,10,70,2,3222,3142,102.0,0.8944,6.82195,0.6338
galaxy_a80_b10_c70_v3.col,80,10,70,3,3477,3397,108.2,0.8602,6.90053,0.7116
galaxy_a80_b10_c70_v4.col,80,10,70,4,3070,2990,103.2,1.4629,5.94365,0.5281
galaxy_a80_b10_c70_v5.col,80,10,70,5,2993,2913,98.4,0.6782,5.83774,0.5763
galaxy_a80_b10_c80_v1.col,80,10,80,1,3477,3397,111.6,1.5362,7.05065,1.0808
galaxy_a80_b10_c80_v2.col,80,10,80,2,3883,3803,115.4,1.4353,8.06068,1.0264
galaxy_a80_b10_c80_v3.col,80,10,80,3,3614,3534,110.4,1.6912,7.29946,0.9144
galaxy_a80_b10_c80_v4.col,80,10,80,4,3783,3703,115.2,0.7348,7.28687,0.6864
galaxy_a80_b10_c80_v5.col,80,10,80,5,3664,3584,109.4,1.2083,9.30074,0.9732
galaxy_a80_b10_c90_v1.col,80,10,90,1,3822,3742,113.2,0.7348,9.20845,0.4364
galaxy_a80_b10_c90_v2.col,80,10,90,2,4144,4064,120.2,2.3958,10.77784,0.6055
galaxy_a80_b10_c90_v3.col,80,10,90,3,3855,3775,111.6,1.3266,9.22703,1.0329
galaxy_a80_b10_c90_v4.col,80,10,90,4,4135,4055,120.8,1.7436,8.26725,0.8554
galaxy_a80_b10_c90_v5.col,80,10,90,5,4120,4040,116.6,0.6782,10.40366,0.3565
galaxy_a85_b10_c100_v1.col,85,10,100,1,5319,5234,134.2,1.9849,19.65912,1.8055
galaxy_a85_b10_c100_v2.col,85,10,100,2,4538,4453,122.8,1.3565,14.11156,1.0971
galaxy_a85_b10_c100_v3.col,85,10,100,3,4667,4582,126.0,2.2804,13.42011,0.6712
galaxy_a85_b10_c100_v4.col,85,10,100,4,4702,4617,125.8,2.1541,14.20726,1.2619
galaxy_a85_b10_c100_v5.col,85,10,100,5,4660,4575,122.4,1.0296,14.96538,0.6776
galaxy_a85_b10_c20_v1.col,85,10,20,1,1379,1294,93.6,0.4,0.84478,0.0561
galaxy_a85_b10_c20_v2.col,85,10,20,2,1357,1272,93.4,0.5099,1.04062,0.0755
galaxy_a85_b10_c20_v3.col,85,10,20,3,1361,1276,93.6,0.6,1.17992,0.1074
galaxy_a85_b10_c20_v4.col,85,10,20,4,1337,1252,92.8,0.6633,1.10115,0.0912
galaxy_a85_b10_c20_v5.col,85,10,20,5,1394,1309,94.0,0.4472,1.06101,0.09
galaxy_a85_b10_c30_v1.col,85,10,30,1,1764,1679,96.2,0.5831,1.55391,0.1654
galaxy_a85_b10_c30_v2.col,85,10,30,2,1725,1640,96.8,0.8602,1.40376,0.2478
galaxy_a85_b10_c30_v3.col,85,10,30,3,1875,1790,97.2,0.7348,1.81258,0.1964
galaxy_a85_b10_c30_v4.col,85,10,30,4,1957,1872,98.6,0.7483,2.1404,0.1727
galaxy_a85_b10_c30_v5.col,85,10,30,5,1839,1754,95.8,0.5831,1.95151,0.1755
galaxy_a85_b10_c40_v1.col,85,10,40,1,2298,2213,99.8,0.5831,3.01917,0.204
galaxy_a85_b10_c40_v2.col,85,10,40,2,2170,2085,98.4,0.7483,2.52621,0.2002
galaxy_a85_b10_c40_v3.col,85,10,40,3,2263,2178,100.2,1.6553,2.67639,0.3939
galaxy_a85_b10_c40_v4.col,85,10,40,4,2141,2056,98.0,0.7071,2.4388,0.2664
galaxy_a85_b10_c40_v5.col,85,10,40,5,2206,2121,98.8,1.1576,2.89998,0.0755
galaxy_a85_b10_c50_v1.col,85,10,50,1,2827,2742,104.0,1.1832,5.53888,0.5615
galaxy_a85_b10_c50_v2.col,85,10,50,2,2631,2546,103.4,1.0296,3.61729,0.3397
galaxy_a85_b10_c50_v3.col,85,10,50,3,2606,2521,102.6,1.7205,3.653,0.5654
galaxy_a85_b10_c50_v4.col,85,10,50,4,2537,2452,103.2,1.4967,2.7813,0.5033
galaxy_a85_b10_c50_v5.col,85,10,50,5,2640,2555,103.6,1.9131,3.3212,0.407
galaxy_a85_b10_c60_v1.col,85,10,60,1,3001,2916,101.8,1.772,6.04635,0.5282
galaxy_a85_b10_c60_v2.col,85,10,60,2,2822,2737,106.8,1.4629,3.70926,0.3056
galaxy_a85_b10_c60_v3.col,85,10,60,3,3082,2997,107.0,1.3784,5.67381,0.6386
galaxy_a85_b10_c60_v4.col,85,10,60,4,2732,2647,102.0,1.3784,4.78172,0.3724
galaxy_a85_b10_c60_v5.col,85,10,60,5,3145,3060,108.6,1.8055,5.39341,0.6497
galaxy_a85_b10_c70_v1.col,85,10,70,1,3352,3267,111.0,2.51,6.16199,0.8783
galaxy_a85_b10_c70_v2.col,85,10,70,2,3701,3616,113.2,2.0833,7.90883,0.8274
galaxy_a85_b10_c70_v3.col,85,10,70,3,3462,3377,111.2,1.3928,7.54928,0.5581
galaxy_a85_b10_c70_v4.col,85,10,70,4,3255,3170,106.6,1.4,7.39292,0.8723
galaxy_a85_b10_c70_v5.col,85,10,70,5,3369,3284,106.0,0.8944,8.23371,0.5132
galaxy_a85_b10_c80_v1.col,85,10,80,1,3938,3853,118.8,1.6553,8.47709,1.7464
galaxy_a85_b10_c80_v2.col,85,10,80,2,3701,3616,113.4,1.0296,7.4132,0.5812
galaxy_a85_b10_c80_v3.col,85,10,80,3,3980,3895,120.6,1.1662,7.61482,0.9978
galaxy_a85_b10_c80_v4.col,85,10,80,4,3527,3442,111.6,1.3266,5.4708,0.5309
galaxy_a85_b10_c80_v5.col,85,10,80,5,3854,3769,119.2,1.4629,6.4366,0.8075
galaxy_a85_b10_c90_v1.col,85,10,90,1,4342,4257,122.8,1.6553,12.18338,1.2913
galaxy_a85_b10_c90_v2.col,85,10,90,2,4351,4266,120.0,1.0488,11.23265,1.13
galaxy_a85_b10_c90_v3.col,85,10,90,3,4332,4247,121.6,1.6,10.21324,1.3392
galaxy_a85_b10_c90_v4.col,85,10,90,4,4144,4059,117.6,1.8055,11.51426,1.1537
galaxy_a85_b10_c90_v5.col,85,10,90,5,4502,4417,125.8,1.562,11.53853,1.1402
galaxy_a90_b10_c100_v1.col,90,10,100,1,5144,5054,134.6,1.5684,12.54219,1.5675
galaxy_a90_b10_c100_v2.col,90,10,100,2,5124,5034,131.2,0.7348,19.20734,1.0516
galaxy_a90_b10_c100_v3.col,90,10,100,3,4991,4901,130.8,0.7348,14.64973,1.7643
galaxy_a90_b10_c100_v4.col,90,10,100,4,5440,5350,137.4,1.631,18.22388,1.4788
galaxy_a90_b10_c100_v5.col,90,10,100,5,4867,4777,127.8,1.8815,13.96551,1.5845
galaxy_a90_b10_c20_v1.col,90,10,20,1,1466,1376,99.6,0.5099,1.13258,0.1022
galaxy_a90_b10_c20_v2.col,90,10,20,2,1437,1347,98.2,0.2,1.26969,0.176
galaxy_a90_b10_c20_v3.col,90,10,20,3,1406,1316,98.6,0.7483,1.01866,0.1214
galaxy_a90_b10_c20_v4.col,90,10,20,4,1456,1366,98.2,0.5831,1.20952,0.0289
galaxy_a90_b10_c20_v5.col,90,10,20,5,1404,1314,98.8,0.7348,1.08855,0.0923
galaxy_a90_b10_c30_v1.col,90,10,30,1,1929,1839,102.0,1.0954,2.0572,0.232
galaxy_a90_b10_c30_v2.col,90,10,30,2,1819,1729,100.2,0.5831,2.01582,0.2709
galaxy_a90_b10_c30_v3.col,90,10,30,3,1878,1788,100.8,0.8,2.13194,0.0721
galaxy_a90_b10_c30_v4.col,90,10,30,4,1855,1765,102.2,0.9695,1.59006,0.0945
galaxy_a90_b10_c30_v5.col,90,10,30,5,1780,1690,101.0,0.8367,1.82707,0.1613
galaxy_a90_b10_c40_v1.col,90,10,40,1,2516,2426,107.8,1.5297,3.38232,0.4542
galaxy_a90_b10_c40_v2.col,90,10,40,2,2374,2284,105.2,1.6852,2.95711,0.3296
galaxy_a90_b10_c40_v3.col,90,10,40,3,2356,2266,102.4,0.8124,4.0182,0.2356
galaxy_a90_b10_c40_v4.col,90,10,40,4,2422,2332,105.0,1.3038,3.26189,0.3669
galaxy_a90_b10_c40_v5.col,90,10,40,5,2460,2370,104.2,1.1576,3.73994,0.4204
galaxy_a90_b10_c50_v1.col,90,10,50,1,2972,2882,109.2,1.2,5.14617,0.3905
galaxy_a90_b10_c50_v2.col,90,10,50,2,2839,2749,110.2,0.8602,4.53511,0.4531
galaxy_a90_b10_c50_v3.col,90,10,50,3,2795,2705,104.8,0.7348,5.64564,0.3987
galaxy_a90_b10_c50_v4.col,90,10,50,4,2718,2628,108.0,1.6125,4.12576,0.498
galaxy_a90_b10_c50_v5.col,90,10,50,5,2730,2640,107.2,1.5937,3.83706,0.4546
galaxy_a90_b10_c60_v1.col,90,10,60,1,3107,3017,112.4,1.1225,6.00304,0.1522
galaxy_a90_b10_c60_v2.col,90,10,60,2,3206,3116,110.0,0.8944,6.87028,0.3562
galaxy_a90_b10_c60_v3.col,90,10,60,3,3170,3080,106.8,1.1136,5.7514,0.5844
galaxy_a90_b10_c60_v4.col,90,10,60,4,3167,3077,109.8,1.5297,6.4578,0.9062
galaxy_a90_b10_c60_v5.col,90,10,60,5,3204,3114,111.8,1.241,5.17982,0.9194
galaxy_a90_b10_c70_v1.col,90,10,70,1,3796,3706,117.0,1.0,8.26955,0.5587
galaxy_a90_b10_c70_v2.col,90,10,70,2,3563,3473,112.4,1.1225,7.26569,0.7822
galaxy_a90_b10_c70_v3.col,90,10,70,3,3862,3772,117.8,1.772,7.90567,1.0876
galaxy_a90_b10_c70_v4.col,90,10,70,4,3744,3654,114.6,1.7493,8.44903,1.0406
galaxy_a90_b10_c70_v5.col,90,10,70,5,3778,3688,115.4,1.9391,9.43311,1.179
galaxy_a90_b10_c80_v1.col,90,10,80,1,3939,3849,119.0,2.1448,9.11189,1.2691
galaxy_a90_b10_c80_v2.col,90,10,80,2,4010,3920,117.4,1.2884,9.82257,0.6576
galaxy_a90_b10_c80_v3.col,90,10,80,3,4075,3985,117.0,2.51,10.52998,0.7936
galaxy_a90_b10_c80_v4.col,90,10,80,4,4343,4253,124.6,1.9391,11.90731,1.1886
galaxy_a90_b10_c80_v5.col,90,10,80,5,4114,4024,121.2,1.241,10.08423,0.5673
galaxy_a90_b10_c90_v1.col,90,10,90,1,4650,4560,126.6,1.0296,14.16554,1.5715
galaxy_a90_b10_c90_v2.col,90,10,90,2,4555,4465,124.6,2.7129,12.54662,1.174
galaxy_a90_b10_c90_v3.col,90,10,90,3,4319,4229,122.4,2.502,11.33004,1.2924
galaxy_a90_b10_c90_v4.col,90,10,90,4,4459,4369,125.4,2.2935,11.76905,1.2052
galaxy_a90_b10_c90_v5.col,90,10,90,5,4944,4854,131.0,1.5811,13.49698,0.5339
galaxy_a95_b10_c100_v1.col,95,10,100,1,5439,5344,137.6,1.9391,14.73602,0.9447
galaxy_a95_b10_c100_v2.col,95,10,100,2,5431,5336,139.6,2.4,16.05824,1.4249
galaxy_a95_b10_c100_v3.col,95,10,100,3,5002,4907,130.6,1.4353,16.18779,0.8016
galaxy_a95_b10_c100_v4.col,95,10,100,4,5209,5114,134.0,2.5495,18.10895,2.4191
galaxy_a95_b10_c100_v5.col,95,10,100,5,5559,5464,138.2,2.9223,19.27083,2.3167
galaxy_a95_b10_c20_v1.col,95,10,20,1,1488,1393,104.0,0.7071,1.26956,0.1844
galaxy_a95_b10_c20_v2.col,95,10,20,2,1511,1416,103.4,0.6782,1.29746,0.235
galaxy_a95_b10_c20_v3.col,95,10,20,3,1595,1500,104.4,0.5099,1.59163,0.1625
galaxy_a95_b10_c20_v4.col,95,10,20,4,1501,1406,104.0,0.8944,1.214,0.0939
galaxy_a95_b10_c20_v5.col,95,10,20,5,1503,1408,103.6,0.2449,1.15269,0.0975
galaxy_a95_b10_c30_v1.col,95,10,30,1,1947,1852,105.6,0.5099,2.03313,0.1821
galaxy_a95_b10_c30_v2.col,95,10,30,2,1957,1862,106.8,0.9165,1.9738,0.2964
galaxy_a95_b10_c30_v3.col,95,10,30,3,2069,1974,109.2,1.5937,2.07303,0.2497
galaxy_a95_b10_c30_v4.col,95,10,30,4,1995,1900,104.6,0.9274,2.20603,0.1637
galaxy_a95_b10_c30_v5.col,95,10,30,5,1929,1834,107.2,0.8,2.05325,0.3037
galaxy_a95_b10_c40_v1.col,95,10,40,1,2588,2493,110.8,1.8276,3.79119,0.5162
galaxy_a95_b10_c40_v2.col,95,10,40,2,2630,2535,113.6,0.6782,3.36399,0.3837
galaxy_a95_b10_c40_v3.col,95,10,40,3,2515,2420,109.4,0.9274,3.92004,0.4047
galaxy_a95_b10_c40_v4.col,95,10,40,4,2684,2589,112.0,0.8367,4.34039,0.5404
galaxy_a95_b10_c40_v5.col,95,10,40,5,2521,2426,111.0,1.1402,3.22175,0.2367
galaxy_a95_b10_c50_v1.col,95,10,50,1,3073,2978,114.6,1.077,5.39777,0.6592
galaxy_a95_b10_c50_v2.col,95,10,50,2,2904,2809,112.4,1.077,4.41601,0.5323
galaxy_a95_b10_c50_v3.col,95,10,50,3,3040,2945,112.0,1.5166,5.21966,0.5618
galaxy_a95_b10_c50_v4.col,95,10,50,4,2771,2676,108.4,0.7483,3.89084,0.5586
galaxy_a95_b10_c50_v5.col,95,10,50,5,3102,3007,114.2,0.8602,5.13219,0.4514
galaxy_a95_b10_c60_v1.col,95,10,60,1,3501,3406,117.4,2.0149,6.07066,0.6529
galaxy_a95_b10_c60_v2.col,95,10,60,2,3263,3168,112.4,0.7483,7.27202,0.7182
galaxy_a95_b10_c60_v3.col,95,10,60,3,3480,3385,115.6,1.5033,7.35558,0.4545
galaxy_a95_b10_c60_v4.col,95,10,60,4,3765,3670,121.4,1.6,7.37997,1.017
galaxy_a95_b10_c60_v5.col,95,10,60,5,3333,3238,113.2,1.562,6.39481,0.462
galaxy_a95_b10_c70_v1.col,95,10,70,1,3744,3649,120.0,0.7071,7.68265,0.6787
galaxy_a95_b10_c70_v2.col,95,10,70,2,4008,3913,121.2,1.1576,8.80092,0.8444
galaxy_a95_b10_c70_v3.col,95,10,70,3,3926,3831,119.4,1.249,9.39233,0.7601
galaxy_a95_b10_c70_v4.col,95,10,70,4,3820,3725,117.8,1.4629,8.73796,0.9142
galaxy_a95_b10_c70_v5.col,95,10,70,5,3971,3876,123.8,1.562,9.01636,0.5553
galaxy_a95_b10_c80_v1.col,95,10,80,1,4388,4293,126.6,2.0396,9.6042,0.527
galaxy_a95_b10_c80_v2.col,95,10,80,2,4608,4513,126.2,1.8276,12.38937,0.4489
galaxy_a95_b10_c80_v3.col,95,10,80,3,4811,4716,134.6,0.9274,12.09782,1.5773
galaxy_a95_b10_c80_v4.col,95,10,80,4,4644,4549,132.0,1.4832,10.56184,0.3754
galaxy_a95_b10_c80_v5.col,95,10,80,5,4220,4125,123.4,2.1587,10.86935,1.209
galaxy_a95_b10_c90_v1.col,95,10,90,1,4894,4799,133.8,1.9339,10.76122,1.692
galaxy_a95_b10_c90_v2.col,95,10,90,2,4746,4651,128.2,1.7146,13.09333,1.6604
galaxy_a95_b10_c90_v3.col,95,10,90,3,4911,4816,131.0,2.3022,13.87583,0.5753
galaxy_a95_b10_c90_v4.col,95,10,90,4,4867,4772,128.0,1.2247,15.67925,0.6743
galaxy_a95_b10_c90_v5.col,95,10,90,5,4983,4888,132.2,1.1136,15.13171,0.8611
