instancia,a,b,c,v,N,M,chi_sat,tempo_sat,chi_min,tempo_min,chi_max,tempo_max
galaxy_a01_b10_c100_v1.col,1,10,100,1,31,30,31,1.9477e-5,31,2.9846e-5,31,3.2014e-5
galaxy_a01_b10_c100_v2.col,1,10,100,2,80,79,80,6.7431e-5,80,4.7039e-5,80,4.7675e-5
galaxy_a01_b10_c100_v3.col,1,10,100,3,98,97,98,8.6914e-5,98,5.2289e-5,98,5.2868e-5
galaxy_a01_b10_c100_v4.col,1,10,100,4,22,21,22,1.0969e-5,22,9.605e-6,22,1.0608e-5
galaxy_a01_b10_c100_v5.col,1,10,100,5,52,51,52,3.4538e-5,52,2.502e-5,52,3.8121e-5
galaxy_a01_b10_c20_v1.col,1,10,20,1,19,18,19,1.0123e-5,19,8.345e-6,19,9.701e-6
galaxy_a01_b10_c20_v2.col,1,10,20,2,15,14,15,7.434e-6,15,8.529e-6,15,7.92e-6
galaxy_a01_b10_c20_v3.col,1,10,20,3,11,10,11,5.399e-6,11,4.23e-6,11,5.1e-6
galaxy_a01_b10_c20_v4.col,1,10,20,4,14,13,14,6.122e-6,14,5.452e-6,14,6.078e-6
galaxy_a01_b10_c20_v5.col,1,10,20,5,15,14,15,6.115e-6,15,5.738e-6,15,6.224e-6
galaxy_a01_b10_c30_v1.col,1,10,30,1,16,15,16,6.313e-6,16,5.513e-6,16,8.698e-6
galaxy_a01_b10_c30_v2.col,1,10,30,2,13,12,13,6.073e-6,13,6.358e-6,13,5.831e-6
galaxy_a01_b10_c30_v3.col,1,10,30,3,27,26,27,1.2515e-5,27,2.333e-5,27,1.0888e-5
galaxy_a01_b10_c30_v4.col,1,10,30,4,20,19,20,8.631e-6,20,6.76e-6,20,8.185e-6
galaxy_a01_b10_c30_v5.col,1,10,30,5,21,20,21,9.649e-6,21,7.736e-6,21,8.297e-6
galaxy_a01_b10_c40_v1.col,1,10,40,1,33,32,33,1.59e-5,33,1.31e-5,33,1.3997e-5
galaxy_a01_b10_c40_v2.col,1,10,40,2,18,17,18,7.193e-6,18,6.663e-6,18,7.187e-6
galaxy_a01_b10_c40_v3.col,1,10,40,3,34,33,34,1.5467e-5,34,1.4721e-5,34,1.2361e-5
galaxy_a01_b10_c40_v4.col,1,10,40,4,23,22,23,9.299e-6,23,8.444e-6,23,8.948e-6
galaxy_a01_b10_c40_v5.col,1,10,40,5,32,31,32,1.5115e-5,32,1.319e-5,32,1.2245e-5
galaxy_a01_b10_c50_v1.col,1,10,50,1,12,11,12,5.326e-6,12,4.707e-6,12,6.834e-6
galaxy_a01_b10_c50_v2.col,1,10,50,2,11,10,11,5.549e-6,11,4.124e-6,11,5.811e-6
galaxy_a01_b10_c50_v3.col,1,10,50,3,29,28,29,1.5309e-5,29,1.3594e-5,29,1.4438e-5
galaxy_a01_b10_c50_v4.col,1,10,50,4,37,36,37,2.122e-5,37,1.7016e-5,37,1.5171e-5
galaxy_a01_b10_c50_v5.col,1,10,50,5,31,30,31,1.5414e-5,31,1.2868e-5,31,1.2988e-5
galaxy_a01_b10_c60_v1.col,1,10,60,1,15,14,15,7.36e-6,15,5.925e-6,15,6.808e-6
galaxy_a01_b10_c60_v2.col,1,10,60,2,40,39,40,2.1961e-5,40,1.5956e-5,40,1.7052e-5
galaxy_a01_b10_c60_v3.col,1,10,60,3,18,17,18,8.116e-6,18,8.181e-6,18,8.005e-6
galaxy_a01_b10_c60_v4.col,1,10,60,4,18,17,18,7.08e-6,18,8.655e-6,18,7.285e-6
galaxy_a01_b10_c60_v5.col,1,10,60,5,55,54,55,3.9937e-5,55,2.9921e-5,55,3.0063e-5
galaxy_a01_b10_c70_v1.col,1,10,70,1,33,32,33,2.0507e-5,33,1.3955e-5,33,1.2921e-5
galaxy_a01_b10_c70_v2.col,1,10,70,2,19,18,19,9.366e-6,19,6.842e-6,19,8.888e-6
galaxy_a01_b10_c70_v3.col,1,10,70,3,71,70,71,5.535e-5,71,3.8973e-5,71,3.7241e-5
galaxy_a01_b10_c70_v4.col,1,10,70,4,24,23,24,1.0412e-5,24,1.0634e-5,24,8.718e-6
galaxy_a01_b10_c70_v5.col,1,10,70,5,43,42,43,2.4125e-5,43,1.841e-5,43,1.7492e-5
galaxy_a01_b10_c80_v1.col,1,10,80,1,39,38,39,2.041e-5,39,1.5907e-5,39,1.5601e-5
galaxy_a01_b10_c80_v2.col,1,10,80,2,75,74,75,6.5693e-5,75,4.1312e-5,75,4.2325e-5
galaxy_a01_b10_c80_v3.col,1,10,80,3,64,63,64,5.247e-5,64,3.4854e-5,64,3.5442e-5
galaxy_a01_b10_c80_v4.col,1,10,80,4,81,80,81,0.00012163,81,4.6835e-5,81,4.4756e-5
galaxy_a01_b10_c80_v5.col,1,10,80,5,15,14,15,6.072e-6,15,6.554e-6,15,6.451e-6
galaxy_a01_b10_c90_v1.col,1,10,90,1,26,25,26,1.0928e-5,26,1.0481e-5,26,1.01e-5
galaxy_a01_b10_c90_v2.col,1,10,90,2,79,78,79,7.3508e-5,79,4.3009e-5,79,4.617e-5
galaxy_a01_b10_c90_v3.col,1,10,90,3,54,53,54,3.6558e-5,54,2.8406e-5,54,2.7616e-5
galaxy_a01_b10_c90_v4.col,1,10,90,4,77,76,77,6.2524e-5,77,4.5903e-5,77,4.0629e-5
galaxy_a01_b10_c90_v5.col,1,10,90,5,69,68,69,5.2699e-5,69,4.5397e-5,69,3.4212e-5
galaxy_a05_b10_c100_v1.col,5,10,100,1,245,240,241,0.000754258,74,0.00014373,241,0.000615383
galaxy_a05_b10_c100_v2.col,5,10,100,2,318,313,314,0.001230295,91,0.000204936,314,0.001048791
galaxy_a05_b10_c100_v3.col,5,10,100,3,304,299,300,0.001116589,93,0.000194691,300,0.000905545
galaxy_a05_b10_c100_v4.col,5,10,100,4,179,174,175,0.000404453,67,0.00010734,175,0.000340426
galaxy_a05_b10_c100_v5.col,5,10,100,5,251,246,247,0.000774379,77,0.000151241,247,0.00063869
galaxy_a05_b10_c20_v1.col,5,10,20,1,63,58,59,7.3531e-5,18,2.4781e-5,59,6.3152e-5
galaxy_a05_b10_c20_v2.col,5,10,20,2,81,76,77,9.3848e-5,20,3.1368e-5,77,8.2059e-5
galaxy_a05_b10_c20_v3.col,5,10,20,3,81,76,77,9.1832e-5,19,3.1239e-5,77,8.3718e-5
galaxy_a05_b10_c20_v4.col,5,10,20,4,68,63,64,6.8767e-5,19,2.8672e-5,64,6.0088e-5
galaxy_a05_b10_c20_v5.col,5,10,20,5,80,75,76,9.1991e-5,20,3.3113e-5,76,7.941e-5
galaxy_a05_b10_c30_v1.col,5,10,30,1,108,103,104,0.000155261,31,4.2506e-5,104,0.000133382
galaxy_a05_b10_c30_v2.col,5,10,30,2,111,106,107,0.000159844,31,4.6769e-5,107,0.000138201
galaxy_a05_b10_c30_v3.col,5,10,30,3,108,103,104,0.000155877,27,4.5355e-5,104,0.000134576
galaxy_a05_b10_c30_v4.col,5,10,30,4,96,91,92,0.000124663,29,4.0049e-5,92,0.000106763
galaxy_a05_b10_c30_v5.col,5,10,30,5,102,97,98,0.000141742,31,4.0822e-5,98,0.000119181
galaxy_a05_b10_c40_v1.col,5,10,40,1,149,144,145,0.000285309,40,7.7863e-5,145,0.000233251
galaxy_a05_b10_c40_v2.col,5,10,40,2,161,156,157,0.000330537,41,8.0834e-5,157,0.000286478
galaxy_a05_b10_c40_v3.col,5,10,40,3,142,137,138,0.000257969,40,6.252e-5,138,0.000224631
galaxy_a05_b10_c40_v4.col,5,10,40,4,118,113,114,0.000182364,32,4.8659e-5,114,0.000156027
galaxy_a05_b10_c40_v5.col,5,10,40,5,162,157,158,0.00034068,42,7.0332e-5,158,0.000278281
galaxy_a05_b10_c50_v1.col,5,10,50,1,165,160,161,0.000343891,48,7.5405e-5,161,0.000306409
galaxy_a05_b10_c50_v2.col,5,10,50,2,130,125,126,0.00022035,35,5.4565e-5,126,0.000183286
galaxy_a05_b10_c50_v3.col,5,10,50,3,150,145,146,0.000283132,51,6.8083e-5,146,0.000237206
galaxy_a05_b10_c50_v4.col,5,10,50,4,156,151,152,0.000311755,45,6.9967e-5,152,0.000274115
galaxy_a05_b10_c50_v5.col,5,10,50,5,150,145,146,0.000291317,41,7.4141e-5,146,0.000244073
galaxy_a05_b10_c60_v1.col,5,10,60,1,158,153,154,0.000319015,47,7.3486e-5,154,0.000276283
galaxy_a05_b10_c60_v2.col,5,10,60,2,166,161,162,0.00034851,41,7.6512e-5,162,0.000294545
galaxy_a05_b10_c60_v3.col,5,10,60,3,216,211,212,0.000588432,61,0.000120043,212,0.000500061
galaxy_a05_b10_c60_v4.col,5,10,60,4,222,217,218,0.000621544,60,0.000127398,218,0.000510432
galaxy_a05_b10_c60_v5.col,5,10,60,5,147,142,143,0.0002836,58,6.54e-5,143,0.000225173
galaxy_a05_b10_c70_v1.col,5,10,70,1,190,185,186,0.00045883,67,0.000102784,186,0.000386902
galaxy_a05_b10_c70_v2.col,5,10,70,2,166,161,162,0.000338802,70,7.7829e-5,162,0.000278906
galaxy_a05_b10_c70_v3.col,5,10,70,3,178,173,174,0.000412276,67,9.1324e-5,174,0.000340471
galaxy_a05_b10_c70_v4.col,5,10,70,4,264,259,260,0.000862419,68,0.000153966,260,0.000723258
galaxy_a05_b10_c70_v5.col,5,10,70,5,265,260,261,0.000857514,67,0.000151847,261,0.000726075
galaxy_a05_b10_c80_v1.col,5,10,80,1,261,256,257,0.000817989,66,0.000139116,257,0.000675115
galaxy_a05_b10_c80_v2.col,5,10,80,2,165,160,161,0.000331394,75,7.4789e-5,161,0.000261773
galaxy_a05_b10_c80_v3.col,5,10,80,3,217,212,213,0.000575977,67,0.000111139,213,0.000475398
galaxy_a05_b10_c80_v4.col,5,10,80,4,237,232,233,0.000663104,81,0.000132126,233,0.000584408
galaxy_a05_b10_c80_v5.col,5,10,80,5,204,199,200,0.000496486,63,0.000102204,200,0.000417785
galaxy_a05_b10_c90_v1.col,5,10,90,1,239,234,235,0.000656799,88,0.000139018,235,0.000532894
galaxy_a05_b10_c90_v2.col,5,10,90,2,312,307,308,0.001131877,90,0.00018517,308,0.000922168
galaxy_a05_b10_c90_v3.col,5,10,90,3,252,247,248,0.0007431,69,0.000142815,248,0.00062825
galaxy_a05_b10_c90_v4.col,5,10,90,4,221,216,217,0.000592048,78,0.000119492,217,0.000474385
galaxy_a05_b10_c90_v5.col,5,10,90,5,254,249,250,0.000754835,90,0.000148925,250,0.000616246
galaxy_a100_b10_c100_v1.col,100,10,100,1,5804,5704,5705,0.426115263,112,0.018464032,5705,0.403172976
galaxy_a100_b10_c100_v2.col,100,10,100,2,5555,5455,5456,0.39105783,111,0.017361352,5456,0.364178346
galaxy_a100_b10_c100_v3.col,100,10,100,3,5712,5612,5613,0.415428039,114,0.018224835,5613,0.401434378
galaxy_a100_b10_c100_v4.col,100,10,100,4,5713,5613,5614,0.418809747,111,0.018875255,5614,0.391055801
galaxy_a100_b10_c100_v5.col,100,10,100,5,6255,6155,6156,0.515864706,122,0.021783229,6156,0.468620869
galaxy_a100_b10_c20_v1.col,100,10,20,1,1608,1508,1509,0.029358199,110,0.001871703,1509,0.025308808
galaxy_a100_b10_c20_v2.col,100,10,20,2,1614,1514,1515,0.029513865,110,0.001914747,1515,0.02553642
galaxy_a100_b10_c20_v3.col,100,10,20,3,1561,1461,1462,0.027512317,110,0.001757328,1462,0.02372233
galaxy_a100_b10_c20_v4.col,100,10,20,4,1660,1560,1561,0.031373898,110,0.001926468,1561,0.027065899
galaxy_a100_b10_c20_v5.col,100,10,20,5,1571,1471,1472,0.028318771,110,0.001763886,1472,0.024005445
galaxy_a100_b10_c30_v1.col,100,10,30,1,2041,1941,1942,0.048326466,110,0.002698696,1942,0.042093447
galaxy_a100_b10_c30_v2.col,100,10,30,2,2092,1992,1993,0.050660172,110,0.002934437,1993,0.045121204
galaxy_a100_b10_c30_v3.col,100,10,30,3,2188,2088,2089,0.055830707,110,0.003113741,2089,0.049301504
galaxy_a100_b10_c30_v4.col,100,10,30,4,2001,1901,1902,0.046574788,110,0.002628483,1902,0.040289368
galaxy_a100_b10_c30_v5.col,100,10,30,5,1985,1885,1886,0.045562391,110,0.002645918,1886,0.039954584
galaxy_a100_b10_c40_v1.col,100,10,40,1,2631,2531,2532,0.083665072,110,0.004226729,2532,0.074356084
galaxy_a100_b10_c40_v2.col,100,10,40,2,2674,2574,2575,0.086542604,110,0.004442335,2575,0.076554867
galaxy_a100_b10_c40_v3.col,100,10,40,3,2496,2396,2397,0.074389029,110,0.003968764,2397,0.06564859
galaxy_a100_b10_c40_v4.col,100,10,40,4,2400,2300,2301,0.068160381,110,0.003550931,2301,0.059424283
galaxy_a100_b10_c40_v5.col,100,10,40,5,2555,2455,2456,0.078957958,110,0.004050573,2456,0.06964612
galaxy_a100_b10_c50_v1.col,100,10,50,1,2995,2895,2896,0.111011844,110,0.005431434,2896,0.099952419
galaxy_a100_b10_c50_v2.col,100,10,50,2,3021,2921,2922,0.112174569,110,0.005350329,2922,0.100334757
galaxy_a100_b10_c50_v3.col,100,10,50,3,3012,2912,2913,0.112532289,110,0.00556637,2913,0.100796785
galaxy_a100_b10_c50_v4.col,100,10,50,4,3256,3156,3157,0.131171069,110,0.00616413,3157,0.11890727
galaxy_a100_b10_c50_v5.col,100,10,50,5,3075,2975,2976,0.116461849,110,0.005758001,2976,0.105280115
galaxy_a100_b10_c60_v1.col,100,10,60,1,3448,3348,3349,0.146160067,110,0.006809576,3349,0.13209947
galaxy_a100_b10_c60_v2.col,100,10,60,2,3563,3463,3464,0.157515325,110,0.007249096,3464,0.143388428
galaxy_a100_b10_c60_v3.col,100,10,60,3,3582,3482,3483,0.159400908,110,0.007527362,3483,0.145178423
galaxy_a100_b10_c60_v4.col,100,10,60,4,3518,3418,3419,0.153042579,110,0.007245105,3419,0.139671774
galaxy_a100_b10_c60_v5.col,100,10,60,5,3714,3614,3615,0.172208425,110,0.008058073,3615,0.157228255
galaxy_a100_b10_c70_v1.col,100,10,70,1,3990,3890,3891,0.197876701,110,0.008948142,3891,0.17961604
galaxy_a100_b10_c70_v2.col,100,10,70,2,4165,4065,4066,0.21459509,112,0.010264705,4066,0.200323049
galaxy_a100_b10_c70_v3.col,100,10,70,3,4326,4226,4227,0.231836008,110,0.011077473,4227,0.212181581
galaxy_a100_b10_c70_v4.col,100,10,70,4,4240,4140,4141,0.221851707,111,0.010162255,4141,0.204181785
galaxy_a100_b10_c70_v5.col,100,10,70,5,3969,3869,3870,0.1955371,111,0.009128008,3870,0.179034424
galaxy_a100_b10_c80_v1.col,100,10,80,1,4490,4390,4391,0.251784736,110,0.012017254,4391,0.235624853
galaxy_a100_b10_c80_v2.col,100,10,80,2,4929,4829,4830,0.30322006,115,0.014110863,4830,0.280602128
galaxy_a100_b10_c80_v3.col,100,10,80,3,4785,4685,4686,0.287657952,110,0.013181637,4686,0.266342498
galaxy_a100_b10_c80_v4.col,100,10,80,4,4712,4612,4613,0.277309181,110,0.012908163,4613,0.257838989
galaxy_a100_b10_c80_v5.col,100,10,80,5,4537,4437,4438,0.25543384,110,0.011838653,4438,0.236253266
galaxy_a100_b10_c90_v1.col,100,10,90,1,5110,5010,5011,0.329980252,110,0.015408272,5011,0.335217575
galaxy_a100_b10_c90_v2.col,100,10,90,2,5347,5247,5248,0.364786548,112,0.016644945,5248,0.336940112
galaxy_a100_b10_c90_v3.col,100,10,90,3,5523,5423,5424,0.384214007,115,0.017068436,5424,0.355907232
galaxy_a100_b10_c90_v4.col,100,10,90,4,5349,5249,5250,0.364422536,113,0.016525693,5250,0.342299693
galaxy_a100_b10_c90_v5.col,100,10,90,5,5416,5316,5317,0.375728669,112,0.016635255,5317,0.347013262
galaxy_a10_b10_c100_v1.col,10,10,100,1,510,500,501,0.002960141,94,0.000368328,501,0.002512343
galaxy_a10_b10_c100_v2.col,10,10,100,2,650,640,641,0.004893035,97,0.000576554,641,0.004245189
galaxy_a10_b10_c100_v3.col,10,10,100,3,600,590,591,0.004260228,98,0.000462917,591,0.003572345
galaxy_a10_b10_c100_v4.col,10,10,100,4,601,591,592,0.004254246,101,0.000472172,592,0.003573379
galaxy_a10_b10_c100_v5.col,10,10,100,5,545,535,536,0.003395491,88,0.000418733,536,0.002881669
galaxy_a10_b10_c20_v1.col,10,10,20,1,164,154,155,0.000332797,22,6.7103e-5,155,0.000305945
galaxy_a10_b10_c20_v2.col,10,10,20,2,159,149,150,0.000304102,21,6.2786e-5,150,0.000261636
galaxy_a10_b10_c20_v3.col,10,10,20,3,160,150,151,0.000308713,22,6.3931e-5,151,0.000279499
galaxy_a10_b10_c20_v4.col,10,10,20,4,147,137,138,0.000262795,21,5.9702e-5,138,0.000226975
galaxy_a10_b10_c20_v5.col,10,10,20,5,167,157,158,0.000334409,23,6.6193e-5,158,0.000291582
galaxy_a10_b10_c30_v1.col,10,10,30,1,218,208,209,0.000580075,28,0.000124243,209,0.000489467
galaxy_a10_b10_c30_v2.col,10,10,30,2,222,212,213,0.000601793,31,0.000116485,213,0.000526889
galaxy_a10_b10_c30_v3.col,10,10,30,3,208,198,199,0.000545768,27,0.00010753,199,0.000456194
galaxy_a10_b10_c30_v4.col,10,10,30,4,196,186,187,0.00047602,28,0.000129056,187,0.000410179
galaxy_a10_b10_c30_v5.col,10,10,30,5,212,202,203,0.000559523,31,0.000115678,203,0.000467536
galaxy_a10_b10_c40_v1.col,10,10,40,1,245,235,236,0.000723195,37,0.000130986,236,0.000618587
galaxy_a10_b10_c40_v2.col,10,10,40,2,246,236,237,0.000761389,39,0.000132196,237,0.000605707
galaxy_a10_b10_c40_v3.col,10,10,40,3,279,269,270,0.000930011,41,0.000152695,270,0.000799256
galaxy_a10_b10_c40_v4.col,10,10,40,4,259,249,250,0.000802979,38,0.000137922,250,0.000674045
galaxy_a10_b10_c40_v5.col,10,10,40,5,262,252,253,0.000824731,41,0.000148679,253,0.000709301
galaxy_a10_b10_c50_v1.col,10,10,50,1,337,327,328,0.001329741,51,0.000199304,328,0.001144345
galaxy_a10_b10_c50_v2.col,10,10,50,2,376,366,367,0.001662488,50,0.000210479,367,0.001378282
galaxy_a10_b10_c50_v3.col,10,10,50,3,351,341,342,0.001424613,49,0.000207719,342,0.001203585
galaxy_a10_b10_c50_v4.col,10,10,50,4,286,276,277,0.001075118,48,0.000155826,277,0.000815724
galaxy_a10_b10_c50_v5.col,10,10,50,5,320,310,311,0.001193176,51,0.000175187,311,0.00103832
galaxy_a10_b10_c60_v1.col,10,10,60,1,360,350,351,0.001493358,61,0.000191505,351,0.00125348
galaxy_a10_b10_c60_v2.col,10,10,60,2,261,251,252,0.000815151,51,0.000138379,252,0.000655993
galaxy_a10_b10_c60_v3.col,10,10,60,3,259,249,250,0.000771533,53,0.000124115,250,0.000664817
galaxy_a10_b10_c60_v4.col,10,10,60,4,402,392,393,0.001879932,59,0.000230552,393,0.001573252
galaxy_a10_b10_c60_v5.col,10,10,60,5,341,331,332,0.001363027,59,0.000196057,332,0.001118603
galaxy_a10_b10_c70_v1.col,10,10,70,1,458,448,449,0.002403258,61,0.000277461,449,0.002047529
galaxy_a10_b10_c70_v2.col,10,10,70,2,492,482,483,0.002768184,65,0.000296516,483,0.00235927
galaxy_a10_b10_c70_v3.col,10,10,70,3,447,437,438,0.002299539,72,0.000272783,438,0.00191092
galaxy_a10_b10_c70_v4.col,10,10,70,4,430,420,421,0.002152283,69,0.000253836,421,0.001795456
galaxy_a10_b10_c70_v5.col,10,10,70,5,456,446,447,0.002378537,69,0.000275813,447,0.002080986
galaxy_a10_b10_c80_v1.col,10,10,80,1,469,459,460,0.002526029,77,0.000277329,460,0.002101862
galaxy_a10_b10_c80_v2.col,10,10,80,2,519,509,510,0.003065281,79,0.000361961,510,0.002595523
galaxy_a10_b10_c80_v3.col,10,10,80,3,575,565,566,0.00376609,82,0.000391805,566,0.003201771
galaxy_a10_b10_c80_v4.col,10,10,80,4,435,425,426,0.002173719,75,0.000249441,426,0.001802268
galaxy_a10_b10_c80_v5.col,10,10,80,5,424,414,415,0.002078344,77,0.0002418,415,0.00173453
galaxy_a10_b10_c90_v1.col,10,10,90,1,550,540,541,0.003554771,90,0.000381884,541,0.002912198
galaxy_a10_b10_c90_v2.col,10,10,90,2,618,608,609,0.004494536,85,0.000503226,609,0.003823923
galaxy_a10_b10_c90_v3.col,10,10,90,3,438,428,429,0.002203529,71,0.000262661,429,0.001854865
galaxy_a10_b10_c90_v4.col,10,10,90,4,475,465,466,0.002609226,89,0.000302592,466,0.002169709
galaxy_a10_b10_c90_v5.col,10,10,90,5,593,583,584,0.004025041,87,0.000446619,584,0.003430222
galaxy_a15_b10_c100_v1.col,15,10,100,1,876,861,862,0.009033928,94,0.000787104,862,0.007740866
galaxy_a15_b10_c100_v2.col,15,10,100,2,750,735,736,0.006569353,100,0.000630753,736,0.005585608
galaxy_a15_b10_c100_v3.col,15,10,100,3,939,924,925,0.010251312,102,0.000840461,925,0.008951639
galaxy_a15_b10_c100_v4.col,15,10,100,4,774,759,760,0.006966967,90,0.000638619,760,0.006011246
galaxy_a15_b10_c100_v5.col,15,10,100,5,783,768,769,0.007103705,99,0.000648778,769,0.006094499
galaxy_a15_b10_c20_v1.col,15,10,20,1,251,236,237,0.000744975,26,0.000117957,237,0.000644152
galaxy_a15_b10_c20_v2.col,15,10,20,2,265,250,251,0.000831489,27,0.000135333,251,0.000701133
galaxy_a15_b10_c20_v3.col,15,10,20,3,239,224,225,0.000671777,25,0.000101231,225,0.000574177
galaxy_a15_b10_c20_v4.col,15,10,20,4,232,217,218,0.000632972,25,9.8388e-5,218,0.000559343
galaxy_a15_b10_c20_v5.col,15,10,20,5,248,233,234,0.000724253,26,0.000124863,234,0.000604049
galaxy_a15_b10_c30_v1.col,15,10,30,1,305,290,291,0.001073302,31,0.000155565,291,0.000916549
galaxy_a15_b10_c30_v2.col,15,10,30,2,308,293,294,0.001105894,29,0.000152513,294,0.000924368
galaxy_a15_b10_c30_v3.col,15,10,30,3,319,304,305,0.001188396,31,0.0001671,305,0.00099695
galaxy_a15_b10_c30_v4.col,15,10,30,4,300,285,286,0.001051358,31,0.000143507,286,0.000881631
galaxy_a15_b10_c30_v5.col,15,10,30,5,345,330,331,0.001375104,32,0.00017535,331,0.001158413
galaxy_a15_b10_c40_v1.col,15,10,40,1,423,408,409,0.002063811,40,0.000233851,409,0.001723553
galaxy_a15_b10_c40_v2.col,15,10,40,2,435,420,421,0.002195771,41,0.000240543,421,0.001878356
galaxy_a15_b10_c40_v3.col,15,10,40,3,358,343,344,0.001497205,41,0.000186001,344,0.001246042
galaxy_a15_b10_c40_v4.col,15,10,40,4,341,326,327,0.001331107,38,0.00017309,327,0.00111742
galaxy_a15_b10_c40_v5.col,15,10,40,5,360,345,346,0.001493335,39,0.000178555,346,0.00124781
galaxy_a15_b10_c50_v1.col,15,10,50,1,461,446,447,0.002446847,48,0.000264714,447,0.002115391
galaxy_a15_b10_c50_v2.col,15,10,50,2,465,450,451,0.002484808,50,0.000267415,451,0.00210096
galaxy_a15_b10_c50_v3.col,15,10,50,3,546,531,532,0.003450723,51,0.000357095,532,0.002904598
galaxy_a15_b10_c50_v4.col,15,10,50,4,372,357,358,0.001598734,49,0.000205127,358,0.001336675
galaxy_a15_b10_c50_v5.col,15,10,50,5,497,482,483,0.002861944,51,0.000283361,483,0.002395776
galaxy_a15_b10_c60_v1.col,15,10,60,1,599,584,585,0.004170813,59,0.000417782,585,0.003523968
galaxy_a15_b10_c60_v2.col,15,10,60,2,580,565,566,0.003872743,61,0.000361207,566,0.003301702
galaxy_a15_b10_c60_v3.col,15,10,60,3,510,495,496,0.002976564,60,0.000297517,496,0.002545748
galaxy_a15_b10_c60_v4.col,15,10,60,4,509,494,495,0.003022472,56,0.000304675,495,0.002520689
galaxy_a15_b10_c60_v5.col,15,10,60,5,537,522,523,0.003322776,60,0.000310212,523,0.002822002
galaxy_a15_b10_c70_v1.col,15,10,70,1,487,472,473,0.002712409,67,0.000283411,473,0.002250217
galaxy_a15_b10_c70_v2.col,15,10,70,2,547,532,533,0.003462525,62,0.000362432,533,0.002924618
galaxy_a15_b10_c70_v3.col,15,10,70,3,590,575,576,0.004029968,59,0.000368861,576,0.003409553
galaxy_a15_b10_c70_v4.col,15,10,70,4,674,659,660,0.005293524,71,0.000488489,660,0.004506712
galaxy_a15_b10_c70_v5.col,15,10,70,5,712,697,698,0.005893061,70,0.0005195,698,0.005047414
galaxy_a15_b10_c80_v1.col,15,10,80,1,551,536,537,0.003493527,74,0.000350826,537,0.002938747
galaxy_a15_b10_c80_v2.col,15,10,80,2,694,679,680,0.014832235,76,0.000519074,680,0.004816466
galaxy_a15_b10_c80_v3.col,15,10,80,3,589,574,575,0.003965436,80,0.000372483,575,0.003348024
galaxy_a15_b10_c80_v4.col,15,10,80,4,657,642,643,0.004993412,78,0.000476085,643,0.004242642
galaxy_a15_b10_c80_v5.col,15,10,80,5,832,817,818,0.008023165,81,0.000677118,818,0.006957711
galaxy_a15_b10_c90_v1.col,15,10,90,1,705,690,691,0.005784943,85,0.00052114,691,0.004970323
galaxy_a15_b10_c90_v2.col,15,10,90,2,820,805,806,0.007843308,89,0.000649386,806,0.006818858
galaxy_a15_b10_c90_v3.col,15,10,90,3,782,767,768,0.0071223,83,0.000623015,768,0.006143771
galaxy_a15_b10_c90_v4.col,15,10,90,4,711,696,697,0.005905606,91,0.000546173,697,0.005017527
galaxy_a15_b10_c90_v5.col,15,10,90,5,666,651,652,0.005160834,91,0.000454151,652,0.004375223
galaxy_a20_b10_c100_v1.col,20,10,100,1,1027,1007,1008,0.012252212,95,0.000912526,1008,0.010804352
galaxy_a20_b10_c100_v2.col,20,10,100,2,1192,1172,1173,0.016581662,94,0.001170929,1173,0.014620343
galaxy_a20_b10_c100_v3.col,20,10,100,3,1059,1039,1040,0.013038011,99,0.000985331,1040,0.011516812
galaxy_a20_b10_c100_v4.col,20,10,100,4,1104,1084,1085,0.014703904,94,0.001042544,1085,0.012528211
galaxy_a20_b10_c100_v5.col,20,10,100,5,1189,1169,1170,0.016522924,99,0.001194685,1170,0.014564727
galaxy_a20_b10_c20_v1.col,20,10,20,1,289,269,270,0.000954483,30,0.000134973,270,0.000805268
galaxy_a20_b10_c20_v2.col,20,10,20,2,327,307,308,0.00122326,31,0.000152904,308,0.001037213
galaxy_a20_b10_c20_v3.col,20,10,20,3,318,298,299,0.001205303,30,0.00014412,299,0.000970559
galaxy_a20_b10_c20_v4.col,20,10,20,4,309,289,290,0.001105305,30,0.000136527,290,0.000919655
galaxy_a20_b10_c20_v5.col,20,10,20,5,318,298,299,0.001159651,30,0.000147444,299,0.000965929
galaxy_a20_b10_c30_v1.col,20,10,30,1,391,371,372,0.0017735,31,0.000197062,372,0.001484234
galaxy_a20_b10_c30_v2.col,20,10,30,2,448,428,429,0.00230516,33,0.000234015,429,0.001944384
galaxy_a20_b10_c30_v3.col,20,10,30,3,433,413,414,0.002230228,33,0.00022242,414,0.001796062
galaxy_a20_b10_c30_v4.col,20,10,30,4,429,409,410,0.002102352,32,0.000217176,410,0.001766308
galaxy_a20_b10_c30_v5.col,20,10,30,5,427,407,408,0.002103342,34,0.000210857,408,0.001746069
galaxy_a20_b10_c40_v1.col,20,10,40,1,595,575,576,0.004096222,43,0.000346185,576,0.003438471
galaxy_a20_b10_c40_v2.col,20,10,40,2,580,560,561,0.003879179,43,0.000328635,561,0.003282676
galaxy_a20_b10_c40_v3.col,20,10,40,3,503,483,484,0.002897112,42,0.000277789,484,0.002458451
galaxy_a20_b10_c40_v4.col,20,10,40,4,483,463,464,0.002695933,41,0.000253953,464,0.002256859
galaxy_a20_b10_c40_v5.col,20,10,40,5,545,525,526,0.003445925,41,0.00031055,526,0.002910617
galaxy_a20_b10_c50_v1.col,20,10,50,1,621,601,602,0.004497713,49,0.000427373,602,0.003849591
galaxy_a20_b10_c50_v2.col,20,10,50,2,674,654,655,0.005342209,51,0.000461033,655,0.004521838
galaxy_a20_b10_c50_v3.col,20,10,50,3,710,690,691,0.005911645,52,0.000482934,691,0.005060911
galaxy_a20_b10_c50_v4.col,20,10,50,4,589,569,570,0.004040884,51,0.000344271,570,0.003455638
galaxy_a20_b10_c50_v5.col,20,10,50,5,643,623,624,0.004815749,52,0.000389389,624,0.004117908
galaxy_a20_b10_c60_v1.col,20,10,60,1,845,825,826,0.008345129,59,0.000659827,826,0.00733262
galaxy_a20_b10_c60_v2.col,20,10,60,2,688,668,669,0.005581788,58,0.000451745,669,0.004748439
galaxy_a20_b10_c60_v3.col,20,10,60,3,755,735,736,0.006721128,61,0.000570621,736,0.00577734
galaxy_a20_b10_c60_v4.col,20,10,60,4,743,723,724,0.006525206,58,0.000560815,724,0.005580001
galaxy_a20_b10_c60_v5.col,20,10,60,5,678,658,659,0.005412341,60,0.000465401,659,0.012934122
galaxy_a20_b10_c70_v1.col,20,10,70,1,863,843,844,0.008654337,71,0.000700017,844,0.00753069
galaxy_a20_b10_c70_v2.col,20,10,70,2,624,604,605,0.004576862,55,0.000407412,605,0.003837193
galaxy_a20_b10_c70_v3.col,20,10,70,3,825,805,806,0.007960159,66,0.000631635,806,0.006886134
galaxy_a20_b10_c70_v4.col,20,10,70,4,818,798,799,0.007856402,64,0.000631106,799,0.006757691
galaxy_a20_b10_c70_v5.col,20,10,70,5,819,799,800,0.007832812,63,0.000616522,800,0.006772023
galaxy_a20_b10_c80_v1.col,20,10,80,1,923,903,904,0.009944656,78,0.000765743,904,0.008628148
galaxy_a20_b10_c80_v2.col,20,10,80,2,918,898,899,0.009841511,78,0.000758508,899,0.008516034
galaxy_a20_b10_c80_v3.col,20,10,80,3,1028,1008,1009,0.012319925,78,0.000919323,1009,0.010821443
galaxy_a20_b10_c80_v4.col,20,10,80,4,867,847,848,0.0086742,81,0.00069501,848,0.007568483
galaxy_a20_b10_c80_v5.col,20,10,80,5,999,979,980,0.011657167,75,0.000837337,980,0.010220064
galaxy_a20_b10_c90_v1.col,20,10,90,1,1013,993,994,0.012026983,86,0.000862227,994,0.010525222
galaxy_a20_b10_c90_v2.col,20,10,90,2,1017,997,998,0.012048014,91,0.000904652,998,0.010562298
galaxy_a20_b10_c90_v3.col,20,10,90,3,841,821,822,0.008205832,87,0.000646501,822,0.007093102
galaxy_a20_b10_c90_v4.col,20,10,90,4,1028,1008,1009,0.012294661,85,0.000913717,1009,0.010773498
galaxy_a20_b10_c90_v5.col,20,10,90,5,1063,1043,1044,0.013133303,88,0.000950808,1044,0.011626466
galaxy_a25_b10_c100_v1.col,25,10,100,1,1373,1348,1349,0.021997991,99,0.001475894,1349,0.019446898
galaxy_a25_b10_c100_v2.col,25,10,100,2,1480,1455,1456,0.025675786,98,0.001611553,1456,0.022772753
galaxy_a25_b10_c100_v3.col,25,10,100,3,1574,1549,1550,0.028926069,101,0.001853336,1550,0.025829457
galaxy_a25_b10_c100_v4.col,25,10,100,4,1630,1605,1606,0.031207644,101,0.001971023,1606,0.027849534
galaxy_a25_b10_c100_v5.col,25,10,100,5,1456,1431,1432,0.024892528,97,0.001629344,1432,0.022043445
galaxy_a25_b10_c20_v1.col,25,10,20,1,387,362,363,0.001698385,35,0.0001797,363,0.001451125
galaxy_a25_b10_c20_v2.col,25,10,20,2,398,373,374,0.001790371,35,0.000186407,374,0.001496871
galaxy_a25_b10_c20_v3.col,25,10,20,3,403,378,379,0.001860735,35,0.000188352,379,0.0015378
galaxy_a25_b10_c20_v4.col,25,10,20,4,372,347,348,0.001547882,35,0.000168226,348,0.00132401
galaxy_a25_b10_c20_v5.col,25,10,20,5,398,373,374,0.001792668,35,0.000196104,374,0.001495764
galaxy_a25_b10_c30_v1.col,25,10,30,1,557,532,533,0.003616384,37,0.00031941,533,0.003004833
galaxy_a25_b10_c30_v2.col,25,10,30,2,544,519,520,0.003401817,37,0.000296208,520,0.002867929
galaxy_a25_b10_c30_v3.col,25,10,30,3,513,488,489,0.002999592,35,0.000289361,489,0.002572104
galaxy_a25_b10_c30_v4.col,25,10,30,4,525,500,501,0.003144792,35,0.000277887,501,0.002619688
galaxy_a25_b10_c30_v5.col,25,10,30,5,528,503,504,0.003185563,37,0.000283122,504,0.002682927
galaxy_a25_b10_c40_v1.col,25,10,40,1,604,579,580,0.004261439,41,0.000347467,580,0.003521126
galaxy_a25_b10_c40_v2.col,25,10,40,2,655,630,631,0.004993135,42,0.000428045,631,0.004215835
galaxy_a25_b10_c40_v3.col,25,10,40,3,634,609,610,0.00467838,41,0.000401465,610,0.003931737
galaxy_a25_b10_c40_v4.col,25,10,40,4,692,667,668,0.005572019,42,0.000462478,668,0.004715934
galaxy_a25_b10_c40_v5.col,25,10,40,5,625,600,601,0.004550023,41,0.000392189,601,0.003821934
galaxy_a25_b10_c50_v1.col,25,10,50,1,797,772,773,0.007379213,50,0.000563383,773,0.006302492
galaxy_a25_b10_c50_v2.col,25,10,50,2,749,724,725,0.006526562,51,0.000508054,725,0.00554462
galaxy_a25_b10_c50_v3.col,25,10,50,3,762,737,738,0.006744977,51,0.000533135,738,0.005766463
galaxy_a25_b10_c50_v4.col,25,10,50,4,849,824,825,0.008374942,50,0.000639237,825,0.007195976
galaxy_a25_b10_c50_v5.col,25,10,50,5,789,764,765,0.007263598,50,0.000565185,765,0.006154835
galaxy_a25_b10_c60_v1.col,25,10,60,1,814,789,790,0.007645471,60,0.000605954,790,0.006578176
galaxy_a25_b10_c60_v2.col,25,10,60,2,882,857,858,0.009036482,61,0.000683142,858,0.00776812
galaxy_a25_b10_c60_v3.col,25,10,60,3,865,840,841,0.008666982,61,0.000661498,841,0.007440405
galaxy_a25_b10_c60_v4.col,25,10,60,4,913,888,889,0.009637945,61,0.000720723,889,0.008404231
galaxy_a25_b10_c60_v5.col,25,10,60,5,887,862,863,0.009092266,60,0.000730116,863,0.007852245
galaxy_a25_b10_c70_v1.col,25,10,70,1,1030,1005,1006,0.012331978,71,0.000882784,1006,0.010791308
galaxy_a25_b10_c70_v2.col,25,10,70,2,1013,988,989,0.011958824,68,0.000847401,989,0.010422527
galaxy_a25_b10_c70_v3.col,25,10,70,3,1028,1003,1004,0.012340648,68,0.000868428,1004,0.011019079
galaxy_a25_b10_c70_v4.col,25,10,70,4,1004,979,980,0.011721766,71,0.000839103,980,0.010239128
galaxy_a25_b10_c70_v5.col,25,10,70,5,949,924,925,0.010541642,64,0.000762488,925,0.009137948
galaxy_a25_b10_c80_v1.col,25,10,80,1,1071,1046,1047,0.013380786,78,0.000950754,1047,0.011684408
galaxy_a25_b10_c80_v2.col,25,10,80,2,1275,1250,1251,0.018941248,79,0.001280156,1251,0.016769994
galaxy_a25_b10_c80_v3.col,25,10,80,3,1339,1314,1315,0.020918854,82,0.001375273,1315,0.018581981
galaxy_a25_b10_c80_v4.col,25,10,80,4,1099,1074,1075,0.014046258,81,0.000996736,1075,0.012318541
galaxy_a25_b10_c80_v5.col,25,10,80,5,1277,1252,1253,0.019147668,73,0.001280762,1253,0.016916514
galaxy_a25_b10_c90_v1.col,25,10,90,1,1220,1195,1196,0.017344814,90,0.001177707,1196,0.015991235
galaxy_a25_b10_c90_v2.col,25,10,90,2,1128,1103,1104,0.014822809,79,0.001023059,1104,0.013141854
galaxy_a25_b10_c90_v3.col,25,10,90,3,1201,1176,1177,0.016773741,91,0.001165669,1177,0.014784778
galaxy_a25_b10_c90_v4.col,25,10,90,4,1077,1052,1053,0.01349364,89,0.000968987,1053,0.011922757
galaxy_a25_b10_c90_v5.col,25,10,90,5,1435,1410,1411,0.024055528,90,0.00155025,1411,0.021398663
galaxy_a30_b10_c100_v1.col,30,10,100,1,1837,1807,1808,0.03977176,100,0.00235323,1808,0.037138583
galaxy_a30_b10_c100_v2.col,30,10,100,2,1411,1381,1382,0.023409429,83,0.001485044,1382,0.021322219
galaxy_a30_b10_c100_v3.col,30,10,100,3,1687,1657,1658,0.033377603,97,0.001981801,1658,0.030277872
galaxy_a30_b10_c100_v4.col,30,10,100,4,1489,1459,1460,0.025934418,101,0.001636821,1460,0.022943091
galaxy_a30_b10_c100_v5.col,30,10,100,5,1571,1541,1542,0.028845263,101,0.001762527,1542,0.025590701
galaxy_a30_b10_c20_v1.col,30,10,20,1,479,449,450,0.00261104,40,0.000240505,450,0.002155399
galaxy_a30_b10_c20_v2.col,30,10,20,2,494,464,465,0.002757407,40,0.000267552,465,0.002289349
galaxy_a30_b10_c20_v3.col,30,10,20,3,492,462,463,0.002723584,40,0.00024196,463,0.002263892
galaxy_a30_b10_c20_v4.col,30,10,20,4,497,467,468,0.002776865,40,0.000258821,468,0.002320767
galaxy_a30_b10_c20_v5.col,30,10,20,5,468,438,439,0.002458281,40,0.000250412,439,0.002043923
galaxy_a30_b10_c30_v1.col,30,10,30,1,561,531,532,0.003584799,40,0.00030869,532,0.003021563
galaxy_a30_b10_c30_v2.col,30,10,30,2,623,593,594,0.004478178,40,0.000392725,594,0.003841965
galaxy_a30_b10_c30_v3.col,30,10,30,3,609,579,580,0.004256596,40,0.000383148,580,0.003564089
galaxy_a30_b10_c30_v4.col,30,10,30,4,621,591,592,0.004564945,40,0.000402123,592,0.003734908
galaxy_a30_b10_c30_v5.col,30,10,30,5,600,570,571,0.004107558,40,0.000338303,571,0.003427485
galaxy_a30_b10_c40_v1.col,30,10,40,1,839,809,810,0.008174001,45,0.000605668,810,0.007006258
galaxy_a30_b10_c40_v2.col,30,10,40,2,786,756,757,0.007187563,43,0.000530152,757,0.006117067
galaxy_a30_b10_c40_v3.col,30,10,40,3,840,810,811,0.008248683,46,0.000610008,811,0.007022719
galaxy_a30_b10_c40_v4.col,30,10,40,4,677,647,648,0.005289444,40,0.000423157,648,0.004482972
galaxy_a30_b10_c40_v5.col,30,10,40,5,745,715,716,0.006437527,43,0.000507859,716,0.005483763
galaxy_a30_b10_c50_v1.col,30,10,50,1,984,954,955,0.011255837,51,0.00079003,955,0.009826197
galaxy_a30_b10_c50_v2.col,30,10,50,2,856,826,827,0.008461671,49,0.000623053,827,0.0072831
galaxy_a30_b10_c50_v3.col,30,10,50,3,992,962,963,0.011414729,55,0.000798302,963,0.016772358
galaxy_a30_b10_c50_v4.col,30,10,50,4,973,943,944,0.010952353,51,0.000773333,944,0.009572963
galaxy_a30_b10_c50_v5.col,30,10,50,5,922,892,893,0.009865776,52,0.000694519,893,0.008522406
galaxy_a30_b10_c60_v1.col,30,10,60,1,1088,1058,1059,0.013892588,61,0.000992306,1059,0.012060448
galaxy_a30_b10_c60_v2.col,30,10,60,2,1115,1085,1086,0.014517728,63,0.001001037,1086,0.012762221
galaxy_a30_b10_c60_v3.col,30,10,60,3,1104,1074,1075,0.014178678,60,0.000965021,1075,0.012462796
galaxy_a30_b10_c60_v4.col,30,10,60,4,936,906,907,0.010144424,61,0.000736614,907,0.008796698
galaxy_a30_b10_c60_v5.col,30,10,60,5,1075,1045,1046,0.013436011,60,0.000941505,1046,0.011814719
galaxy_a30_b10_c70_v1.col,30,10,70,1,1148,1118,1119,0.01531979,71,0.001053679,1119,0.013494496
galaxy_a30_b10_c70_v2.col,30,10,70,2,1132,1102,1103,0.014922634,70,0.001036668,1103,0.013084003
galaxy_a30_b10_c70_v3.col,30,10,70,3,1318,1288,1289,0.020233576,71,0.0012973,1289,0.017915881
galaxy_a30_b10_c70_v4.col,30,10,70,4,1123,1093,1094,0.014647461,73,0.001015258,1094,0.012886975
galaxy_a30_b10_c70_v5.col,30,10,70,5,1182,1152,1153,0.016290231,71,0.001100222,1153,0.014330463
galaxy_a30_b10_c80_v1.col,30,10,80,1,1403,1373,1374,0.022936102,81,0.001457062,1374,0.020413832
galaxy_a30_b10_c80_v2.col,30,10,80,2,1432,1402,1403,0.023889221,83,0.001643549,1403,0.021269548
galaxy_a30_b10_c80_v3.col,30,10,80,3,1220,1190,1191,0.017340171,79,0.001126531,1191,0.015220944
galaxy_a30_b10_c80_v4.col,30,10,80,4,1515,1485,1486,0.02678885,80,0.001649163,1486,0.023701715
galaxy_a30_b10_c80_v5.col,30,10,80,5,1360,1330,1331,0.021597914,72,0.001357793,1331,0.019061284
galaxy_a30_b10_c90_v1.col,30,10,90,1,1608,1578,1579,0.030198776,92,0.001807276,1579,0.026899634
galaxy_a30_b10_c90_v2.col,30,10,90,2,1408,1378,1379,0.02325989,86,0.001485211,1379,0.020539271
galaxy_a30_b10_c90_v3.col,30,10,90,3,1498,1468,1469,0.026062884,91,0.001683996,1469,0.023284839
galaxy_a30_b10_c90_v4.col,30,10,90,4,1863,1833,1834,0.041136282,90,0.002324451,1834,0.036425922
galaxy_a30_b10_c90_v5.col,30,10,90,5,1520,1490,1491,0.02712757,91,0.001678496,1491,0.023927994
galaxy_a35_b10_c100_v1.col,35,10,100,1,1935,1900,1901,0.044107848,101,0.002466266,1901,0.039181439
galaxy_a35_b10_c100_v2.col,35,10,100,2,1868,1833,1834,0.047591091,101,0.002319587,1834,0.036602136
galaxy_a35_b10_c100_v3.col,35,10,100,3,1678,1643,1644,0.032888939,93,0.001966634,1644,0.029226799
galaxy_a35_b10_c100_v4.col,35,10,100,4,2167,2132,2133,0.055638977,102,0.003200177,2133,0.050044091
galaxy_a35_b10_c100_v5.col,35,10,100,5,1803,1768,1769,0.038134443,101,0.002232384,1769,0.033915334
galaxy_a35_b10_c20_v1.col,35,10,20,1,556,521,522,0.003471139,45,0.00031792,522,0.002893422
galaxy_a35_b10_c20_v2.col,35,10,20,2,551,516,517,0.003406689,45,0.000290887,517,0.002871419
galaxy_a35_b10_c20_v3.col,35,10,20,3,533,498,499,0.003185745,45,0.000296721,499,0.002647648
galaxy_a35_b10_c20_v4.col,35,10,20,4,534,499,500,0.003185858,45,0.000295276,500,0.00271017
galaxy_a35_b10_c20_v5.col,35,10,20,5,527,492,493,0.003095094,45,0.000291137,493,0.002596001
galaxy_a35_b10_c30_v1.col,35,10,30,1,743,708,709,0.006341488,46,0.000522488,709,0.005429083
galaxy_a35_b10_c30_v2.col,35,10,30,2,728,693,694,0.006134636,45,0.000490171,694,0.00515514
galaxy_a35_b10_c30_v3.col,35,10,30,3,764,729,730,0.010924565,45,0.00052446,730,0.005735627
galaxy_a35_b10_c30_v4.col,35,10,30,4,731,696,697,0.006200413,46,0.000485282,697,0.00524786
galaxy_a35_b10_c30_v5.col,35,10,30,5,723,688,689,0.006082188,45,0.000476742,689,0.005099103
galaxy_a35_b10_c40_v1.col,35,10,40,1,996,961,962,0.011491059,51,0.000762394,962,0.009986275
galaxy_a35_b10_c40_v2.col,35,10,40,2,927,892,893,0.009931407,48,0.000697529,893,0.008627103
galaxy_a35_b10_c40_v3.col,35,10,40,3,930,895,896,0.010110158,47,0.00068913,896,0.008684946
galaxy_a35_b10_c40_v4.col,35,10,40,4,875,840,841,0.008875154,47,0.015447313,841,0.007591983
galaxy_a35_b10_c40_v5.col,35,10,40,5,766,731,732,0.006752239,45,0.000538069,732,0.005762606
galaxy_a35_b10_c50_v1.col,35,10,50,1,1115,1080,1081,0.01443688,52,0.000957031,1081,0.012642804
galaxy_a35_b10_c50_v2.col,35,10,50,2,1186,1151,1152,0.016341888,53,0.001081679,1152,0.014515014
galaxy_a35_b10_c50_v3.col,35,10,50,3,1150,1115,1116,0.015389014,54,0.001044253,1116,0.01349975
galaxy_a35_b10_c50_v4.col,35,10,50,4,1074,1039,1040,0.013380272,51,0.000948416,1040,0.011699608
galaxy_a35_b10_c50_v5.col,35,10,50,5,1084,1049,1050,0.013763085,52,0.000937738,1050,0.011932636
galaxy_a35_b10_c60_v1.col,35,10,60,1,1295,1260,1261,0.01959848,61,0.001231181,1261,0.017190946
galaxy_a35_b10_c60_v2.col,35,10,60,2,1199,1164,1165,0.016714415,57,0.001078737,1165,0.014644032
galaxy_a35_b10_c60_v3.col,35,10,60,3,1270,1235,1236,0.018712081,57,0.001214871,1236,0.016926326
galaxy_a35_b10_c60_v4.col,35,10,60,4,1259,1224,1225,0.018393836,61,0.001184942,1225,0.016249498
galaxy_a35_b10_c60_v5.col,35,10,60,5,1205,1170,1171,0.016890734,59,0.001121715,1171,0.014863507
galaxy_a35_b10_c70_v1.col,35,10,70,1,1521,1486,1487,0.027071181,71,0.00165657,1487,0.02396646
galaxy_a35_b10_c70_v2.col,35,10,70,2,1394,1359,1360,0.022703838,64,0.001404455,1360,0.020019574
galaxy_a35_b10_c70_v3.col,35,10,70,3,1415,1380,1381,0.023731947,67,0.001591973,1381,0.020826142
galaxy_a35_b10_c70_v4.col,35,10,70,4,1389,1354,1355,0.022427798,72,0.001451606,1355,0.019869807
galaxy_a35_b10_c70_v5.col,35,10,70,5,1323,1288,1289,0.020360343,70,0.001280248,1289,0.017959745
galaxy_a35_b10_c80_v1.col,35,10,80,1,1668,1633,1634,0.032491587,81,0.001900621,1634,0.028939576
galaxy_a35_b10_c80_v2.col,35,10,80,2,1491,1456,1457,0.025907194,78,0.001642459,1457,0.022865672
galaxy_a35_b10_c80_v3.col,35,10,80,3,1628,1593,1594,0.031069765,82,0.001893467,1594,0.027530227
galaxy_a35_b10_c80_v4.col,35,10,80,4,1451,1416,1417,0.024592382,79,0.001535209,1417,0.021746086
galaxy_a35_b10_c80_v5.col,35,10,80,5,1571,1536,1537,0.028752461,81,0.001725472,1537,0.02551842
galaxy_a35_b10_c90_v1.col,35,10,90,1,1716,1681,1682,0.034514244,90,0.002018774,1682,0.030625914
galaxy_a35_b10_c90_v2.col,35,10,90,2,1608,1573,1574,0.030217909,90,0.001760079,1574,0.026609312
galaxy_a35_b10_c90_v3.col,35,10,90,3,1390,1355,1356,0.022493934,86,0.001444363,1356,0.019827499
galaxy_a35_b10_c90_v4.col,35,10,90,4,1729,1694,1695,0.034901442,91,0.002082712,1695,0.031064821
galaxy_a35_b10_c90_v5.col,35,10,90,5,1924,1889,1890,0.043645794,91,0.002424655,1890,0.038779441
galaxy_a40_b10_c100_v1.col,40,10,100,1,2441,2401,2402,0.071757333,102,0.003859332,2402,0.064813466
galaxy_a40_b10_c100_v2.col,40,10,100,2,2316,2276,2277,0.064035996,99,0.003487242,2277,0.057015394
galaxy_a40_b10_c100_v3.col,40,10,100,3,2184,2144,2145,0.056483532,101,0.003145514,2145,0.050548118
galaxy_a40_b10_c100_v4.col,40,10,100,4,2262,2222,2223,0.061124074,100,0.003367459,2223,0.054714043
galaxy_a40_b10_c100_v5.col,40,10,100,5,2104,2064,2065,0.052026141,101,0.002981556,2065,0.046892974
galaxy_a40_b10_c20_v1.col,40,10,20,1,637,597,598,0.004724995,50,0.000392237,598,0.003817294
galaxy_a40_b10_c20_v2.col,40,10,20,2,642,602,603,0.004704629,50,0.000397329,603,0.00388397
galaxy_a40_b10_c20_v3.col,40,10,20,3,623,583,584,0.004384672,50,0.000355267,584,0.003629469
galaxy_a40_b10_c20_v4.col,40,10,20,4,666,626,627,0.005072925,50,0.000436555,627,0.004317498
galaxy_a40_b10_c20_v5.col,40,10,20,5,636,596,597,0.004592584,50,0.000399679,597,0.003819192
galaxy_a40_b10_c30_v1.col,40,10,30,1,797,757,758,0.007278771,50,0.000555879,758,0.006145329
galaxy_a40_b10_c30_v2.col,40,10,30,2,799,759,760,0.00735594,50,0.000561627,760,0.006237305
galaxy_a40_b10_c30_v3.col,40,10,30,3,788,748,749,0.007243104,50,0.000538424,749,0.006072415
galaxy_a40_b10_c30_v4.col,40,10,30,4,824,784,785,0.00783666,50,0.000577452,785,0.006657188
galaxy_a40_b10_c30_v5.col,40,10,30,5,889,849,850,0.00909724,50,0.000679779,850,0.007850112
galaxy_a40_b10_c40_v1.col,40,10,40,1,1053,1013,1014,0.012864164,51,0.000895,1014,0.011169624
galaxy_a40_b10_c40_v2.col,40,10,40,2,1028,988,989,0.012216367,50,0.000818616,989,0.01058823
galaxy_a40_b10_c40_v3.col,40,10,40,3,1089,1049,1050,0.013737036,50,0.000951181,1050,0.012026481
galaxy_a40_b10_c40_v4.col,40,10,40,4,978,938,939,0.011021593,50,0.000756908,939,0.009555198
galaxy_a40_b10_c40_v5.col,40,10,40,5,1053,1013,1014,0.012821676,51,0.000882515,1014,0.011185082
galaxy_a40_b10_c50_v1.col,40,10,50,1,1176,1136,1137,0.016062646,53,0.001061572,1137,0.014036988
galaxy_a40_b10_c50_v2.col,40,10,50,2,1276,1236,1237,0.018894389,56,0.001209876,1237,0.016586453
galaxy_a40_b10_c50_v3.col,40,10,50,3,1278,1238,1239,0.018980594,56,0.001356149,1239,0.016723325
galaxy_a40_b10_c50_v4.col,40,10,50,4,1208,1168,1169,0.016974157,52,0.001091758,1169,0.014845937
galaxy_a40_b10_c50_v5.col,40,10,50,5,1354,1314,1315,0.021361716,58,0.001313088,1315,0.018784112
galaxy_a40_b10_c60_v1.col,40,10,60,1,1561,1521,1522,0.028508624,66,0.001703501,1522,0.025349408
galaxy_a40_b10_c60_v2.col,40,10,60,2,1399,1359,1360,0.022764326,61,0.001388951,1360,0.019872909
galaxy_a40_b10_c60_v3.col,40,10,60,3,1409,1369,1370,0.023157026,60,0.001455842,1370,0.020447103
galaxy_a40_b10_c60_v4.col,40,10,60,4,1484,1444,1445,0.025714293,62,0.001542754,1445,0.022726581
galaxy_a40_b10_c60_v5.col,40,10,60,5,1377,1337,1338,0.022062129,61,0.001388703,1338,0.01950684
galaxy_a40_b10_c70_v1.col,40,10,70,1,1551,1511,1512,0.028097619,69,0.001646025,1512,0.024810028
galaxy_a40_b10_c70_v2.col,40,10,70,2,1571,1531,1532,0.029249614,68,0.001695139,1532,0.025610398
galaxy_a40_b10_c70_v3.col,40,10,70,3,1643,1603,1604,0.031595412,72,0.001802366,1604,0.027970117
galaxy_a40_b10_c70_v4.col,40,10,70,4,1441,1401,1402,0.024211062,71,0.001513985,1402,0.021553188
galaxy_a40_b10_c70_v5.col,40,10,70,5,1662,1622,1623,0.032454184,71,0.001913698,1623,0.028934869
galaxy_a40_b10_c80_v1.col,40,10,80,1,2093,2053,2054,0.051977055,83,0.002945952,2054,0.046675554
galaxy_a40_b10_c80_v2.col,40,10,80,2,1859,1819,1820,0.040692395,81,0.002278706,1820,0.036154938
galaxy_a40_b10_c80_v3.col,40,10,80,3,1771,1731,1732,0.036754112,81,0.002113946,1732,0.032593022
galaxy_a40_b10_c80_v4.col,40,10,80,4,1736,1696,1697,0.035341863,76,0.001990899,1697,0.031423429
galaxy_a40_b10_c80_v5.col,40,10,80,5,1864,1824,1825,0.041525483,82,0.002278722,1825,0.036528942
galaxy_a40_b10_c90_v1.col,40,10,90,1,2157,2117,2118,0.055258823,91,0.003077632,2118,0.049468248
galaxy_a40_b10_c90_v2.col,40,10,90,2,2012,1972,1973,0.047807712,92,0.002668484,1973,0.042509086
galaxy_a40_b10_c90_v3.col,40,10,90,3,1918,1878,1879,0.044049402,91,0.002459272,1879,0.038794186
galaxy_a40_b10_c90_v4.col,40,10,90,4,1937,1897,1898,0.04409627,89,0.00249809,1898,0.039402607
galaxy_a40_b10_c90_v5.col,40,10,90,5,2098,2058,2059,0.05201751,91,0.003040405,2059,0.046717503
galaxy_a45_b10_c100_v1.col,45,10,100,1,2601,2556,2557,0.082906222,102,0.004304719,2557,0.074714631
galaxy_a45_b10_c100_v2.col,45,10,100,2,2498,2453,2454,0.075813882,100,0.004069064,2454,0.068200237
galaxy_a45_b10_c100_v3.col,45,10,100,3,2530,2485,2486,0.077698986,101,0.004083235,2486,0.070103598
galaxy_a45_b10_c100_v4.col,45,10,100,4,2621,2576,2577,0.084460908,100,0.004381146,2577,0.076097317
galaxy_a45_b10_c100_v5.col,45,10,100,5,2454,2409,2410,0.072443345,98,0.003818225,2410,0.065286099
galaxy_a45_b10_c20_v1.col,45,10,20,1,716,671,672,0.005842087,55,0.000474535,672,0.004847768
galaxy_a45_b10_c20_v2.col,45,10,20,2,701,656,657,0.005597556,55,0.000458711,657,0.004664657
galaxy_a45_b10_c20_v3.col,45,10,20,3,730,685,686,0.006029054,55,0.000500938,686,0.005072728
galaxy_a45_b10_c20_v4.col,45,10,20,4,707,662,663,0.005682014,55,0.000425521,663,0.004769115
galaxy_a45_b10_c20_v5.col,45,10,20,5,712,667,668,0.005865061,55,0.000467435,668,0.004809241
galaxy_a45_b10_c30_v1.col,45,10,30,1,933,888,889,0.0099785,56,0.000705099,889,0.008575955
galaxy_a45_b10_c30_v2.col,45,10,30,2,945,900,901,0.010219027,55,0.000700466,901,0.008707059
galaxy_a45_b10_c30_v3.col,45,10,30,3,901,856,857,0.0093199,56,0.000678098,857,0.007941461
galaxy_a45_b10_c30_v4.col,45,10,30,4,899,854,855,0.009229687,55,0.000697617,855,0.00790217
galaxy_a45_b10_c30_v5.col,45,10,30,5,994,949,950,0.011476546,55,0.000751908,950,0.009769498
galaxy_a45_b10_c40_v1.col,45,10,40,1,1267,1222,1223,0.018583823,57,0.001144324,1223,0.016268114
galaxy_a45_b10_c40_v2.col,45,10,40,2,1309,1264,1265,0.019925075,57,0.00124655,1265,0.017488552
galaxy_a45_b10_c40_v3.col,45,10,40,3,1162,1117,1118,0.015611596,55,0.001007413,1118,0.013597986
galaxy_a45_b10_c40_v4.col,45,10,40,4,1140,1095,1096,0.015065753,55,0.000970252,1096,0.013375422
galaxy_a45_b10_c40_v5.col,45,10,40,5,1178,1133,1134,0.016220811,55,0.001060433,1134,0.014201289
galaxy_a45_b10_c50_v1.col,45,10,50,1,1467,1422,1423,0.02531819,59,0.001484587,1423,0.022031155
galaxy_a45_b10_c50_v2.col,45,10,50,2,1385,1340,1341,0.022259702,56,0.001358921,1341,0.019657941
galaxy_a45_b10_c50_v3.col,45,10,50,3,1430,1385,1386,0.023801946,61,0.001437931,1386,0.020944205
galaxy_a45_b10_c50_v4.col,45,10,50,4,1386,1341,1342,0.022244802,55,0.001333145,1342,0.019585186
galaxy_a45_b10_c50_v5.col,45,10,50,5,1300,1255,1256,0.019594494,57,0.001208027,1256,0.017168274
galaxy_a45_b10_c60_v1.col,45,10,60,1,1781,1736,1737,0.037066824,64,0.002079434,1737,0.033057118
galaxy_a45_b10_c60_v2.col,45,10,60,2,1659,1614,1615,0.03212395,62,0.001837809,1615,0.028385121
galaxy_a45_b10_c60_v3.col,45,10,60,3,1552,1507,1508,0.028013477,61,0.001637678,1508,0.024781144
galaxy_a45_b10_c60_v4.col,45,10,60,4,1711,1666,1667,0.034230024,63,0.008386356,1667,0.030431103
galaxy_a45_b10_c60_v5.col,45,10,60,5,1572,1527,1528,0.02876936,60,0.001643627,1528,0.025371926
galaxy_a45_b10_c70_v1.col,45,10,70,1,1662,1617,1618,0.032295148,70,0.001889024,1618,0.028571115
galaxy_a45_b10_c70_v2.col,45,10,70,2,1876,1831,1832,0.041195591,69,0.00225838,1832,0.03670348
galaxy_a45_b10_c70_v3.col,45,10,70,3,1690,1645,1646,0.034002044,68,0.00195123,1646,0.029617405
galaxy_a45_b10_c70_v4.col,45,10,70,4,1826,1781,1782,0.039156238,69,0.002242671,1782,0.034829888
galaxy_a45_b10_c70_v5.col,45,10,70,5,1821,1776,1777,0.038813266,73,0.002275102,1777,0.03445971
galaxy_a45_b10_c80_v1.col,45,10,80,1,2167,2122,2123,0.055780477,81,0.003109108,2123,0.049747678
galaxy_a45_b10_c80_v2.col,45,10,80,2,2298,2253,2254,0.063072506,82,0.003445531,2254,0.056645191
galaxy_a45_b10_c80_v3.col,45,10,80,3,2089,2044,2045,0.05255039,83,0.002952868,2045,0.052925735
galaxy_a45_b10_c80_v4.col,45,10,80,4,2035,1990,1991,0.048817379,81,0.002672601,1991,0.043602996
galaxy_a45_b10_c80_v5.col,45,10,80,5,2364,2319,2320,0.067091269,81,0.003674215,2320,0.06036576
galaxy_a45_b10_c90_v1.col,45,10,90,1,2249,2204,2205,0.059945482,89,0.003262837,2205,0.053151143
galaxy_a45_b10_c90_v2.col,45,10,90,2,2216,2171,2172,0.058364023,90,0.003173991,2172,0.052137034
galaxy_a45_b10_c90_v3.col,45,10,90,3,2472,2427,2428,0.073910373,91,0.003856394,2428,0.066414226
galaxy_a45_b10_c90_v4.col,45,10,90,4,2279,2234,2235,0.061795632,91,0.003327851,2235,0.055746889
galaxy_a45_b10_c90_v5.col,45,10,90,5,2600,2555,2556,0.08285352,94,0.004283742,2556,0.074996414
galaxy_a50_b10_c100_v1.col,50,10,100,1,2731,2681,2682,0.092097229,101,0.004674162,2682,0.083305714
galaxy_a50_b10_c100_v2.col,50,10,100,2,2773,2723,2724,0.096579486,102,0.004784762,2724,0.086538597
galaxy_a50_b10_c100_v3.col,50,10,100,3,3163,3113,3114,0.124490421,102,0.00614884,3114,0.113779943
galaxy_a50_b10_c100_v4.col,50,10,100,4,2923,2873,2874,0.106198728,99,0.00554138,2874,0.096842848
galaxy_a50_b10_c100_v5.col,50,10,100,5,3016,2966,2967,0.113854601,101,0.012142066,2967,0.103594142
galaxy_a50_b10_c20_v1.col,50,10,20,1,807,757,758,0.007433387,60,0.000553764,758,0.006270019
galaxy_a50_b10_c20_v2.col,50,10,20,2,816,766,767,0.007545067,60,0.000567963,767,0.006418547
galaxy_a50_b10_c20_v3.col,50,10,20,3,775,725,726,0.006820349,60,0.000529494,726,0.005751295
galaxy_a50_b10_c20_v4.col,50,10,20,4,822,772,773,0.007648982,60,0.000598062,773,0.00651651
galaxy_a50_b10_c20_v5.col,50,10,20,5,806,756,757,0.007372326,60,0.000554921,757,0.006187914
galaxy_a50_b10_c30_v1.col,50,10,30,1,1116,1066,1067,0.01432889,60,0.000964142,1067,0.012428547
galaxy_a50_b10_c30_v2.col,50,10,30,2,1005,955,956,0.011542366,60,0.000776611,956,0.009963495
galaxy_a50_b10_c30_v3.col,50,10,30,3,1080,1030,1031,0.013580442,60,0.000893785,1031,0.011591343
galaxy_a50_b10_c30_v4.col,50,10,30,4,1122,1072,1073,0.014792857,60,0.0009782,1073,0.012546172
galaxy_a50_b10_c30_v5.col,50,10,30,5,1007,957,958,0.011593437,60,0.000792909,958,0.009997122
galaxy_a50_b10_c40_v1.col,50,10,40,1,1380,1330,1331,0.022166676,60,0.001316963,1331,0.019279664
galaxy_a50_b10_c40_v2.col,50,10,40,2,1264,1214,1215,0.018507332,61,0.001181935,1215,0.016055143
galaxy_a50_b10_c40_v3.col,50,10,40,3,1256,1206,1207,0.018263933,61,0.001254909,1207,0.016059899
galaxy_a50_b10_c40_v4.col,50,10,40,4,1222,1172,1173,0.017233138,60,0.001084354,1173,0.01502266
galaxy_a50_b10_c40_v5.col,50,10,40,5,1325,1275,1276,0.020436597,60,0.001265289,1276,0.017776773
galaxy_a50_b10_c50_v1.col,50,10,50,1,1551,1501,1502,0.02792301,61,0.001599114,1502,0.024738889
galaxy_a50_b10_c50_v2.col,50,10,50,2,1604,1554,1555,0.030006527,64,0.001668289,1555,0.026100445
galaxy_a50_b10_c50_v3.col,50,10,50,3,1465,1415,1416,0.024934907,60,0.00153968,1416,0.021949332
galaxy_a50_b10_c50_v4.col,50,10,50,4,1584,1534,1535,0.029201401,60,0.001660673,1535,0.025815441
galaxy_a50_b10_c50_v5.col,50,10,50,5,1487,1437,1438,0.025663874,60,0.001516181,1438,0.022598634
galaxy_a50_b10_c60_v1.col,50,10,60,1,1723,1673,1674,0.034676914,61,0.001932904,1674,0.030653707
galaxy_a50_b10_c60_v2.col,50,10,60,2,1678,1628,1629,0.032873623,61,0.001834521,1629,0.028978148
galaxy_a50_b10_c60_v3.col,50,10,60,3,1704,1654,1655,0.033982195,62,0.001916757,1655,0.029926017
galaxy_a50_b10_c60_v4.col,50,10,60,4,1865,1815,1816,0.041076003,65,0.002264596,1816,0.036174356
galaxy_a50_b10_c60_v5.col,50,10,60,5,1654,1604,1605,0.032120551,60,0.001853407,1605,0.028216827
galaxy_a50_b10_c70_v1.col,50,10,70,1,2249,2199,2200,0.060393056,75,0.00324952,2200,0.053945046
galaxy_a50_b10_c70_v2.col,50,10,70,2,1898,1848,1849,0.042257969,72,0.002339664,1849,0.037615335
galaxy_a50_b10_c70_v3.col,50,10,70,3,2197,2147,2148,0.057832295,72,0.003069735,2148,0.051394151
galaxy_a50_b10_c70_v4.col,50,10,70,4,2096,2046,2047,0.052022901,73,0.00291711,2047,0.046338613
galaxy_a50_b10_c70_v5.col,50,10,70,5,1948,1898,1899,0.04459131,69,0.002432064,1899,0.039642884
galaxy_a50_b10_c80_v1.col,50,10,80,1,2476,2426,2427,0.074269672,81,0.003960446,2427,0.06762661
galaxy_a50_b10_c80_v2.col,50,10,80,2,2285,2235,2236,0.062225392,81,0.003364647,2236,0.055824498
galaxy_a50_b10_c80_v3.col,50,10,80,3,2263,2213,2214,0.060827469,81,0.003205501,2214,0.054172232
galaxy_a50_b10_c80_v4.col,50,10,80,4,2134,2084,2085,0.053780818,79,0.002931284,2085,0.048129796
galaxy_a50_b10_c80_v5.col,50,10,80,5,2318,2268,2269,0.064222622,82,0.003395826,2269,0.057604671
galaxy_a50_b10_c90_v1.col,50,10,90,1,2469,2419,2420,0.073613034,89,0.003873285,2420,0.06612569
galaxy_a50_b10_c90_v2.col,50,10,90,2,2475,2425,2426,0.073800933,88,0.003887867,2426,0.066658816
galaxy_a50_b10_c90_v3.col,50,10,90,3,2566,2516,2517,0.080223624,92,0.004194464,2517,0.072345786
galaxy_a50_b10_c90_v4.col,50,10,90,4,2559,2509,2510,0.079648569,93,0.00411594,2510,0.071693666
galaxy_a50_b10_c90_v5.col,50,10,90,5,2452,2402,2403,0.07245771,91,0.003751865,2403,0.065233951
galaxy_a55_b10_c100_v1.col,55,10,100,1,2941,2886,2887,0.107530566,101,0.005405045,2887,0.097795821
galaxy_a55_b10_c100_v2.col,55,10,100,2,3117,3062,3063,0.121018905,101,0.006040885,3063,0.110732448
galaxy_a55_b10_c100_v3.col,55,10,100,3,2565,2510,2511,0.080322044,101,0.010376145,2511,0.072050432
galaxy_a55_b10_c100_v4.col,55,10,100,4,2939,2884,2885,0.106983736,101,0.005451195,2885,0.097798876
galaxy_a55_b10_c100_v5.col,55,10,100,5,3257,3202,3203,0.132039117,103,0.006547754,3203,0.121046616
galaxy_a55_b10_c20_v1.col,55,10,20,1,889,834,835,0.008896378,65,0.000641402,835,0.007580266
galaxy_a55_b10_c20_v2.col,55,10,20,2,927,872,873,0.009754413,66,0.000688498,873,0.008268856
galaxy_a55_b10_c20_v3.col,55,10,20,3,895,840,841,0.009063088,65,0.000669938,841,0.007676812
galaxy_a55_b10_c20_v4.col,55,10,20,4,885,830,831,0.00882795,65,0.000671569,831,0.007496069
galaxy_a55_b10_c20_v5.col,55,10,20,5,909,854,855,0.009390563,65,0.00071332,855,0.00794983
galaxy_a55_b10_c30_v1.col,55,10,30,1,1187,1132,1133,0.016207761,65,0.001045082,1133,0.014020166
galaxy_a55_b10_c30_v2.col,55,10,30,2,1143,1088,1089,0.015008451,65,0.001070658,1089,0.012991154
galaxy_a55_b10_c30_v3.col,55,10,30,3,1146,1091,1092,0.015052216,65,0.000990206,1092,0.013005882
galaxy_a55_b10_c30_v4.col,55,10,30,4,1163,1108,1109,0.015519211,65,0.000991706,1109,0.013397803
galaxy_a55_b10_c30_v5.col,55,10,30,5,1102,1047,1048,0.013929102,65,0.000926544,1048,0.012004015
galaxy_a55_b10_c40_v1.col,55,10,40,1,1455,1400,1401,0.024450101,66,0.001437722,1401,0.021198991
galaxy_a55_b10_c40_v2.col,55,10,40,2,1494,1439,1440,0.026243797,65,0.001538079,1440,0.022754185
galaxy_a55_b10_c40_v3.col,55,10,40,3,1404,1349,1350,0.022752999,65,0.001364869,1350,0.019902246
galaxy_a55_b10_c40_v4.col,55,10,40,4,1498,1443,1444,0.025992007,65,0.001518003,1444,0.022844242
galaxy_a55_b10_c40_v5.col,55,10,40,5,1446,1391,1392,0.02418181,66,0.001457138,1392,0.021142317
galaxy_a55_b10_c50_v1.col,55,10,50,1,1618,1563,1564,0.030395015,65,0.001735016,1564,0.026745502
galaxy_a55_b10_c50_v2.col,55,10,50,2,1976,1921,1922,0.045664539,70,0.008764314,1922,0.04044793
galaxy_a55_b10_c50_v3.col,55,10,50,3,1661,1606,1607,0.032109266,65,0.001829022,1607,0.028333364
galaxy_a55_b10_c50_v4.col,55,10,50,4,1733,1678,1679,0.035026399,65,0.001946908,1679,0.030893639
galaxy_a55_b10_c50_v5.col,55,10,50,5,1798,1743,1744,0.037605656,66,0.00208429,1744,0.03329615
galaxy_a55_b10_c60_v1.col,55,10,60,1,2028,1973,1974,0.04839276,69,0.002543779,1974,0.043964051
galaxy_a55_b10_c60_v2.col,55,10,60,2,1905,1850,1851,0.042578653,66,0.002310424,1851,0.03763979
galaxy_a55_b10_c60_v3.col,55,10,60,3,1938,1883,1884,0.043762786,65,0.002355869,1884,0.03916664
galaxy_a55_b10_c60_v4.col,55,10,60,4,2299,2244,2245,0.063009217,75,0.003374536,2245,0.055490128
galaxy_a55_b10_c60_v5.col,55,10,60,5,1836,1781,1782,0.039397801,65,0.00214641,1782,0.034514022
galaxy_a55_b10_c70_v1.col,55,10,70,1,1987,1932,1933,0.046086846,70,0.002461772,1933,0.040626253
galaxy_a55_b10_c70_v2.col,55,10,70,2,2107,2052,2053,0.052844083,71,0.002985343,2053,0.046785626
galaxy_a55_b10_c70_v3.col,55,10,70,3,2553,2498,2499,0.079078744,77,0.004190362,2499,0.071322323
galaxy_a55_b10_c70_v4.col,55,10,70,4,2152,2097,2098,0.05468829,69,0.002990572,2098,0.048910694
galaxy_a55_b10_c70_v5.col,55,10,70,5,2260,2205,2206,0.060745133,74,0.003235334,2206,0.054248236
galaxy_a55_b10_c80_v1.col,55,10,80,1,2705,2650,2651,0.090642836,83,0.004466271,2651,0.081705242
galaxy_a55_b10_c80_v2.col,55,10,80,2,2820,2765,2766,0.099145852,89,0.011687829,2766,0.089956548
galaxy_a55_b10_c80_v3.col,55,10,80,3,2714,2659,2660,0.091096141,82,0.004501142,2660,0.082299014
galaxy_a55_b10_c80_v4.col,55,10,80,4,2407,2352,2353,0.06958667,80,0.003623122,2353,0.062422415
galaxy_a55_b10_c80_v5.col,55,10,80,5,2663,2608,2609,0.087686597,83,0.004318137,2609,0.078391692
galaxy_a55_b10_c90_v1.col,55,10,90,1,2859,2804,2805,0.10177144,91,0.00517356,2805,0.09202142
galaxy_a55_b10_c90_v2.col,55,10,90,2,2907,2852,2853,0.112556743,91,0.005388608,2853,0.095798047
galaxy_a55_b10_c90_v3.col,55,10,90,3,3004,2949,2950,0.112953154,92,0.005698627,2950,0.10276033
galaxy_a55_b10_c90_v4.col,55,10,90,4,2937,2882,2883,0.108960099,89,0.005447733,2883,0.098105151
galaxy_a55_b10_c90_v5.col,55,10,90,5,2814,2759,2760,0.098722082,91,0.005186956,2760,0.089790499
galaxy_a60_b10_c100_v1.col,60,10,100,1,3200,3140,3141,0.127015015,100,0.006369632,3141,0.115776864
galaxy_a60_b10_c100_v2.col,60,10,100,2,3438,3378,3379,0.146688819,102,0.00711553,3379,0.141547559
galaxy_a60_b10_c100_v3.col,60,10,100,3,3252,3192,3193,0.132248914,99,0.006503967,3193,0.119886012
galaxy_a60_b10_c100_v4.col,60,10,100,4,3296,3236,3237,0.135946316,101,0.006567884,3237,0.124183777
galaxy_a60_b10_c100_v5.col,60,10,100,5,3338,3278,3279,0.138687249,101,0.006749041,3279,0.127172283
galaxy_a60_b10_c20_v1.col,60,10,20,1,933,873,874,0.009856138,70,0.000697561,874,0.008314089
galaxy_a60_b10_c20_v2.col,60,10,20,2,981,921,922,0.010945827,70,0.000732623,922,0.009287373
galaxy_a60_b10_c20_v3.col,60,10,20,3,932,872,873,0.009778321,70,0.000689216,873,0.008331452
galaxy_a60_b10_c20_v4.col,60,10,20,4,927,867,868,0.009727904,70,0.00070693,868,0.00820259
galaxy_a60_b10_c20_v5.col,60,10,20,5,950,890,891,0.010241174,70,0.000704806,891,0.008616835
galaxy_a60_b10_c30_v1.col,60,10,30,1,1318,1258,1259,0.019984649,70,0.001226862,1259,0.017357709
galaxy_a60_b10_c30_v2.col,60,10,30,2,1350,1290,1291,0.020942043,70,0.001265044,1291,0.018225924
galaxy_a60_b10_c30_v3.col,60,10,30,3,1229,1169,1170,0.017282313,70,0.001098535,1170,0.015197918
galaxy_a60_b10_c30_v4.col,60,10,30,4,1259,1199,1200,0.018635699,70,0.001144166,1200,0.01603211
galaxy_a60_b10_c30_v5.col,60,10,30,5,1360,1300,1301,0.021216332,70,0.00126836,1301,0.018426954
galaxy_a60_b10_c40_v1.col,60,10,40,1,1500,1440,1441,0.026039318,70,0.001518693,1441,0.022759692
galaxy_a60_b10_c40_v2.col,60,10,40,2,1423,1363,1364,0.023299196,70,0.001404678,1364,0.020374145
galaxy_a60_b10_c40_v3.col,60,10,40,3,1643,1583,1584,0.031381486,70,0.00172583,1584,0.027585913
galaxy_a60_b10_c40_v4.col,60,10,40,4,1528,1468,1469,0.026881494,70,0.001557193,1469,0.023359241
galaxy_a60_b10_c40_v5.col,60,10,40,5,1630,1570,1571,0.030725631,71,0.001780968,1571,0.026718722
galaxy_a60_b10_c50_v1.col,60,10,50,1,1860,1800,1801,0.040722628,70,0.002140478,1801,0.035071655
galaxy_a60_b10_c50_v2.col,60,10,50,2,1889,1829,1830,0.041697106,71,0.002291436,1830,0.036773997
galaxy_a60_b10_c50_v3.col,60,10,50,3,1822,1762,1763,0.03868122,70,0.002144316,1763,0.034375268
galaxy_a60_b10_c50_v4.col,60,10,50,4,1677,1617,1618,0.032495572,71,0.001841866,1618,0.028401828
galaxy_a60_b10_c50_v5.col,60,10,50,5,1893,1833,1834,0.041735255,70,0.00224024,1834,0.03697317
galaxy_a60_b10_c60_v1.col,60,10,60,1,2040,1980,1981,0.049661935,72,0.002650223,1981,0.043333833
galaxy_a60_b10_c60_v2.col,60,10,60,2,2223,2163,2164,0.05838832,72,0.003131392,2164,0.05192836
galaxy_a60_b10_c60_v3.col,60,10,60,3,2131,2071,2072,0.053616108,70,0.002865354,2072,0.047626698
galaxy_a60_b10_c60_v4.col,60,10,60,4,2304,2244,2245,0.063211473,77,0.003394852,2245,0.056511231
galaxy_a60_b10_c60_v5.col,60,10,60,5,2108,2048,2049,0.052352257,72,0.002920301,2049,0.046783828
galaxy_a60_b10_c70_v1.col,60,10,70,1,2378,2318,2319,0.067357815,74,0.003459985,2319,0.060458147
galaxy_a60_b10_c70_v2.col,60,10,70,2,2353,2293,2294,0.066119515,74,0.003531211,2294,0.059166795
galaxy_a60_b10_c70_v3.col,60,10,70,3,2523,2463,2464,0.076971509,75,0.003892282,2464,0.07565102
galaxy_a60_b10_c70_v4.col,60,10,70,4,2332,2272,2273,0.064773165,72,0.003403804,2273,0.05804944
galaxy_a60_b10_c70_v5.col,60,10,70,5,2296,2236,2237,0.062544072,70,0.003342262,2237,0.055971629
galaxy_a60_b10_c80_v1.col,60,10,80,1,2764,2704,2705,0.09497726,82,0.00476805,2705,0.08596423
galaxy_a60_b10_c80_v2.col,60,10,80,2,2788,2728,2729,0.096278735,84,0.004671721,2729,0.087358097
galaxy_a60_b10_c80_v3.col,60,10,80,3,2856,2796,2797,0.101405636,85,0.005031164,2797,0.091879432
galaxy_a60_b10_c80_v4.col,60,10,80,4,2659,2599,2600,0.0865881,81,0.004316456,2600,0.078230086
galaxy_a60_b10_c80_v5.col,60,10,80,5,2656,2596,2597,0.086886963,80,0.004245771,2597,0.077713353
galaxy_a60_b10_c90_v1.col,60,10,90,1,3460,3400,3401,0.148742115,94,0.007181405,3401,0.136867411
galaxy_a60_b10_c90_v2.col,60,10,90,2,3239,3179,3180,0.131978144,91,0.006208233,3180,0.119326852
galaxy_a60_b10_c90_v3.col,60,10,90,3,3383,3323,3324,0.142444571,95,0.006904636,3324,0.13050998
galaxy_a60_b10_c90_v4.col,60,10,90,4,2868,2808,2809,0.102628274,88,0.005141271,2809,0.09282808
galaxy_a60_b10_c90_v5.col,60,10,90,5,2928,2868,2869,0.106709555,91,0.00544769,2869,0.097227655
galaxy_a65_b10_c100_v1.col,65,10,100,1,3630,3565,3566,0.163766254,101,0.007988329,3566,0.150654393
galaxy_a65_b10_c100_v2.col,65,10,100,2,3413,3348,3349,0.144987453,96,0.006910875,3349,0.133308296
galaxy_a65_b10_c100_v3.col,65,10,100,3,3875,3810,3811,0.186912107,101,0.008788994,3811,0.172909099
galaxy_a65_b10_c100_v4.col,65,10,100,4,3532,3467,3468,0.156046943,102,0.007312886,3468,0.143661484
galaxy_a65_b10_c100_v5.col,65,10,100,5,3413,3348,3349,0.144520308,101,0.006948522,3349,0.133740032
galaxy_a65_b10_c20_v1.col,65,10,20,1,1068,1003,1004,0.012975151,75,0.000877242,1004,0.011196147
galaxy_a65_b10_c20_v2.col,65,10,20,2,1061,996,997,0.012761179,75,0.00087142,997,0.010886643
galaxy_a65_b10_c20_v3.col,65,10,20,3,1097,1032,1033,0.013676738,75,0.000911902,1033,0.011701149
galaxy_a65_b10_c20_v4.col,65,10,20,4,1024,959,960,0.011846289,75,0.000824581,960,0.010123112
galaxy_a65_b10_c20_v5.col,65,10,20,5,1035,970,971,0.012057173,75,0.000839621,971,0.010325177
galaxy_a65_b10_c30_v1.col,65,10,30,1,1405,1340,1341,0.022672423,76,0.001389337,1341,0.019704142
galaxy_a65_b10_c30_v2.col,65,10,30,2,1415,1350,1351,0.022977096,75,0.001354652,1351,0.020154224
galaxy_a65_b10_c30_v3.col,65,10,30,3,1376,1311,1312,0.021705247,75,0.001349056,1312,0.018913675
galaxy_a65_b10_c30_v4.col,65,10,30,4,1344,1279,1280,0.020709872,75,0.00130821,1280,0.018015859
galaxy_a65_b10_c30_v5.col,65,10,30,5,1345,1280,1281,0.020657697,75,0.001326175,1281,0.017982955
galaxy_a65_b10_c40_v1.col,65,10,40,1,1730,1665,1666,0.034741531,76,0.008267496,1666,0.03050994
galaxy_a65_b10_c40_v2.col,65,10,40,2,1588,1523,1524,0.029104209,75,0.001657127,1524,0.025181711
galaxy_a65_b10_c40_v3.col,65,10,40,3,1765,1700,1701,0.035996579,75,0.001994052,1701,0.031399887
galaxy_a65_b10_c40_v4.col,65,10,40,4,1694,1629,1630,0.033040043,75,0.001914696,1630,0.028927342
galaxy_a65_b10_c40_v5.col,65,10,40,5,1570,1505,1506,0.02848399,75,0.001670763,1506,0.024872497
galaxy_a65_b10_c50_v1.col,65,10,50,1,2057,1992,1993,0.049688427,76,0.002677711,1993,0.044105284
galaxy_a65_b10_c50_v2.col,65,10,50,2,2140,2075,2076,0.054054004,75,0.002870257,2076,0.04799663
galaxy_a65_b10_c50_v3.col,65,10,50,3,1976,1911,1912,0.045491074,75,0.002411542,1912,0.04013924
galaxy_a65_b10_c50_v4.col,65,10,50,4,2059,1994,1995,0.049691182,75,0.009057981,1995,0.044247426
galaxy_a65_b10_c50_v5.col,65,10,50,5,2026,1961,1962,0.048081944,75,0.002530932,1962,0.042565177
galaxy_a65_b10_c60_v1.col,65,10,60,1,2110,2045,2046,0.052439655,75,0.002972101,2046,0.046497981
galaxy_a65_b10_c60_v2.col,65,10,60,2,2388,2323,2324,0.068083768,78,0.003548992,2324,0.060787641
galaxy_a65_b10_c60_v3.col,65,10,60,3,2424,2359,2360,0.070050661,76,0.003624432,2360,0.062353595
galaxy_a65_b10_c60_v4.col,65,10,60,4,2296,2231,2232,0.062614109,75,0.003279177,2232,0.055807279
galaxy_a65_b10_c60_v5.col,65,10,60,5,2287,2222,2223,0.062246549,76,0.003254114,2223,0.055191054
galaxy_a65_b10_c70_v1.col,65,10,70,1,2765,2700,2701,0.094786917,81,0.004564436,2701,0.085368456
galaxy_a65_b10_c70_v2.col,65,10,70,2,2417,2352,2353,0.070010283,75,0.003673221,2353,0.062598288
galaxy_a65_b10_c70_v3.col,65,10,70,3,2809,2744,2745,0.09804242,79,0.004987597,2745,0.088506261
galaxy_a65_b10_c70_v4.col,65,10,70,4,2623,2558,2559,0.084072274,77,0.004192266,2559,0.075350976
galaxy_a65_b10_c70_v5.col,65,10,70,5,3024,2959,2960,0.113742435,83,0.005477146,2960,0.1025153
galaxy_a65_b10_c80_v1.col,65,10,80,1,2853,2788,2789,0.101192465,83,0.005049033,2789,0.091727428
galaxy_a65_b10_c80_v2.col,65,10,80,2,2836,2771,2772,0.100120326,83,0.004932568,2772,0.090275957
galaxy_a65_b10_c80_v3.col,65,10,80,3,2840,2775,2776,0.100709154,82,0.004997395,2776,0.090568956
galaxy_a65_b10_c80_v4.col,65,10,80,4,3132,3067,3068,0.122915784,84,0.006135641,3068,0.111415135
galaxy_a65_b10_c80_v5.col,65,10,80,5,2836,2771,2772,0.100116175,80,0.00493747,2772,0.090512331
galaxy_a65_b10_c90_v1.col,65,10,90,1,3668,3603,3604,0.167750161,95,0.007915647,3604,0.154072749
galaxy_a65_b10_c90_v2.col,65,10,90,2,3254,3189,3190,0.131537012,91,0.006570968,3190,0.121014626
galaxy_a65_b10_c90_v3.col,65,10,90,3,3505,3440,3441,0.152199669,95,0.007491713,3441,0.138894134
galaxy_a65_b10_c90_v4.col,65,10,90,4,3490,3425,3426,0.151683698,95,0.007183806,3426,0.140133404
galaxy_a65_b10_c90_v5.col,65,10,90,5,3256,3191,3192,0.132074084,93,0.006314379,3192,0.12059907
galaxy_a70_b10_c100_v1.col,70,10,100,1,3701,3631,3632,0.170919323,103,0.008199211,3632,0.157019125
galaxy_a70_b10_c100_v2.col,70,10,100,2,4044,3974,3975,0.203747517,101,0.015702059,3975,0.185325384
galaxy_a70_b10_c100_v3.col,70,10,100,3,3719,3649,3650,0.170549522,101,0.007873816,3650,0.156747867
galaxy_a70_b10_c100_v4.col,70,10,100,4,3854,3784,3785,0.184734714,100,0.008467046,3785,0.168695803
galaxy_a70_b10_c100_v5.col,70,10,100,5,4061,3991,3992,0.212330328,101,0.009358854,3992,0.189507268
galaxy_a70_b10_c20_v1.col,70,10,20,1,1125,1055,1056,0.014269261,80,0.000950305,1056,0.012293771
galaxy_a70_b10_c20_v2.col,70,10,20,2,1107,1037,1038,0.013975898,80,0.000936855,1038,0.011824391
galaxy_a70_b10_c20_v3.col,70,10,20,3,1108,1038,1039,0.013881265,80,0.000945556,1039,0.01186616
galaxy_a70_b10_c20_v4.col,70,10,20,4,1111,1041,1042,0.014088137,80,0.00094133,1042,0.011920065
galaxy_a70_b10_c20_v5.col,70,10,20,5,1144,1074,1075,0.014821707,80,0.001006159,1075,0.012737344
galaxy_a70_b10_c30_v1.col,70,10,30,1,1431,1361,1362,0.023770691,80,0.001396573,1362,0.020384517
galaxy_a70_b10_c30_v2.col,70,10,30,2,1447,1377,1378,0.024164603,80,0.001421054,1378,0.020813221
galaxy_a70_b10_c30_v3.col,70,10,30,3,1511,1441,1442,0.02630455,80,0.001501944,1442,0.022797184
galaxy_a70_b10_c30_v4.col,70,10,30,4,1430,1360,1361,0.023514974,80,0.001414051,1361,0.020346871
galaxy_a70_b10_c30_v5.col,70,10,30,5,1597,1527,1528,0.029510372,80,0.001725371,1528,0.025636993
galaxy_a70_b10_c40_v1.col,70,10,40,1,1724,1654,1655,0.034433409,80,0.001996163,1655,0.030087979
galaxy_a70_b10_c40_v2.col,70,10,40,2,1822,1752,1753,0.038543256,80,0.002145196,1753,0.033825456
galaxy_a70_b10_c40_v3.col,70,10,40,3,1972,1902,1903,0.045488082,80,0.002384275,1903,0.039947311
galaxy_a70_b10_c40_v4.col,70,10,40,4,1900,1830,1831,0.042123507,81,0.002219186,1831,0.036979516
galaxy_a70_b10_c40_v5.col,70,10,40,5,1790,1720,1721,0.03707416,80,0.002088564,1721,0.032606019
galaxy_a70_b10_c50_v1.col,70,10,50,1,2186,2116,2117,0.056335778,81,0.00300103,2117,0.049900845
galaxy_a70_b10_c50_v2.col,70,10,50,2,2118,2048,2049,0.053314524,80,0.002911733,2049,0.046715539
galaxy_a70_b10_c50_v3.col,70,10,50,3,1950,1880,1881,0.044135819,80,0.002420335,1881,0.039117512
galaxy_a70_b10_c50_v4.col,70,10,50,4,2236,2166,2167,0.058923845,80,0.00320275,2167,0.052789637
galaxy_a70_b10_c50_v5.col,70,10,50,5,2087,2017,2018,0.050967085,81,0.002784202,2018,0.045131831
galaxy_a70_b10_c60_v1.col,70,10,60,1,2450,2380,2381,0.071976149,80,0.003667339,2381,0.064661622
galaxy_a70_b10_c60_v2.col,70,10,60,2,2485,2415,2416,0.074404766,80,0.003798653,2416,0.066496254
galaxy_a70_b10_c60_v3.col,70,10,60,3,2495,2425,2426,0.075082913,80,0.003841981,2426,0.066759358
galaxy_a70_b10_c60_v4.col,70,10,60,4,2622,2552,2553,0.083893674,82,0.004226461,2553,0.075079313
galaxy_a70_b10_c60_v5.col,70,10,60,5,2679,2609,2610,0.088152019,82,0.01103135,2610,0.079096854
galaxy_a70_b10_c70_v1.col,70,10,70,1,2896,2826,2827,0.104367331,81,0.004949988,2827,0.094040447
galaxy_a70_b10_c70_v2.col,70,10,70,2,3109,3039,3040,0.120420356,85,0.005894451,3040,0.109601789
galaxy_a70_b10_c70_v3.col,70,10,70,3,2943,2873,2874,0.107293682,81,0.005435603,2874,0.097831694
galaxy_a70_b10_c70_v4.col,70,10,70,4,2772,2702,2703,0.094923621,83,0.004555748,2703,0.085554528
galaxy_a70_b10_c70_v5.col,70,10,70,5,3027,2957,2958,0.115201273,84,0.005508748,2958,0.101952973
galaxy_a70_b10_c80_v1.col,70,10,80,1,3060,2990,2991,0.116097224,82,0.005685083,2991,0.104474559
galaxy_a70_b10_c80_v2.col,70,10,80,2,3192,3122,3123,0.126508397,84,0.006243902,3123,0.115235091
galaxy_a70_b10_c80_v3.col,70,10,80,3,3374,3304,3305,0.14805503,90,0.006925724,3305,0.132516153
galaxy_a70_b10_c80_v4.col,70,10,80,4,3087,3017,3018,0.119349783,84,0.005639397,3018,0.107737981
galaxy_a70_b10_c80_v5.col,70,10,80,5,3196,3126,3127,0.127464086,83,0.006289203,3127,0.115851486
galaxy_a70_b10_c90_v1.col,70,10,90,1,3543,3473,3474,0.156627089,91,0.007361873,3474,0.143289189
galaxy_a70_b10_c90_v2.col,70,10,90,2,3465,3395,3396,0.148249925,91,0.013149429,3396,0.136920411
galaxy_a70_b10_c90_v3.col,70,10,90,3,3813,3743,3744,0.179818503,93,0.008374957,3744,0.165436524
galaxy_a70_b10_c90_v4.col,70,10,90,4,3472,3402,3403,0.150393562,90,0.00690333,3403,0.136823332
galaxy_a70_b10_c90_v5.col,70,10,90,5,3394,3324,3325,0.145059069,89,0.00685792,3325,0.130587514
galaxy_a75_b10_c100_v1.col,75,10,100,1,4245,4170,4171,0.224795576,101,0.01048113,4171,0.208972681
galaxy_a75_b10_c100_v2.col,75,10,100,2,4277,4202,4203,0.229460699,104,0.010854286,4203,0.209240891
galaxy_a75_b10_c100_v3.col,75,10,100,3,4619,4544,4545,0.267316981,106,0.012667682,4545,0.249165272
galaxy_a75_b10_c100_v4.col,75,10,100,4,4384,4309,4310,0.238842856,103,0.010952266,4310,0.229735679
galaxy_a75_b10_c100_v5.col,75,10,100,5,3799,3724,3725,0.180536908,101,0.008170776,3725,0.16470503
galaxy_a75_b10_c20_v1.col,75,10,20,1,1189,1114,1115,0.015900923,85,0.001091718,1115,0.013686084
galaxy_a75_b10_c20_v2.col,75,10,20,2,1193,1118,1119,0.016097192,85,0.00106415,1119,0.013752846
galaxy_a75_b10_c20_v3.col,75,10,20,3,1166,1091,1092,0.015567455,85,0.001014975,1092,0.013131246
galaxy_a75_b10_c20_v4.col,75,10,20,4,1182,1107,1108,0.015748425,85,0.001065418,1108,0.013533384
galaxy_a75_b10_c20_v5.col,75,10,20,5,1248,1173,1174,0.017720375,85,0.001144442,1174,0.015162682
galaxy_a75_b10_c30_v1.col,75,10,30,1,1513,1438,1439,0.026252656,85,0.001529742,1439,0.022863571
galaxy_a75_b10_c30_v2.col,75,10,30,2,1605,1530,1531,0.029560949,85,0.001704626,1531,0.025841628
galaxy_a75_b10_c30_v3.col,75,10,30,3,1624,1549,1550,0.030436653,85,0.00171639,1550,0.026399608
galaxy_a75_b10_c30_v4.col,75,10,30,4,1572,1497,1498,0.02843088,85,0.001602504,1498,0.024641344
galaxy_a75_b10_c30_v5.col,75,10,30,5,1450,1375,1376,0.024073791,85,0.001439277,1376,0.020821049
galaxy_a75_b10_c40_v1.col,75,10,40,1,1975,1900,1901,0.04554374,86,0.002411362,1901,0.039893785
galaxy_a75_b10_c40_v2.col,75,10,40,2,1946,1871,1872,0.043920011,85,0.002376924,1872,0.038777794
galaxy_a75_b10_c40_v3.col,75,10,40,3,2112,2037,2038,0.052173501,86,0.00283073,2038,0.045619389
galaxy_a75_b10_c40_v4.col,75,10,40,4,1921,1846,1847,0.042936717,85,0.002438844,1847,0.037840744
galaxy_a75_b10_c40_v5.col,75,10,40,5,1867,1792,1793,0.040457444,85,0.002174186,1793,0.035394172
galaxy_a75_b10_c50_v1.col,75,10,50,1,2373,2298,2299,0.067135389,85,0.003504545,2299,0.060139829
galaxy_a75_b10_c50_v2.col,75,10,50,2,2354,2279,2280,0.066621792,85,0.003507725,2280,0.058593164
galaxy_a75_b10_c50_v3.col,75,10,50,3,2310,2235,2236,0.063390608,85,0.003318173,2236,0.056255489
galaxy_a75_b10_c50_v4.col,75,10,50,4,2363,2288,2289,0.06642877,85,0.003505528,2289,0.058988357
galaxy_a75_b10_c50_v5.col,75,10,50,5,2198,2123,2124,0.05698841,85,0.002995997,2124,0.050835244
galaxy_a75_b10_c60_v1.col,75,10,60,1,2853,2778,2779,0.101602917,87,0.004946816,2779,0.097911084
galaxy_a75_b10_c60_v2.col,75,10,60,2,2777,2702,2703,0.095621397,86,0.004590896,2703,0.085938648
galaxy_a75_b10_c60_v3.col,75,10,60,3,2802,2727,2728,0.097642569,88,0.004719431,2728,0.087716912
galaxy_a75_b10_c60_v4.col,75,10,60,4,2724,2649,2650,0.091028266,85,0.004458635,2650,0.081035145
galaxy_a75_b10_c60_v5.col,75,10,60,5,2744,2669,2670,0.092649724,88,0.004484235,2670,0.083006792
galaxy_a75_b10_c70_v1.col,75,10,70,1,2975,2900,2901,0.109823207,86,0.011599536,2901,0.098373468
galaxy_a75_b10_c70_v2.col,75,10,70,2,2935,2860,2861,0.106610442,85,0.005217418,2861,0.095696338
galaxy_a75_b10_c70_v3.col,75,10,70,3,2939,2864,2865,0.107026303,86,0.005397494,2865,0.096848647
galaxy_a75_b10_c70_v4.col,75,10,70,4,3264,3189,3190,0.132660401,89,0.006478656,3190,0.120889231
galaxy_a75_b10_c70_v5.col,75,10,70,5,3012,2937,2938,0.112312881,85,0.011898837,2938,0.102580711
galaxy_a75_b10_c80_v1.col,75,10,80,1,3322,3247,3248,0.137197724,87,0.006560689,3248,0.125147377
galaxy_a75_b10_c80_v2.col,75,10,80,2,3626,3551,3552,0.164897137,90,0.0077785,3552,0.151207096
galaxy_a75_b10_c80_v3.col,75,10,80,3,3207,3132,3133,0.127752946,85,0.006178403,3133,0.115028839
galaxy_a75_b10_c80_v4.col,75,10,80,4,3392,3317,3318,0.1414504,87,0.006739004,3318,0.136862159
galaxy_a75_b10_c80_v5.col,75,10,80,5,3250,3175,3176,0.131794266,86,0.006315239,3176,0.119250523
galaxy_a75_b10_c90_v1.col,75,10,90,1,3649,3574,3575,0.166595844,93,0.008099534,3575,0.152402321
galaxy_a75_b10_c90_v2.col,75,10,90,2,3997,3922,3923,0.200533287,94,0.009248113,3923,0.185434054
galaxy_a75_b10_c90_v3.col,75,10,90,3,3764,3689,3690,0.174947168,93,0.008274406,3690,0.163782568
galaxy_a75_b10_c90_v4.col,75,10,90,4,3980,3905,3906,0.195984515,94,0.009065704,3906,0.181378567
galaxy_a75_b10_c90_v5.col,75,10,90,5,3663,3588,3589,0.167859825,96,0.007770862,3589,0.152474771
galaxy_a80_b10_c100_v1.col,80,10,100,1,4353,4273,4274,0.237090595,101,0.011630911,4274,0.22066062
galaxy_a80_b10_c100_v2.col,80,10,100,2,4195,4115,4116,0.22085062,101,0.010799827,4116,0.20419822
galaxy_a80_b10_c100_v3.col,80,10,100,3,4813,4733,4734,0.295131021,107,0.013526804,4734,0.272146556
galaxy_a80_b10_c100_v4.col,80,10,100,4,4467,4387,4388,0.2477492,107,0.012028211,4388,0.231913678
galaxy_a80_b10_c100_v5.col,80,10,100,5,4435,4355,4356,0.245499064,101,0.011681505,4356,0.227913438
galaxy_a80_b10_c20_v1.col,80,10,20,1,1292,1212,1213,0.018809769,90,0.001203445,1213,0.016081794
galaxy_a80_b10_c20_v2.col,80,10,20,2,1289,1209,1210,0.018846385,90,0.001187244,1210,0.016148834
galaxy_a80_b10_c20_v3.col,80,10,20,3,1271,1191,1192,0.018239704,90,0.001183361,1192,0.015704708
galaxy_a80_b10_c20_v4.col,80,10,20,4,1267,1187,1188,0.018124477,90,0.001167753,1188,0.015508763
galaxy_a80_b10_c20_v5.col,80,10,20,5,1301,1221,1222,0.019164561,90,0.001220859,1222,0.016581953
galaxy_a80_b10_c30_v1.col,80,10,30,1,1644,1564,1565,0.031004282,90,0.001732143,1565,0.026928199
galaxy_a80_b10_c30_v2.col,80,10,30,2,1613,1533,1534,0.029830671,90,0.001761558,1534,0.025989784
galaxy_a80_b10_c30_v3.col,80,10,30,3,1784,1704,1705,0.037258613,91,0.002041652,1705,0.032130796
galaxy_a80_b10_c30_v4.col,80,10,30,4,1721,1641,1642,0.034154693,90,0.001977383,1642,0.029749167
galaxy_a80_b10_c30_v5.col,80,10,30,5,1559,1479,1480,0.027814711,90,0.001636697,1480,0.024177506
galaxy_a80_b10_c40_v1.col,80,10,40,1,1982,1902,1903,0.045755926,90,0.002501063,1903,0.040091519
galaxy_a80_b10_c40_v2.col,80,10,40,2,2032,1952,1953,0.048688192,90,0.00249959,1953,0.042468498
galaxy_a80_b10_c40_v3.col,80,10,40,3,2174,2094,2095,0.05537256,90,0.003131841,2095,0.049551336
galaxy_a80_b10_c40_v4.col,80,10,40,4,1996,1916,1917,0.046435693,90,0.002442718,1917,0.040597337
galaxy_a80_b10_c40_v5.col,80,10,40,5,2127,2047,2048,0.05287534,90,0.002860665,2048,0.046774839
galaxy_a80_b10_c50_v1.col,80,10,50,1,2440,2360,2361,0.071209124,90,0.003536957,2361,0.06295128
galaxy_a80_b10_c50_v2.col,80,10,50,2,2445,2365,2366,0.071363672,90,0.003568717,2366,0.063264064
galaxy_a80_b10_c50_v3.col,80,10,50,3,2337,2257,2258,0.064641852,90,0.003406343,2258,0.057364142
galaxy_a80_b10_c50_v4.col,80,10,50,4,2431,2351,2352,0.070612586,90,0.003658659,2352,0.06287155
galaxy_a80_b10_c50_v5.col,80,10,50,5,2502,2422,2423,0.07526438,90,0.003838543,2423,0.073581445
galaxy_a80_b10_c60_v1.col,80,10,60,1,2804,2724,2725,0.097437055,91,0.004697637,2725,0.087630793
galaxy_a80_b10_c60_v2.col,80,10,60,2,2969,2889,2890,0.109570698,92,0.005275407,2890,0.099243859
galaxy_a80_b10_c60_v3.col,80,10,60,3,2898,2818,2819,0.104268274,90,0.004970545,2819,0.094002922
galaxy_a80_b10_c60_v4.col,80,10,60,4,2744,2664,2665,0.093254709,90,0.00448055,2665,0.082915606
galaxy_a80_b10_c60_v5.col,80,10,60,5,2754,2674,2675,0.093141122,90,0.004597984,2675,0.083699416
galaxy_a80_b10_c70_v1.col,80,10,70,1,3150,3070,3071,0.123039988,92,0.005828347,3071,0.112259235
galaxy_a80_b10_c70_v2.col,80,10,70,2,3222,3142,3143,0.128574995,90,0.006045308,3143,0.117339949
galaxy_a80_b10_c70_v3.col,80,10,70,3,3477,3397,3398,0.150792417,91,0.007053393,3398,0.137557657
galaxy_a80_b10_c70_v4.col,80,10,70,4,3070,2990,2991,0.117132765,91,0.005744115,2991,0.111780729
galaxy_a80_b10_c70_v5.col,80,10,70,5,2993,2913,2914,0.111350924,90,0.005446114,2914,0.100753293
galaxy_a80_b10_c80_v1.col,80,10,80,1,3477,3397,3398,0.150594066,90,0.007108628,3398,0.136802715
galaxy_a80_b10_c80_v2.col,80,10,80,2,3883,3803,3804,0.192703886,95,0.008998649,3804,0.172230261
galaxy_a80_b10_c80_v3.col,80,10,80,3,3614,3534,3535,0.160776863,91,0.007540062,3535,0.146986889
galaxy_a80_b10_c80_v4.col,80,10,80,4,3783,3703,3704,0.179456932,93,0.008151509,3704,0.163971651
galaxy_a80_b10_c80_v5.col,80,10,80,5,3664,3584,3585,0.167441276,90,0.007734724,3585,0.153731891
galaxy_a80_b10_c90_v1.col,80,10,90,1,3822,3742,3743,0.182968745,93,0.008487586,3743,0.166574514
galaxy_a80_b10_c90_v2.col,80,10,90,2,4144,4064,4065,0.214783138,95,0.00991926,4065,0.197762096
galaxy_a80_b10_c90_v3.col,80,10,90,3,3855,3775,3776,0.186190441,92,0.008524404,3776,0.171917406
galaxy_a80_b10_c90_v4.col,80,10,90,4,4135,4055,4056,0.213135852,95,0.016472451,4056,0.19695635
galaxy_a80_b10_c90_v5.col,80,10,90,5,4120,4040,4041,0.214755777,94,0.009920477,4041,0.196237057
galaxy_a85_b10_c100_v1.col,85,10,100,1,5319,5234,5235,0.3602734,109,0.016098765,5235,0.33806051
galaxy_a85_b10_c100_v2.col,85,10,100,2,4538,4453,4454,0.255295512,104,0.011958703,4454,0.236815658
galaxy_a85_b10_c100_v3.col,85,10,100,3,4667,4582,4583,0.274859332,103,0.012528221,4583,0.253047328
galaxy_a85_b10_c100_v4.col,85,10,100,4,4702,4617,4618,0.279818434,104,0.013034744,4618,0.258969474
galaxy_a85_b10_c100_v5.col,85,10,100,5,4660,4575,4576,0.273441311,101,0.012497587,4576,0.253735414
galaxy_a85_b10_c20_v1.col,85,10,20,1,1379,1294,1295,0.021507667,95,0.00132091,1295,0.018470012
galaxy_a85_b10_c20_v2.col,85,10,20,2,1357,1272,1273,0.020837444,95,0.001295137,1273,0.017871731
galaxy_a85_b10_c20_v3.col,85,10,20,3,1361,1276,1277,0.021112477,95,0.001303747,1277,0.018037419
galaxy_a85_b10_c20_v4.col,85,10,20,4,1337,1252,1253,0.02012387,95,0.001306496,1253,0.017259329
galaxy_a85_b10_c20_v5.col,85,10,20,5,1394,1309,1310,0.022009626,95,0.00135819,1310,0.019111341
galaxy_a85_b10_c30_v1.col,85,10,30,1,1764,1679,1680,0.035801341,95,0.001977212,1680,0.031171701
galaxy_a85_b10_c30_v2.col,85,10,30,2,1725,1640,1641,0.034014662,95,0.001942119,1641,0.0294958
galaxy_a85_b10_c30_v3.col,85,10,30,3,1875,1790,1791,0.040762261,95,0.002281091,1791,0.035467565
galaxy_a85_b10_c30_v4.col,85,10,30,4,1957,1872,1873,0.044594721,96,0.002386512,1873,0.039034037
galaxy_a85_b10_c30_v5.col,85,10,30,5,1839,1754,1755,0.039002782,95,0.002131851,1755,0.034064812
galaxy_a85_b10_c40_v1.col,85,10,40,1,2298,2213,2214,0.062352587,95,0.003356834,2214,0.055253919
galaxy_a85_b10_c40_v2.col,85,10,40,2,2170,2085,2086,0.055123489,95,0.003062825,2086,0.04863938
galaxy_a85_b10_c40_v3.col,85,10,40,3,2263,2178,2179,0.061186749,95,0.003133506,2179,0.053312185
galaxy_a85_b10_c40_v4.col,85,10,40,4,2141,2056,2057,0.05372727,95,0.002874136,2057,0.047193756
galaxy_a85_b10_c40_v5.col,85,10,40,5,2206,2121,2122,0.057236485,95,0.003070894,2122,0.050453239
galaxy_a85_b10_c50_v1.col,85,10,50,1,2827,2742,2743,0.09897561,96,0.004774258,2743,0.089273141
galaxy_a85_b10_c50_v2.col,85,10,50,2,2631,2546,2547,0.08402616,95,0.00405454,2547,0.07531233
galaxy_a85_b10_c50_v3.col,85,10,50,3,2606,2521,2522,0.082364647,95,0.004143998,2522,0.07351557
galaxy_a85_b10_c50_v4.col,85,10,50,4,2537,2452,2453,0.077595719,95,0.003985947,2453,0.069170874
galaxy_a85_b10_c50_v5.col,85,10,50,5,2640,2555,2556,0.084910876,95,0.004160077,2556,0.075891583
galaxy_a85_b10_c60_v1.col,85,10,60,1,3001,2916,2917,0.111648862,95,0.005521378,2917,0.107376342
galaxy_a85_b10_c60_v2.col,85,10,60,2,2822,2737,2738,0.098890401,95,0.004888829,2738,0.088687788
galaxy_a85_b10_c60_v3.col,85,10,60,3,3082,2997,2998,0.117958641,95,0.005706615,2998,0.10667787
galaxy_a85_b10_c60_v4.col,85,10,60,4,2732,2647,2648,0.091682043,95,0.004468926,2648,0.082239868
galaxy_a85_b10_c60_v5.col,85,10,60,5,3145,3060,3061,0.12257102,96,0.005864192,3061,0.111057975
galaxy_a85_b10_c70_v1.col,85,10,70,1,3352,3267,3268,0.138759782,95,0.006438439,3268,0.12625789
galaxy_a85_b10_c70_v2.col,85,10,70,2,3701,3616,3617,0.17095893,96,0.008027812,3617,0.156451522
galaxy_a85_b10_c70_v3.col,85,10,70,3,3462,3377,3378,0.148700495,95,0.007107525,3378,0.136012969
galaxy_a85_b10_c70_v4.col,85,10,70,4,3255,3170,3171,0.130745567,95,0.00618286,3171,0.117664485
galaxy_a85_b10_c70_v5.col,85,10,70,5,3369,3284,3285,0.142619847,95,0.006638296,3285,0.128114612
galaxy_a85_b10_c80_v1.col,85,10,80,1,3938,3853,3854,0.194385715,97,0.008971774,3854,0.178157402
galaxy_a85_b10_c80_v2.col,85,10,80,2,3701,3616,3617,0.171253696,95,0.014175478,3617,0.15566066
galaxy_a85_b10_c80_v3.col,85,10,80,3,3980,3895,3896,0.195534826,95,0.00892705,3896,0.183112834
galaxy_a85_b10_c80_v4.col,85,10,80,4,3527,3442,3443,0.15416446,95,0.007026105,3443,0.139171671
galaxy_a85_b10_c80_v5.col,85,10,80,5,3854,3769,3770,0.184480043,97,0.008363827,3770,0.167298446
galaxy_a85_b10_c90_v1.col,85,10,90,1,4342,4257,4258,0.234529416,96,0.011253314,4258,0.215773193
galaxy_a85_b10_c90_v2.col,85,10,90,2,4351,4266,4267,0.235945529,96,0.011294664,4267,0.217104462
galaxy_a85_b10_c90_v3.col,85,10,90,3,4332,4247,4248,0.235600082,102,0.011429052,4248,0.220417048
galaxy_a85_b10_c90_v4.col,85,10,90,4,4144,4059,4060,0.21244599,96,0.009860071,4060,0.197592866
galaxy_a85_b10_c90_v5.col,85,10,90,5,4502,4417,4418,0.258964695,102,0.011650112,4418,0.234657492
galaxy_a90_b10_c100_v1.col,90,10,100,1,5144,5054,5055,0.334807327,108,0.015091023,5055,0.313830095
galaxy_a90_b10_c100_v2.col,90,10,100,2,5124,5034,5035,0.328199713,105,0.015271451,5035,0.314212803
galaxy_a90_b10_c100_v3.col,90,10,100,3,4991,4901,4902,0.313318569,108,0.014288564,4902,0.287388411
galaxy_a90_b10_c100_v4.col,90,10,100,4,5440,5350,5351,0.372662159,112,0.016417798,5351,0.345639926
galaxy_a90_b10_c100_v5.col,90,10,100,5,4867,4777,4778,0.294887041,103,0.013956428,4778,0.278691816
galaxy_a90_b10_c20_v1.col,90,10,20,1,1466,1376,1377,0.024553921,100,0.001512613,1377,0.020880653
galaxy_a90_b10_c20_v2.col,90,10,20,2,1437,1347,1348,0.023362771,100,0.001450351,1348,0.020189336
galaxy_a90_b10_c20_v3.col,90,10,20,3,1406,1316,1317,0.022322587,100,0.001412937,1317,0.019148342
galaxy_a90_b10_c20_v4.col,90,10,20,4,1456,1366,1367,0.023957722,100,0.001443518,1367,0.020574911
galaxy_a90_b10_c20_v5.col,90,10,20,5,1404,1314,1315,0.022236663,100,0.001417571,1315,0.019144297
galaxy_a90_b10_c30_v1.col,90,10,30,1,1929,1839,1840,0.043101203,100,0.00231445,1840,0.037579325
galaxy_a90_b10_c30_v2.col,90,10,30,2,1819,1729,1730,0.037917038,100,0.002114424,1730,0.03303167
galaxy_a90_b10_c30_v3.col,90,10,30,3,1878,1788,1789,0.04047615,100,0.00225543,1789,0.034899385
galaxy_a90_b10_c30_v4.col,90,10,30,4,1855,1765,1766,0.039592986,100,0.002181581,1766,0.034598883
galaxy_a90_b10_c30_v5.col,90,10,30,5,1780,1690,1691,0.03638688,100,0.002009771,1691,0.031608275
galaxy_a90_b10_c40_v1.col,90,10,40,1,2516,2426,2427,0.075793122,100,0.003760095,2427,0.068110983
galaxy_a90_b10_c40_v2.col,90,10,40,2,2374,2284,2285,0.06633762,100,0.00345903,2285,0.059181779
galaxy_a90_b10_c40_v3.col,90,10,40,3,2356,2266,2267,0.065548871,100,0.003520248,2267,0.058126772
galaxy_a90_b10_c40_v4.col,90,10,40,4,2422,2332,2333,0.069830534,100,0.003653886,2333,0.061766134
galaxy_a90_b10_c40_v5.col,90,10,40,5,2460,2370,2371,0.072186551,100,0.003693135,2371,0.064041216
galaxy_a90_b10_c50_v1.col,90,10,50,1,2972,2882,2883,0.109146261,100,0.005220508,2883,0.098393086
galaxy_a90_b10_c50_v2.col,90,10,50,2,2839,2749,2750,0.099441279,100,0.00473887,2750,0.089661155
galaxy_a90_b10_c50_v3.col,90,10,50,3,2795,2705,2706,0.097058887,100,0.004634272,2706,0.085671971
galaxy_a90_b10_c50_v4.col,90,10,50,4,2718,2628,2629,0.090020572,100,0.004369862,2629,0.080476757
galaxy_a90_b10_c50_v5.col,90,10,50,5,2730,2640,2641,0.091133727,100,0.004456327,2641,0.081509285
galaxy_a90_b10_c60_v1.col,90,10,60,1,3107,3017,3018,0.119311075,102,0.005692825,3018,0.108306906
galaxy_a90_b10_c60_v2.col,90,10,60,2,3206,3116,3117,0.127229636,100,0.006053365,3117,0.114756793
galaxy_a90_b10_c60_v3.col,90,10,60,3,3170,3080,3081,0.124975155,100,0.005959658,3081,0.119567214
galaxy_a90_b10_c60_v4.col,90,10,60,4,3167,3077,3078,0.12455611,100,0.005867526,3078,0.11301932
galaxy_a90_b10_c60_v5.col,90,10,60,5,3204,3114,3115,0.127323158,100,0.006251483,3115,0.116230707
galaxy_a90_b10_c70_v1.col,90,10,70,1,3796,3706,3707,0.17780704,100,0.008336351,3707,0.163166945
galaxy_a90_b10_c70_v2.col,90,10,70,2,3563,3473,3474,0.156197406,100,0.007350258,3474,0.141655725
galaxy_a90_b10_c70_v3.col,90,10,70,3,3862,3772,3773,0.185810421,100,0.008573148,3773,0.169615277
galaxy_a90_b10_c70_v4.col,90,10,70,4,3744,3654,3655,0.175534808,100,0.008024067,3655,0.158961973
galaxy_a90_b10_c70_v5.col,90,10,70,5,3778,3688,3689,0.177024649,100,0.008331249,3689,0.163192218
galaxy_a90_b10_c80_v1.col,90,10,80,1,3939,3849,3850,0.192398287,100,0.008816027,3850,0.174593287
galaxy_a90_b10_c80_v2.col,90,10,80,2,4010,3920,3921,0.198975705,100,0.009298779,3921,0.184822577
galaxy_a90_b10_c80_v3.col,90,10,80,3,4075,3985,3986,0.207773481,100,0.015697342,3986,0.189687956
galaxy_a90_b10_c80_v4.col,90,10,80,4,4343,4253,4254,0.234962463,103,0.011267176,4254,0.216908909
galaxy_a90_b10_c80_v5.col,90,10,80,5,4114,4024,4025,0.211424884,101,0.009833168,4025,0.196229726
galaxy_a90_b10_c90_v1.col,90,10,90,1,4650,4560,4561,0.270608246,101,0.012568252,4561,0.251451435
galaxy_a90_b10_c90_v2.col,90,10,90,2,4555,4465,4466,0.26026629,102,0.01208891,4466,0.241639709
galaxy_a90_b10_c90_v3.col,90,10,90,3,4319,4229,4230,0.235758278,100,0.011095443,4230,0.215991965
galaxy_a90_b10_c90_v4.col,90,10,90,4,4459,4369,4370,0.249651926,102,0.011984284,4370,0.231832053
galaxy_a90_b10_c90_v5.col,90,10,90,5,4944,4854,4855,0.30591961,104,0.013756277,4855,0.285103126
galaxy_a95_b10_c100_v1.col,95,10,100,1,5439,5344,5345,0.380531502,110,0.016162749,5345,0.350025944
galaxy_a95_b10_c100_v2.col,95,10,100,2,5431,5336,5337,0.378241742,110,0.016404713,5337,0.348000911
galaxy_a95_b10_c100_v3.col,95,10,100,3,5002,4907,4908,0.313200678,106,0.014453631,4908,0.295796907
galaxy_a95_b10_c100_v4.col,95,10,100,4,5209,5114,5115,0.341333172,107,0.015602421,5115,0.321981639
galaxy_a95_b10_c100_v5.col,95,10,100,5,5559,5464,5465,0.391491644,110,0.017089887,5465,0.362130842
galaxy_a95_b10_c20_v1.col,95,10,20,1,1488,1393,1394,0.02500632,105,0.001500395,1394,0.02111284
galaxy_a95_b10_c20_v2.col,95,10,20,2,1511,1416,1417,0.025808749,105,0.001544712,1417,0.022200573
galaxy_a95_b10_c20_v3.col,95,10,20,3,1595,1500,1501,0.029005107,105,0.001695521,1501,0.02488943
galaxy_a95_b10_c20_v4.col,95,10,20,4,1501,1406,1407,0.025491001,105,0.001563061,1407,0.021882751
galaxy_a95_b10_c20_v5.col,95,10,20,5,1503,1408,1409,0.025526748,105,0.001575333,1409,0.021958671
galaxy_a95_b10_c30_v1.col,95,10,30,1,1947,1852,1853,0.043959538,105,0.002378903,1853,0.038496639
galaxy_a95_b10_c30_v2.col,95,10,30,2,1957,1862,1863,0.044132868,105,0.002386065,1863,0.038477747
galaxy_a95_b10_c30_v3.col,95,10,30,3,2069,1974,1975,0.049600938,105,0.00272425,1975,0.043606864
galaxy_a95_b10_c30_v4.col,95,10,30,4,1995,1900,1901,0.046010212,105,0.002425606,1901,0.040310707
galaxy_a95_b10_c30_v5.col,95,10,30,5,1929,1834,1835,0.042901491,105,0.002311092,1835,0.037265814
galaxy_a95_b10_c40_v1.col,95,10,40,1,2588,2493,2494,0.08071916,105,0.004018531,2494,0.071852417
galaxy_a95_b10_c40_v2.col,95,10,40,2,2630,2535,2536,0.083688543,105,0.004173709,2536,0.0744939
galaxy_a95_b10_c40_v3.col,95,10,40,3,2515,2420,2421,0.075517642,105,0.010259507,2421,0.067098276
galaxy_a95_b10_c40_v4.col,95,10,40,4,2684,2589,2590,0.087596729,105,0.004346766,2590,0.07815375
galaxy_a95_b10_c40_v5.col,95,10,40,5,2521,2426,2427,0.075998077,105,0.003878473,2427,0.067553982
galaxy_a95_b10_c50_v1.col,95,10,50,1,3073,2978,2979,0.117299369,106,0.005768298,2979,0.105398703
galaxy_a95_b10_c50_v2.col,95,10,50,2,2904,2809,2810,0.104546786,105,0.004941176,2810,0.093287316
galaxy_a95_b10_c50_v3.col,95,10,50,3,3040,2945,2946,0.113866981,105,0.005442082,2946,0.102897225
galaxy_a95_b10_c50_v4.col,95,10,50,4,2771,2676,2677,0.093876836,105,0.004513599,2677,0.082935314
galaxy_a95_b10_c50_v5.col,95,10,50,5,3102,3007,3008,0.119361791,105,0.005666314,3008,0.107837689
galaxy_a95_b10_c60_v1.col,95,10,60,1,3501,3406,3407,0.152452085,105,0.007200564,3407,0.139713683
galaxy_a95_b10_c60_v2.col,95,10,60,2,3263,3168,3169,0.132163581,105,0.006322501,3169,0.119945996
galaxy_a95_b10_c60_v3.col,95,10,60,3,3480,3385,3386,0.150159182,105,0.006809667,3386,0.136300196
galaxy_a95_b10_c60_v4.col,95,10,60,4,3765,3670,3671,0.176625917,107,0.008152435,3671,0.159224955
galaxy_a95_b10_c60_v5.col,95,10,60,5,3333,3238,3239,0.137634969,105,0.006709597,3239,0.125623847
galaxy_a95_b10_c70_v1.col,95,10,70,1,3744,3649,3650,0.173206612,105,0.007863146,3650,0.159683963
galaxy_a95_b10_c70_v2.col,95,10,70,2,4008,3913,3914,0.20020528,105,0.008973399,3914,0.183728153
galaxy_a95_b10_c70_v3.col,95,10,70,3,3926,3831,3832,0.192892853,105,0.008865693,3832,0.178120963
galaxy_a95_b10_c70_v4.col,95,10,70,4,3820,3725,3726,0.1813813,105,0.008387791,3726,0.165649052
galaxy_a95_b10_c70_v5.col,95,10,70,5,3971,3876,3877,0.195078985,106,0.009185523,3877,0.180403272
galaxy_a95_b10_c80_v1.col,95,10,80,1,4388,4293,4294,0.239446629,105,0.0111919,4294,0.223961773
galaxy_a95_b10_c80_v2.col,95,10,80,2,4608,4513,4514,0.266019727,107,0.012425895,4514,0.245861141
galaxy_a95_b10_c80_v3.col,95,10,80,3,4811,4716,4717,0.294768355,107,0.013294601,4717,0.269272203
galaxy_a95_b10_c80_v4.col,95,10,80,4,4644,4549,4550,0.267894532,108,0.012366585,4550,0.24965636
galaxy_a95_b10_c80_v5.col,95,10,80,5,4220,4125,4126,0.222325663,106,0.010810207,4126,0.205648711
galaxy_a95_b10_c90_v1.col,95,10,90,1,4894,4799,4800,0.303024704,107,0.01354235,4800,0.279042602
galaxy_a95_b10_c90_v2.col,95,10,90,2,4746,4651,4652,0.280521872,106,0.013230726,4652,0.265628157
galaxy_a95_b10_c90_v3.col,95,10,90,3,4911,4816,4817,0.30131387,109,0.013353878,4817,0.284412925
galaxy_a95_b10_c90_v4.col,95,10,90,4,4867,4772,4773,0.297728254,105,0.013921018,4773,0.276205687
galaxy_a95_b10_c90_v5.col,95,10,90,5,4983,4888,4889,0.312046498,107,0.014546723,4889,0.290150452
