mean_fit_t,b,c,mean_upd_t,mean_init_t,se_init_t,mean_mut_t,se_fit_t,se_mut_t,se_upd_t,N,M,v,mean_sel_t,a,se_cross_t,se_sel_t,mean_cross_t,instancia
0.00493,10,100,0.0,0.0,0.0,0.0,0.0001,0.0,0.0,31,30,1,0.0,1,0.0,0.0,0.0,galaxy_a01_b10_c100_v1.col
0.0187,10,100,0.0,0.0,0.0,0.0,0.0003,0.0,0.0,80,79,2,0.0,1,0.0,0.0,0.0,galaxy_a01_b10_c100_v2.col
0.02301,10,100,0.0,0.0,0.0,0.0,0.0002,0.0,0.0,98,97,3,0.0,1,0.0,0.0,0.0,galaxy_a01_b10_c100_v3.col
0.00289,10,100,0.0,0.0,0.0,0.0,0.0001,0.0,0.0,22,21,4,0.0,1,0.0,0.0,0.0,galaxy_a01_b10_c100_v4.col
0.01018,10,100,0.0,0.0,0.0,0.0,0.0002,0.0,0.0,52,51,5,0.0,1,0.0,0.0,0.0,galaxy_a01_b10_c100_v5.col
0.00276,10,20,0.0,0.0,0.0,0.0,0.0001,0.0,0.0,19,18,1,0.0,1,0.0,0.0,0.0,galaxy_a01_b10_c20_v1.col
0.0022,10,20,0.0,0.0,0.0,0.0,0.0001,0.0,0.0,15,14,2,0.0,1,0.0,0.0,0.0,galaxy_a01_b10_c20_v2.col
0.00132,10,20,0.0,0.0,0.0,0.0,0.0001,0.0,0.0,11,10,3,0.0,1,0.0,0.0,0.0,galaxy_a01_b10_c20_v3.col
0.00207,10,20,0.0,0.0,0.0,0.0,0.0001,0.0,0.0,14,13,4,0.0,1,0.0,0.0,0.0,galaxy_a01_b10_c20_v4.col
0.00224,10,20,0.0,0.0,0.0,0.0,0.0001,0.0,0.0,15,14,5,0.0,1,0.0,0.0,0.0,galaxy_a01_b10_c20_v5.col
0.00239,10,30,0.0,0.0,0.0,0.0,0.0001,0.0,0.0,16,15,1,0.0,1,0.0,0.0,0.0,galaxy_a01_b10_c30_v1.col
0.00193,10,30,0.0,0.0,0.0,0.0,0.0001,0.0,0.0,13,12,2,0.0,1,0.0,0.0,0.0,galaxy_a01_b10_c30_v2.col
0.0041,10,30,0.0,0.0,0.0,0.0,0.0001,0.0,0.0,27,26,3,0.0,1,0.0,0.0,0.0,galaxy_a01_b10_c30_v3.col
0.00292,10,30,0.0,0.0,0.0,0.0,0.0001,0.0,0.0,20,19,4,0.0,1,0.0,0.0,0.0,galaxy_a01_b10_c30_v4.col
0.00285,10,30,0.0,0.0,0.0,0.0,0.0001,0.0,0.0,21,20,5,0.0,1,0.0,0.0,0.0,galaxy_a01_b10_c30_v5.col
0.00524,10,40,0.0,0.0,0.0,0.0,0.0002,0.0,0.0,33,32,1,0.0,1,0.0,0.0,0.0,galaxy_a01_b10_c40_v1.col
0.00255,10,40,0.0,0.0,0.0,0.0,0.0,0.0,0.0,18,17,2,0.0,1,0.0,0.0,0.0,galaxy_a01_b10_c40_v2.col
0.00534,10,40,0.0,0.0,0.0,0.0,0.0001,0.0,0.0,34,33,3,0.0,1,0.0,0.0,0.0,galaxy_a01_b10_c40_v3.col
0.00338,10,40,0.0,0.0,0.0,0.0,0.0001,0.0,0.0,23,22,4,0.0,1,0.0,0.0,0.0,galaxy_a01_b10_c40_v4.col
0.00521,10,40,0.0,0.0,0.0,0.0,0.0001,0.0,0.0,32,31,5,0.0,1,0.0,0.0,0.0,galaxy_a01_b10_c40_v5.col
0.00182,10,50,0.0,0.0,0.0,0.0,0.0,0.0,0.0,12,11,1,0.0,1,0.0,0.0,0.0,galaxy_a01_b10_c50_v1.col
0.00139,10,50,0.0,0.0,0.0,0.0,0.0,0.0,0.0,11,10,2,0.0,1,0.0,0.0,0.0,galaxy_a01_b10_c50_v2.col
0.00453,10,50,0.0,0.0,0.0,0.0,0.0001,0.0,0.0,29,28,3,0.0,1,0.0,0.0,0.0,galaxy_a01_b10_c50_v3.col
0.00607,10,50,0.0,0.0,0.0,0.0,0.0001,0.0,0.0,37,36,4,0.0,1,0.0,0.0,0.0,galaxy_a01_b10_c50_v4.col
0.00498,10,50,0.0,0.0,0.0,0.0,0.0001,0.0,0.0,31,30,5,0.0,1,0.0,0.0,0.0,galaxy_a01_b10_c50_v5.col
0.00228,10,60,0.0,0.0,0.0,0.0,0.0001,0.0,0.0,15,14,1,0.0,1,0.0,0.0,0.0,galaxy_a01_b10_c60_v1.col
0.0068,10,60,0.0,0.0,0.0,0.0,0.0001,0.0,0.0,40,39,2,0.0,1,0.0,0.0,0.0,galaxy_a01_b10_c60_v2.col
0.00272,10,60,0.0,0.0,0.0,0.0,0.0001,0.0,0.0,18,17,3,0.0,1,0.0,0.0,0.0,galaxy_a01_b10_c60_v3.col
0.00236,10,60,0.0,0.0,0.0,0.0,0.0001,0.0,0.0,18,17,4,0.0,1,0.0,0.0,0.0,galaxy_a01_b10_c60_v4.col
0.01288,10,60,0.0,0.0,0.0,0.0,0.0023,0.0,0.0,55,54,5,0.0,1,0.0,0.0,0.0,galaxy_a01_b10_c60_v5.col
0.00458,10,70,0.0,0.0,0.0,0.0,0.0001,0.0,0.0,33,32,1,0.0,1,0.0,0.0,0.0,galaxy_a01_b10_c70_v1.col
0.00236,10,70,0.0,0.0,0.0,0.0,0.0001,0.0,0.0,19,18,2,0.0,1,0.0,0.0,0.0,galaxy_a01_b10_c70_v2.col
0.01448,10,70,0.0,0.0,0.0,0.0,0.0001,0.0,0.0,71,70,3,0.0,1,0.0,0.0,0.0,galaxy_a01_b10_c70_v3.col
0.00317,10,70,0.0,0.0,0.0,0.0,0.0001,0.0,0.0,24,23,4,0.0,1,0.0,0.0,0.0,galaxy_a01_b10_c70_v4.col
0.00673,10,70,0.0,0.0,0.0,0.0,0.0001,0.0,0.0,43,42,5,0.0,1,0.0,0.0,0.0,galaxy_a01_b10_c70_v5.col
0.00583,10,80,0.0,0.0,0.0,0.0,0.0001,0.0,0.0,39,38,1,0.0,1,0.0,0.0,0.0,galaxy_a01_b10_c80_v1.col
0.01598,10,80,0.0,0.0,0.0,0.0,0.0001,0.0,0.0,75,74,2,0.0,1,0.0,0.0,0.0,galaxy_a01_b10_c80_v2.col
0.01325,10,80,0.0,0.0,0.0,0.0,0.0,0.0,0.0,64,63,3,0.0,1,0.0,0.0,0.0,galaxy_a01_b10_c80_v3.col
0.02646,10,80,0.0,0.0,0.0,0.0,0.0042,0.0,0.0,81,80,4,0.0,1,0.0,0.0,0.0,galaxy_a01_b10_c80_v4.col
0.00184,10,80,0.0,0.0,0.0,0.0,0.0001,0.0,0.0,15,14,5,0.0,1,0.0,0.0,0.0,galaxy_a01_b10_c80_v5.col
0.00334,10,90,0.0,0.0,0.0,0.0,0.0001,0.0,0.0,26,25,1,0.0,1,0.0,0.0,0.0,galaxy_a01_b10_c90_v1.col
0.01622,10,90,0.0,0.0,0.0,0.0,0.0001,0.0,0.0,79,78,2,0.0,1,0.0,0.0,0.0,galaxy_a01_b10_c90_v2.col
0.00966,10,90,0.0,0.0,0.0,0.0,0.0001,0.0,0.0,54,53,3,0.0,1,0.0,0.0,0.0,galaxy_a01_b10_c90_v3.col
0.01521,10,90,0.0,0.0,0.0,0.0,0.0001,0.0,0.0,77,76,4,0.0,1,0.0,0.0,0.0,galaxy_a01_b10_c90_v4.col
0.01334,10,90,0.0,0.0,0.0,0.0,0.0002,0.0,0.0,69,68,5,0.0,1,0.0,0.0,0.0,galaxy_a01_b10_c90_v5.col
0.06053,10,100,0.0,0.0,0.0,0.0,0.0044,0.0,0.0,245,240,1,0.0,5,0.0,0.0,0.0,galaxy_a05_b10_c100_v1.col
0.08876,10,100,0.0,0.0,0.0,0.0,0.0022,0.0,0.0,318,313,2,0.0,5,0.0,0.0,0.0,galaxy_a05_b10_c100_v2.col
0.08968,10,100,0.0,0.0,0.0,0.0,0.01,0.0,0.0,304,299,3,0.0,5,0.0,0.0,0.0,galaxy_a05_b10_c100_v3.col
0.03861,10,100,0.0,0.0,0.0,0.0,0.0012,0.0,0.0,179,174,4,0.0,5,0.0,0.0,0.0,galaxy_a05_b10_c100_v4.col
0.06233,10,100,0.0,0.0,0.0,0.0,0.0007,0.0,0.0,251,246,5,0.0,5,0.0,0.0,0.0,galaxy_a05_b10_c100_v5.col
0.00942,10,20,0.0,0.0,0.0,0.0,0.0007,0.0,0.0,63,58,1,0.0,5,0.0,0.0,0.0,galaxy_a05_b10_c20_v1.col
0.01259,10,20,0.0,0.0,0.0,0.0,0.0007,0.0,0.0,81,76,2,0.0,5,0.0,0.0,0.0,galaxy_a05_b10_c20_v2.col
0.01207,10,20,0.0,0.0,0.0,0.0,0.0007,0.0,0.0,81,76,3,0.0,5,0.0,0.0,0.0,galaxy_a05_b10_c20_v3.col
0.00989,10,20,0.0,0.0,0.0,0.0,0.0007,0.0,0.0,68,63,4,0.0,5,0.0,0.0,0.0,galaxy_a05_b10_c20_v4.col
0.01194,10,20,0.0,0.0,0.0,0.0,0.0007,0.0,0.0,80,75,5,0.0,5,0.0,0.0,0.0,galaxy_a05_b10_c20_v5.col
0.01704,10,30,0.0,0.0,0.0,0.0,0.0007,0.0,0.0,108,103,1,0.0,5,0.0,0.0,0.0,galaxy_a05_b10_c30_v1.col
0.01784,10,30,0.0,0.0,0.0,0.0,0.0007,0.0,0.0,111,106,2,0.0,5,0.0,0.0,0.0,galaxy_a05_b10_c30_v2.col
0.01689,10,30,0.0,0.0,0.0,0.0,0.0007,0.0,0.0,108,103,3,0.0,5,0.0,0.0,0.0,galaxy_a05_b10_c30_v3.col
0.01413,10,30,0.0,0.0,0.0,0.0,0.0,0.0,0.0,96,91,4,0.0,5,0.0,0.0,0.0,galaxy_a05_b10_c30_v4.col
0.01642,10,30,0.0,0.0,0.0,0.0,0.0009,0.0,0.0,102,97,5,0.0,5,0.0,0.0,0.0,galaxy_a05_b10_c30_v5.col
0.02628,10,40,0.0,0.0,0.0,0.0,0.0007,0.0,0.0,149,144,1,0.0,5,0.0,0.0,0.0,galaxy_a05_b10_c40_v1.col
0.03058,10,40,0.0,0.0,0.0,0.0,0.0008,0.0,0.0,161,156,2,0.0,5,0.0,0.0,0.0,galaxy_a05_b10_c40_v2.col
0.02571,10,40,0.0,0.0,0.0,0.0,0.001,0.0,0.0,142,137,3,0.0,5,0.0,0.0,0.0,galaxy_a05_b10_c40_v3.col
0.01889,10,40,0.0,0.0,0.0,0.0,0.0007,0.0,0.0,118,113,4,0.0,5,0.0,0.0,0.0,galaxy_a05_b10_c40_v4.col
0.02933,10,40,0.0,0.0,0.0,0.0,0.0007,0.0,0.0,162,157,5,0.0,5,0.0,0.0,0.0,galaxy_a05_b10_c40_v5.col
0.03222,10,50,0.0,0.0,0.0,0.0,0.0008,0.0,0.0,165,160,1,0.0,5,0.0,0.0,0.0,galaxy_a05_b10_c50_v1.col
0.02148,10,50,0.0,0.0,0.0,0.0,0.0007,0.0,0.0,130,125,2,0.0,5,0.0,0.0,0.0,galaxy_a05_b10_c50_v2.col
0.02758,10,50,0.0,0.0,0.0,0.0,0.0007,0.0,0.0,150,145,3,0.0,5,0.0,0.0,0.0,galaxy_a05_b10_c50_v3.col
0.03794,10,50,0.0,0.0,0.0,0.0,0.0064,0.0,0.0,156,151,4,0.0,5,0.0,0.0,0.0,galaxy_a05_b10_c50_v4.col
0.02783,10,50,0.0,0.0,0.0,0.0,0.0009,0.0,0.0,150,145,5,0.0,5,0.0,0.0,0.0,galaxy_a05_b10_c50_v5.col
0.03005,10,60,0.0,0.0,0.0,0.0,0.0007,0.0,0.0,158,153,1,0.0,5,0.0,0.0,0.0,galaxy_a05_b10_c60_v1.col
0.03549,10,60,0.0,0.0,0.0,0.0,0.0038,0.0,0.0,166,161,2,0.0,5,0.0,0.0,0.0,galaxy_a05_b10_c60_v2.col
0.05662,10,60,0.0,0.0,0.0,0.0,0.0094,0.0,0.0,216,211,3,0.0,5,0.0,0.0,0.0,galaxy_a05_b10_c60_v3.col
0.05066,10,60,0.0,0.0,0.0,0.0,0.0011,0.0,0.0,222,217,4,0.0,5,0.0,0.0,0.0,galaxy_a05_b10_c60_v4.col
0.02816,10,60,0.0,0.0,0.0,0.0,0.0009,0.0,0.0,147,142,5,0.0,5,0.0,0.0,0.0,galaxy_a05_b10_c60_v5.col
0.05995,10,70,0.0,0.0,0.0,0.0,0.0083,0.0,0.0,190,185,1,0.0,5,0.0,0.0,0.0,galaxy_a05_b10_c70_v1.col
0.0367,10,70,0.0,0.0,0.0,0.0,0.0022,0.0,0.0,166,161,2,0.0,5,0.0,0.0,0.0,galaxy_a05_b10_c70_v2.col
0.06616,10,70,0.0,0.0,0.0,0.0,0.0074,0.0,0.0,178,173,3,0.0,5,0.0,0.0,0.0,galaxy_a05_b10_c70_v3.col
0.06331,10,70,0.0,0.0,0.0,0.0,0.001,0.0,0.0,264,259,4,0.0,5,0.0,0.0,0.0,galaxy_a05_b10_c70_v4.col
0.06328,10,70,0.0,0.0,0.0,0.0,0.001,0.0,0.0,265,260,5,0.0,5,0.0,0.0,0.0,galaxy_a05_b10_c70_v5.col
0.06276,10,80,0.0,0.0,0.0,0.0,0.0008,0.0,0.0,261,256,1,0.0,5,0.0,0.0,0.0,galaxy_a05_b10_c80_v1.col
0.03315,10,80,0.0,0.0,0.0,0.0,0.0006,0.0,0.0,165,160,2,0.0,5,0.0,0.0,0.0,galaxy_a05_b10_c80_v2.col
0.0497,10,80,0.0,0.0,0.0,0.0,0.0007,0.0,0.0,217,212,3,0.0,5,0.0,0.0,0.0,galaxy_a05_b10_c80_v3.col
0.05665,10,80,0.0,0.0,0.0,0.0,0.0006,0.0,0.0,237,232,4,0.0,5,0.0,0.0,0.0,galaxy_a05_b10_c80_v4.col
0.0781,10,80,0.0,0.0,0.0,0.0,0.0108,0.0,0.0,204,199,5,0.0,5,0.0,0.0,0.0,galaxy_a05_b10_c80_v5.col
0.06968,10,90,0.0,0.0,0.0,0.0,0.0104,0.0,0.0,239,234,1,0.0,5,0.0,0.0,0.0,galaxy_a05_b10_c90_v1.col
0.0929,10,90,0.0,0.0,0.0,0.0,0.0075,0.0,0.0,312,307,2,0.0,5,0.0,0.0,0.0,galaxy_a05_b10_c90_v2.col
0.05925,10,90,0.0,0.0,0.0,0.0,0.0008,0.0,0.0,252,247,3,0.0,5,0.0,0.0,0.0,galaxy_a05_b10_c90_v3.col
0.06006,10,90,0.0,0.0,0.0,0.0,0.0106,0.0,0.0,221,216,4,0.0,5,0.0,0.0,0.0,galaxy_a05_b10_c90_v4.col
0.06908,10,90,0.0,0.0,0.0,0.0,0.0044,0.0,0.0,254,249,5,0.0,5,0.0,0.0,0.0,galaxy_a05_b10_c90_v5.col
7.93647,10,100,0.0,0.0,0.0,0.0,0.1999,0.0,0.0,5804,5704,1,0.0,100,0.0,0.0,0.0,galaxy_a100_b10_c100_v1.col
7.54936,10,100,0.0,0.0,0.0,0.0,0.1836,0.0,0.0,5555,5455,2,0.0,100,0.0,0.0,0.0,galaxy_a100_b10_c100_v2.col
7.80959,10,100,0.0,0.0,0.0,0.0,0.141,0.0,0.0,5712,5612,3,0.0,100,0.0,0.0,0.0,galaxy_a100_b10_c100_v3.col
8.39419,10,100,0.0,0.0,0.0,0.0,0.2237,0.0,0.0,5713,5613,4,0.0,100,0.0,0.0,0.0,galaxy_a100_b10_c100_v4.col
9.15882,10,100,0.0,0.0,0.0,0.0,0.1807,0.0,0.0,6255,6155,5,0.0,100,0.0,0.0,0.0,galaxy_a100_b10_c100_v5.col
0.91886,10,20,0.0,0.0,0.0,0.0,0.0055,0.0,0.0,1608,1508,1,0.0,100,0.0,0.0,0.0,galaxy_a100_b10_c20_v1.col
0.95718,10,20,0.0,0.0,0.0,0.0,0.0043,0.0,0.0,1614,1514,2,0.0,100,0.0,0.0,0.0,galaxy_a100_b10_c20_v2.col
1.05088,10,20,0.0,0.0,0.0,0.0,0.1429,0.0,0.0,1561,1461,3,0.0,100,0.0,0.0,0.0,galaxy_a100_b10_c20_v3.col
0.95759,10,20,0.0,0.0,0.0,0.0,0.0057,0.0,0.0,1660,1560,4,0.0,100,0.0,0.0,0.0,galaxy_a100_b10_c20_v4.col
0.89791,10,20,0.0,0.0,0.0,0.0,0.003,0.0,0.0,1571,1471,5,0.0,100,0.0,0.0,0.0,galaxy_a100_b10_c20_v5.col
1.42825,10,30,0.0,0.0,0.0,0.0,0.1198,0.0,0.0,2041,1941,1,0.0,100,0.0,0.0,0.0,galaxy_a100_b10_c30_v1.col
1.55424,10,30,0.0,0.0,0.0,0.0,0.0551,0.0,0.0,2092,1992,2,0.0,100,0.0,0.0,0.0,galaxy_a100_b10_c30_v2.col
1.62829,10,30,0.0,0.0,0.0,0.0,0.1256,0.0,0.0,2188,2088,3,0.0,100,0.0,0.0,0.0,galaxy_a100_b10_c30_v3.col
1.27659,10,30,0.0,0.0,0.0,0.0,0.003,0.0,0.0,2001,1901,4,0.0,100,0.0,0.0,0.0,galaxy_a100_b10_c30_v4.col
1.40234,10,30,0.0,0.0,0.0,0.0,0.1271,0.0,0.0,1985,1885,5,0.0,100,0.0,0.0,0.0,galaxy_a100_b10_c30_v5.col
1.97004,10,40,0.0,0.0,0.0,0.0,0.0188,0.0,0.0,2631,2531,1,0.0,100,0.0,0.0,0.0,galaxy_a100_b10_c40_v1.col
2.35183,10,40,0.0,0.0,0.0,0.0,0.1391,0.0,0.0,2674,2574,2,0.0,100,0.0,0.0,0.0,galaxy_a100_b10_c40_v2.col
1.87157,10,40,0.0,0.0,0.0,0.0,0.02,0.0,0.0,2496,2396,3,0.0,100,0.0,0.0,0.0,galaxy_a100_b10_c40_v3.col
1.98703,10,40,0.0,0.0,0.0,0.0,0.1356,0.0,0.0,2400,2300,4,0.0,100,0.0,0.0,0.0,galaxy_a100_b10_c40_v4.col
2.14235,10,40,0.0,0.0,0.0,0.0,0.0531,0.0,0.0,2555,2455,5,0.0,100,0.0,0.0,0.0,galaxy_a100_b10_c40_v5.col
2.82225,10,50,0.0,0.0,0.0,0.0,0.1049,0.0,0.0,2995,2895,1,0.0,100,0.0,0.0,0.0,galaxy_a100_b10_c50_v1.col
2.91469,10,50,0.0,0.0,0.0,0.0,0.1626,0.0,0.0,3021,2921,2,0.0,100,0.0,0.0,0.0,galaxy_a100_b10_c50_v2.col
2.74493,10,50,0.0,0.0,0.0,0.0,0.1282,0.0,0.0,3012,2912,3,0.0,100,0.0,0.0,0.0,galaxy_a100_b10_c50_v3.col
2.96276,10,50,0.0,0.0,0.0,0.0,0.1261,0.0,0.0,3256,3156,4,0.0,100,0.0,0.0,0.0,galaxy_a100_b10_c50_v4.col
3.11713,10,50,0.0,0.0,0.0,0.0,0.1486,0.0,0.0,3075,2975,5,0.0,100,0.0,0.0,0.0,galaxy_a100_b10_c50_v5.col
3.16847,10,60,0.0,0.0,0.0,0.0,0.1123,0.0,0.0,3448,3348,1,0.0,100,0.0,0.0,0.0,galaxy_a100_b10_c60_v1.col
3.46031,10,60,0.0,0.0,0.0,0.0,0.1265,0.0,0.0,3563,3463,2,0.0,100,0.0,0.0,0.0,galaxy_a100_b10_c60_v2.col
3.59545,10,60,0.0,0.0,0.0,0.0,0.1429,0.0,0.0,3582,3482,3,0.0,100,0.0,0.0,0.0,galaxy_a100_b10_c60_v3.col
3.36992,10,60,0.0,0.0,0.0,0.0,0.1224,0.0,0.0,3518,3418,4,0.0,100,0.0,0.0,0.0,galaxy_a100_b10_c60_v4.col
3.62151,10,60,0.0,0.0,0.0,0.0,0.1169,0.0,0.0,3714,3614,5,0.0,100,0.0,0.0,0.0,galaxy_a100_b10_c60_v5.col
4.06569,10,70,0.0,0.0,0.0,0.0,0.1205,0.0,0.0,3990,3890,1,0.0,100,0.0,0.0,0.0,galaxy_a100_b10_c70_v1.col
4.59907,10,70,0.0,0.0,0.0,0.0,0.1514,0.0,0.0,4165,4065,2,0.0,100,0.0,0.0,0.0,galaxy_a100_b10_c70_v2.col
4.83619,10,70,0.0,0.0,0.0,0.0,0.1396,0.0,0.0,4326,4226,3,0.0,100,0.0,0.0,0.0,galaxy_a100_b10_c70_v3.col
4.82379,10,70,0.0,0.0,0.0,0.0,0.1191,0.0,0.0,4240,4140,4,0.0,100,0.0,0.0,0.0,galaxy_a100_b10_c70_v4.col
4.17806,10,70,0.0,0.0,0.0,0.0,0.1161,0.0,0.0,3969,3869,5,0.0,100,0.0,0.0,0.0,galaxy_a100_b10_c70_v5.col
5.63062,10,80,0.0,0.0,0.0,0.0,0.1736,0.0,0.0,4490,4390,1,0.0,100,0.0,0.0,0.0,galaxy_a100_b10_c80_v1.col
6.69592,10,80,0.0,0.0,0.0,0.0,0.1348,0.0,0.0,4929,4829,2,0.0,100,0.0,0.0,0.0,galaxy_a100_b10_c80_v2.col
6.11429,10,80,0.0,0.0,0.0,0.0,0.2156,0.0,0.0,4785,4685,3,0.0,100,0.0,0.0,0.0,galaxy_a100_b10_c80_v3.col
5.84331,10,80,0.0,0.0,0.0,0.0,0.1552,0.0,0.0,4712,4612,4,0.0,100,0.0,0.0,0.0,galaxy_a100_b10_c80_v4.col
5.20868,10,80,0.0,0.0,0.0,0.0,0.1182,0.0,0.0,4537,4437,5,0.0,100,0.0,0.0,0.0,galaxy_a100_b10_c80_v5.col
6.57529,10,90,0.0,0.0,0.0,0.0,0.1398,0.0,0.0,5110,5010,1,0.0,100,0.0,0.0,0.0,galaxy_a100_b10_c90_v1.col
7.25681,10,90,0.0,0.0,0.0,0.0,0.1055,0.0,0.0,5347,5247,2,0.0,100,0.0,0.0,0.0,galaxy_a100_b10_c90_v2.col
7.75594,10,90,0.0,0.0,0.0,0.0,0.195,0.0,0.0,5523,5423,3,0.0,100,0.0,0.0,0.0,galaxy_a100_b10_c90_v3.col
7.05221,10,90,0.0,0.0,0.0,0.0,0.152,0.0,0.0,5349,5249,4,0.0,100,0.0,0.0,0.0,galaxy_a100_b10_c90_v4.col
7.13952,10,90,0.0,0.0,0.0,0.0,0.123,0.0,0.0,5416,5316,5,0.0,100,0.0,0.0,0.0,galaxy_a100_b10_c90_v5.col
0.15965,10,100,0.0,0.0,0.0,0.0,0.0011,0.0,0.0,510,500,1,0.0,10,0.0,0.0,0.0,galaxy_a10_b10_c100_v1.col
0.34479,10,100,0.0,0.0,0.0,0.0,0.1095,0.0,0.0,650,640,2,0.0,10,0.0,0.0,0.0,galaxy_a10_b10_c100_v2.col
0.19715,10,100,0.0,0.0,0.0,0.0,0.0004,0.0,0.0,600,590,3,0.0,10,0.0,0.0,0.0,galaxy_a10_b10_c100_v3.col
0.26226,10,100,0.0,0.0,0.0,0.0,0.0181,0.0,0.0,601,591,4,0.0,10,0.0,0.0,0.0,galaxy_a10_b10_c100_v4.col
0.17657,10,100,0.0,0.0,0.0,0.0,0.017,0.0,0.0,545,535,5,0.0,10,0.0,0.0,0.0,galaxy_a10_b10_c100_v5.col
0.04403,10,20,0.0,0.0,0.0,0.0,0.0046,0.0,0.0,164,154,1,0.0,10,0.0,0.0,0.0,galaxy_a10_b10_c20_v1.col
0.03038,10,20,0.0,0.0,0.0,0.0,0.0029,0.0,0.0,159,149,2,0.0,10,0.0,0.0,0.0,galaxy_a10_b10_c20_v2.col
0.04196,10,20,0.0,0.0,0.0,0.0,0.0061,0.0,0.0,160,150,3,0.0,10,0.0,0.0,0.0,galaxy_a10_b10_c20_v3.col
0.0329,10,20,0.0,0.0,0.0,0.0,0.0059,0.0,0.0,147,137,4,0.0,10,0.0,0.0,0.0,galaxy_a10_b10_c20_v4.col
0.03205,10,20,0.0,0.0,0.0,0.0,0.0037,0.0,0.0,167,157,5,0.0,10,0.0,0.0,0.0,galaxy_a10_b10_c20_v5.col
0.05228,10,30,0.0,0.0,0.0,0.0,0.0068,0.0,0.0,218,208,1,0.0,10,0.0,0.0,0.0,galaxy_a10_b10_c30_v1.col
0.04327,10,30,0.0,0.0,0.0,0.0,0.0008,0.0,0.0,222,212,2,0.0,10,0.0,0.0,0.0,galaxy_a10_b10_c30_v2.col
0.04549,10,30,0.0,0.0,0.0,0.0,0.0058,0.0,0.0,208,198,3,0.0,10,0.0,0.0,0.0,galaxy_a10_b10_c30_v3.col
0.04139,10,30,0.0,0.0,0.0,0.0,0.0038,0.0,0.0,196,186,4,0.0,10,0.0,0.0,0.0,galaxy_a10_b10_c30_v4.col
0.04204,10,30,0.0,0.0,0.0,0.0,0.0008,0.0,0.0,212,202,5,0.0,10,0.0,0.0,0.0,galaxy_a10_b10_c30_v5.col
0.0496,10,40,0.0,0.0,0.0,0.0,0.0009,0.0,0.0,245,235,1,0.0,10,0.0,0.0,0.0,galaxy_a10_b10_c40_v1.col
0.05789,10,40,0.0,0.0,0.0,0.0,0.0057,0.0,0.0,246,236,2,0.0,10,0.0,0.0,0.0,galaxy_a10_b10_c40_v2.col
0.08566,10,40,0.0,0.0,0.0,0.0,0.0126,0.0,0.0,279,269,3,0.0,10,0.0,0.0,0.0,galaxy_a10_b10_c40_v3.col
0.06684,10,40,0.0,0.0,0.0,0.0,0.012,0.0,0.0,259,249,4,0.0,10,0.0,0.0,0.0,galaxy_a10_b10_c40_v4.col
0.06495,10,40,0.0,0.0,0.0,0.0,0.0046,0.0,0.0,262,252,5,0.0,10,0.0,0.0,0.0,galaxy_a10_b10_c40_v5.col
0.10345,10,50,0.0,0.0,0.0,0.0,0.0111,0.0,0.0,337,327,1,0.0,10,0.0,0.0,0.0,galaxy_a10_b10_c50_v1.col
0.09721,10,50,0.0,0.0,0.0,0.0,0.008,0.0,0.0,376,366,2,0.0,10,0.0,0.0,0.0,galaxy_a10_b10_c50_v2.col
0.10783,10,50,0.0,0.0,0.0,0.0,0.0124,0.0,0.0,351,341,3,0.0,10,0.0,0.0,0.0,galaxy_a10_b10_c50_v3.col
0.071,10,50,0.0,0.0,0.0,0.0,0.0074,0.0,0.0,286,276,4,0.0,10,0.0,0.0,0.0,galaxy_a10_b10_c50_v4.col
0.07484,10,50,0.0,0.0,0.0,0.0,0.0014,0.0,0.0,320,310,5,0.0,10,0.0,0.0,0.0,galaxy_a10_b10_c50_v5.col
0.09198,10,60,0.0,0.0,0.0,0.0,0.0072,0.0,0.0,360,350,1,0.0,10,0.0,0.0,0.0,galaxy_a10_b10_c60_v1.col
0.05994,10,60,0.0,0.0,0.0,0.0,0.0036,0.0,0.0,261,251,2,0.0,10,0.0,0.0,0.0,galaxy_a10_b10_c60_v2.col
0.08976,10,60,0.0,0.0,0.0,0.0,0.0111,0.0,0.0,259,249,3,0.0,10,0.0,0.0,0.0,galaxy_a10_b10_c60_v3.col
0.10649,10,60,0.0,0.0,0.0,0.0,0.0022,0.0,0.0,402,392,4,0.0,10,0.0,0.0,0.0,galaxy_a10_b10_c60_v4.col
0.0826,10,60,0.0,0.0,0.0,0.0,0.0008,0.0,0.0,341,331,5,0.0,10,0.0,0.0,0.0,galaxy_a10_b10_c60_v5.col
0.16173,10,70,0.0,0.0,0.0,0.0,0.0228,0.0,0.0,458,448,1,0.0,10,0.0,0.0,0.0,galaxy_a10_b10_c70_v1.col
0.14248,10,70,0.0,0.0,0.0,0.0,0.0017,0.0,0.0,492,482,2,0.0,10,0.0,0.0,0.0,galaxy_a10_b10_c70_v2.col
0.14762,10,70,0.0,0.0,0.0,0.0,0.0158,0.0,0.0,447,437,3,0.0,10,0.0,0.0,0.0,galaxy_a10_b10_c70_v3.col
0.11197,10,70,0.0,0.0,0.0,0.0,0.0022,0.0,0.0,430,420,4,0.0,10,0.0,0.0,0.0,galaxy_a10_b10_c70_v4.col
0.12178,10,70,0.0,0.0,0.0,0.0,0.0009,0.0,0.0,456,446,5,0.0,10,0.0,0.0,0.0,galaxy_a10_b10_c70_v5.col
0.14928,10,80,0.0,0.0,0.0,0.0,0.0082,0.0,0.0,469,459,1,0.0,10,0.0,0.0,0.0,galaxy_a10_b10_c80_v1.col
0.19211,10,80,0.0,0.0,0.0,0.0,0.0096,0.0,0.0,519,509,2,0.0,10,0.0,0.0,0.0,galaxy_a10_b10_c80_v2.col
0.19905,10,80,0.0,0.0,0.0,0.0,0.0082,0.0,0.0,575,565,3,0.0,10,0.0,0.0,0.0,galaxy_a10_b10_c80_v3.col
0.12927,10,80,0.0,0.0,0.0,0.0,0.0094,0.0,0.0,435,425,4,0.0,10,0.0,0.0,0.0,galaxy_a10_b10_c80_v4.col
0.11317,10,80,0.0,0.0,0.0,0.0,0.0008,0.0,0.0,424,414,5,0.0,10,0.0,0.0,0.0,galaxy_a10_b10_c80_v5.col
0.17139,10,90,0.0,0.0,0.0,0.0,0.0004,0.0,0.0,550,540,1,0.0,10,0.0,0.0,0.0,galaxy_a10_b10_c90_v1.col
0.20442,10,90,0.0,0.0,0.0,0.0,0.003,0.0,0.0,618,608,2,0.0,10,0.0,0.0,0.0,galaxy_a10_b10_c90_v2.col
0.11594,10,90,0.0,0.0,0.0,0.0,0.0007,0.0,0.0,438,428,3,0.0,10,0.0,0.0,0.0,galaxy_a10_b10_c90_v3.col
0.13603,10,90,0.0,0.0,0.0,0.0,0.0002,0.0,0.0,475,465,4,0.0,10,0.0,0.0,0.0,galaxy_a10_b10_c90_v4.col
0.19221,10,90,0.0,0.0,0.0,0.0,0.0012,0.0,0.0,593,583,5,0.0,10,0.0,0.0,0.0,galaxy_a10_b10_c90_v5.col
0.38827,10,100,0.0,0.0,0.0,0.0,0.0201,0.0,0.0,876,861,1,0.0,15,0.0,0.0,0.0,galaxy_a15_b10_c100_v1.col
0.455,10,100,0.0,0.0,0.0,0.0,0.1317,0.0,0.0,750,735,2,0.0,15,0.0,0.0,0.0,galaxy_a15_b10_c100_v2.col
0.38788,10,100,0.0,0.0,0.0,0.0,0.0172,0.0,0.0,939,924,3,0.0,15,0.0,0.0,0.0,galaxy_a15_b10_c100_v3.col
0.28541,10,100,0.0,0.0,0.0,0.0,0.0082,0.0,0.0,774,759,4,0.0,15,0.0,0.0,0.0,galaxy_a15_b10_c100_v4.col
0.32962,10,100,0.0,0.0,0.0,0.0,0.0125,0.0,0.0,783,768,5,0.0,15,0.0,0.0,0.0,galaxy_a15_b10_c100_v5.col
0.06128,10,20,0.0,0.0,0.0,0.0,0.0092,0.0,0.0,251,236,1,0.0,15,0.0,0.0,0.0,galaxy_a15_b10_c20_v1.col
0.05258,10,20,0.0,0.0,0.0,0.0,0.0008,0.0,0.0,265,250,2,0.0,15,0.0,0.0,0.0,galaxy_a15_b10_c20_v2.col
0.04651,10,20,0.0,0.0,0.0,0.0,0.0006,0.0,0.0,239,224,3,0.0,15,0.0,0.0,0.0,galaxy_a15_b10_c20_v3.col
0.04392,10,20,0.0,0.0,0.0,0.0,0.0006,0.0,0.0,232,217,4,0.0,15,0.0,0.0,0.0,galaxy_a15_b10_c20_v4.col
0.04693,10,20,0.0,0.0,0.0,0.0,0.0008,0.0,0.0,248,233,5,0.0,15,0.0,0.0,0.0,galaxy_a15_b10_c20_v5.col
0.0681,10,30,0.0,0.0,0.0,0.0,0.0044,0.0,0.0,305,290,1,0.0,15,0.0,0.0,0.0,galaxy_a15_b10_c30_v1.col
0.06298,10,30,0.0,0.0,0.0,0.0,0.0009,0.0,0.0,308,293,2,0.0,15,0.0,0.0,0.0,galaxy_a15_b10_c30_v2.col
0.06662,10,30,0.0,0.0,0.0,0.0,0.001,0.0,0.0,319,304,3,0.0,15,0.0,0.0,0.0,galaxy_a15_b10_c30_v3.col
0.06596,10,30,0.0,0.0,0.0,0.0,0.0037,0.0,0.0,300,285,4,0.0,15,0.0,0.0,0.0,galaxy_a15_b10_c30_v4.col
0.07367,10,30,0.0,0.0,0.0,0.0,0.001,0.0,0.0,345,330,5,0.0,15,0.0,0.0,0.0,galaxy_a15_b10_c30_v5.col
0.1255,10,40,0.0,0.0,0.0,0.0,0.018,0.0,0.0,423,408,1,0.0,15,0.0,0.0,0.0,galaxy_a15_b10_c40_v1.col
0.10733,10,40,0.0,0.0,0.0,0.0,0.0005,0.0,0.0,435,420,2,0.0,15,0.0,0.0,0.0,galaxy_a15_b10_c40_v2.col
0.0837,10,40,0.0,0.0,0.0,0.0,0.0013,0.0,0.0,358,343,3,0.0,15,0.0,0.0,0.0,galaxy_a15_b10_c40_v3.col
0.07509,10,40,0.0,0.0,0.0,0.0,0.0011,0.0,0.0,341,326,4,0.0,15,0.0,0.0,0.0,galaxy_a15_b10_c40_v4.col
0.08231,10,40,0.0,0.0,0.0,0.0,0.0008,0.0,0.0,360,345,5,0.0,15,0.0,0.0,0.0,galaxy_a15_b10_c40_v5.col
0.11807,10,50,0.0,0.0,0.0,0.0,0.0012,0.0,0.0,461,446,1,0.0,15,0.0,0.0,0.0,galaxy_a15_b10_c50_v1.col
0.13635,10,50,0.0,0.0,0.0,0.0,0.0138,0.0,0.0,465,450,2,0.0,15,0.0,0.0,0.0,galaxy_a15_b10_c50_v2.col
0.17582,10,50,0.0,0.0,0.0,0.0,0.0142,0.0,0.0,546,531,3,0.0,15,0.0,0.0,0.0,galaxy_a15_b10_c50_v3.col
0.1017,10,50,0.0,0.0,0.0,0.0,0.0082,0.0,0.0,372,357,4,0.0,15,0.0,0.0,0.0,galaxy_a15_b10_c50_v4.col
0.15237,10,50,0.0,0.0,0.0,0.0,0.012,0.0,0.0,497,482,5,0.0,15,0.0,0.0,0.0,galaxy_a15_b10_c50_v5.col
0.21981,10,60,0.0,0.0,0.0,0.0,0.0225,0.0,0.0,599,584,1,0.0,15,0.0,0.0,0.0,galaxy_a15_b10_c60_v1.col
0.21208,10,60,0.0,0.0,0.0,0.0,0.0197,0.0,0.0,580,565,2,0.0,15,0.0,0.0,0.0,galaxy_a15_b10_c60_v2.col
0.17227,10,60,0.0,0.0,0.0,0.0,0.0185,0.0,0.0,510,495,3,0.0,15,0.0,0.0,0.0,galaxy_a15_b10_c60_v3.col
0.14503,10,60,0.0,0.0,0.0,0.0,0.0085,0.0,0.0,509,494,4,0.0,15,0.0,0.0,0.0,galaxy_a15_b10_c60_v4.col
0.17415,10,60,0.0,0.0,0.0,0.0,0.0132,0.0,0.0,537,522,5,0.0,15,0.0,0.0,0.0,galaxy_a15_b10_c60_v5.col
0.13032,10,70,0.0,0.0,0.0,0.0,0.0003,0.0,0.0,487,472,1,0.0,15,0.0,0.0,0.0,galaxy_a15_b10_c70_v1.col
0.15028,10,70,0.0,0.0,0.0,0.0,0.0005,0.0,0.0,547,532,2,0.0,15,0.0,0.0,0.0,galaxy_a15_b10_c70_v2.col
0.21521,10,70,0.0,0.0,0.0,0.0,0.0343,0.0,0.0,590,575,3,0.0,15,0.0,0.0,0.0,galaxy_a15_b10_c70_v3.col
0.39036,10,70,0.0,0.0,0.0,0.0,0.1211,0.0,0.0,674,659,4,0.0,15,0.0,0.0,0.0,galaxy_a15_b10_c70_v4.col
0.26607,10,70,0.0,0.0,0.0,0.0,0.0104,0.0,0.0,712,697,5,0.0,15,0.0,0.0,0.0,galaxy_a15_b10_c70_v5.col
0.1842,10,80,0.0,0.0,0.0,0.0,0.0135,0.0,0.0,551,536,1,0.0,15,0.0,0.0,0.0,galaxy_a15_b10_c80_v1.col
0.22574,10,80,0.0,0.0,0.0,0.0,0.0017,0.0,0.0,694,679,2,0.0,15,0.0,0.0,0.0,galaxy_a15_b10_c80_v2.col
0.19604,10,80,0.0,0.0,0.0,0.0,0.0126,0.0,0.0,589,574,3,0.0,15,0.0,0.0,0.0,galaxy_a15_b10_c80_v3.col
0.24611,10,80,0.0,0.0,0.0,0.0,0.0234,0.0,0.0,657,642,4,0.0,15,0.0,0.0,0.0,galaxy_a15_b10_c80_v4.col
0.32238,10,80,0.0,0.0,0.0,0.0,0.0073,0.0,0.0,832,817,5,0.0,15,0.0,0.0,0.0,galaxy_a15_b10_c80_v5.col
0.25393,10,90,0.0,0.0,0.0,0.0,0.0108,0.0,0.0,705,690,1,0.0,15,0.0,0.0,0.0,galaxy_a15_b10_c90_v1.col
0.36057,10,90,0.0,0.0,0.0,0.0,0.0218,0.0,0.0,820,805,2,0.0,15,0.0,0.0,0.0,galaxy_a15_b10_c90_v2.col
0.37789,10,90,0.0,0.0,0.0,0.0,0.1041,0.0,0.0,782,767,3,0.0,15,0.0,0.0,0.0,galaxy_a15_b10_c90_v3.col
0.2644,10,90,0.0,0.0,0.0,0.0,0.0204,0.0,0.0,711,696,4,0.0,15,0.0,0.0,0.0,galaxy_a15_b10_c90_v4.col
0.21512,10,90,0.0,0.0,0.0,0.0,0.0014,0.0,0.0,666,651,5,0.0,15,0.0,0.0,0.0,galaxy_a15_b10_c90_v5.col
0.42948,10,100,0.0,0.0,0.0,0.0,0.0068,0.0,0.0,1027,1007,1,0.0,20,0.0,0.0,0.0,galaxy_a20_b10_c100_v1.col
0.53582,10,100,0.0,0.0,0.0,0.0,0.0032,0.0,0.0,1192,1172,2,0.0,20,0.0,0.0,0.0,galaxy_a20_b10_c100_v2.col
0.58487,10,100,0.0,0.0,0.0,0.0,0.1042,0.0,0.0,1059,1039,3,0.0,20,0.0,0.0,0.0,galaxy_a20_b10_c100_v3.col
0.48851,10,100,0.0,0.0,0.0,0.0,0.0156,0.0,0.0,1104,1084,4,0.0,20,0.0,0.0,0.0,galaxy_a20_b10_c100_v4.col
0.57761,10,100,0.0,0.0,0.0,0.0,0.0281,0.0,0.0,1189,1169,5,0.0,20,0.0,0.0,0.0,galaxy_a20_b10_c100_v5.col
0.08128,10,20,0.0,0.0,0.0,0.0,0.0131,0.0,0.0,289,269,1,0.0,20,0.0,0.0,0.0,galaxy_a20_b10_c20_v1.col
0.07112,10,20,0.0,0.0,0.0,0.0,0.0002,0.0,0.0,327,307,2,0.0,20,0.0,0.0,0.0,galaxy_a20_b10_c20_v2.col
0.09096,10,20,0.0,0.0,0.0,0.0,0.0165,0.0,0.0,318,298,3,0.0,20,0.0,0.0,0.0,galaxy_a20_b10_c20_v3.col
0.0697,10,20,0.0,0.0,0.0,0.0,0.0035,0.0,0.0,309,289,4,0.0,20,0.0,0.0,0.0,galaxy_a20_b10_c20_v4.col
0.06977,10,20,0.0,0.0,0.0,0.0,0.0006,0.0,0.0,318,298,5,0.0,20,0.0,0.0,0.0,galaxy_a20_b10_c20_v5.col
0.09653,10,30,0.0,0.0,0.0,0.0,0.0046,0.0,0.0,391,371,1,0.0,20,0.0,0.0,0.0,galaxy_a20_b10_c30_v1.col
0.11086,10,30,0.0,0.0,0.0,0.0,0.0017,0.0,0.0,448,428,2,0.0,20,0.0,0.0,0.0,galaxy_a20_b10_c30_v2.col
0.1046,10,30,0.0,0.0,0.0,0.0,0.0007,0.0,0.0,433,413,3,0.0,20,0.0,0.0,0.0,galaxy_a20_b10_c30_v3.col
0.10238,10,30,0.0,0.0,0.0,0.0,0.0006,0.0,0.0,429,409,4,0.0,20,0.0,0.0,0.0,galaxy_a20_b10_c30_v4.col
0.10255,10,30,0.0,0.0,0.0,0.0,0.0006,0.0,0.0,427,407,5,0.0,20,0.0,0.0,0.0,galaxy_a20_b10_c30_v5.col
0.16464,10,40,0.0,0.0,0.0,0.0,0.0013,0.0,0.0,595,575,1,0.0,20,0.0,0.0,0.0,galaxy_a20_b10_c40_v1.col
0.1601,10,40,0.0,0.0,0.0,0.0,0.0008,0.0,0.0,580,560,2,0.0,20,0.0,0.0,0.0,galaxy_a20_b10_c40_v2.col
0.13484,10,40,0.0,0.0,0.0,0.0,0.0048,0.0,0.0,503,483,3,0.0,20,0.0,0.0,0.0,galaxy_a20_b10_c40_v3.col
0.11784,10,40,0.0,0.0,0.0,0.0,0.006,0.0,0.0,483,463,4,0.0,20,0.0,0.0,0.0,galaxy_a20_b10_c40_v4.col
0.16189,10,40,0.0,0.0,0.0,0.0,0.0101,0.0,0.0,545,525,5,0.0,20,0.0,0.0,0.0,galaxy_a20_b10_c40_v5.col
0.19883,10,50,0.0,0.0,0.0,0.0,0.0183,0.0,0.0,621,601,1,0.0,20,0.0,0.0,0.0,galaxy_a20_b10_c50_v1.col
0.36328,10,50,0.0,0.0,0.0,0.0,0.1407,0.0,0.0,674,654,2,0.0,20,0.0,0.0,0.0,galaxy_a20_b10_c50_v2.col
0.22803,10,50,0.0,0.0,0.0,0.0,0.0049,0.0,0.0,710,690,3,0.0,20,0.0,0.0,0.0,galaxy_a20_b10_c50_v3.col
0.16569,10,50,0.0,0.0,0.0,0.0,0.0029,0.0,0.0,589,569,4,0.0,20,0.0,0.0,0.0,galaxy_a20_b10_c50_v4.col
0.23043,10,50,0.0,0.0,0.0,0.0,0.0291,0.0,0.0,643,623,5,0.0,20,0.0,0.0,0.0,galaxy_a20_b10_c50_v5.col
0.29219,10,60,0.0,0.0,0.0,0.0,0.001,0.0,0.0,845,825,1,0.0,20,0.0,0.0,0.0,galaxy_a20_b10_c60_v1.col
0.24884,10,60,0.0,0.0,0.0,0.0,0.0173,0.0,0.0,688,668,2,0.0,20,0.0,0.0,0.0,galaxy_a20_b10_c60_v2.col
0.26744,10,60,0.0,0.0,0.0,0.0,0.015,0.0,0.0,755,735,3,0.0,20,0.0,0.0,0.0,galaxy_a20_b10_c60_v3.col
0.24971,10,60,0.0,0.0,0.0,0.0,0.0048,0.0,0.0,743,723,4,0.0,20,0.0,0.0,0.0,galaxy_a20_b10_c60_v4.col
0.40182,10,60,0.0,0.0,0.0,0.0,0.1504,0.0,0.0,678,658,5,0.0,20,0.0,0.0,0.0,galaxy_a20_b10_c60_v5.col
0.31661,10,70,0.0,0.0,0.0,0.0,0.009,0.0,0.0,863,843,1,0.0,20,0.0,0.0,0.0,galaxy_a20_b10_c70_v1.col
0.18345,10,70,0.0,0.0,0.0,0.0,0.0028,0.0,0.0,624,604,2,0.0,20,0.0,0.0,0.0,galaxy_a20_b10_c70_v2.col
0.28651,10,70,0.0,0.0,0.0,0.0,0.0009,0.0,0.0,825,805,3,0.0,20,0.0,0.0,0.0,galaxy_a20_b10_c70_v3.col
0.2802,10,70,0.0,0.0,0.0,0.0,0.0008,0.0,0.0,818,798,4,0.0,20,0.0,0.0,0.0,galaxy_a20_b10_c70_v4.col
0.28506,10,70,0.0,0.0,0.0,0.0,0.0019,0.0,0.0,819,799,5,0.0,20,0.0,0.0,0.0,galaxy_a20_b10_c70_v5.col
0.47053,10,80,0.0,0.0,0.0,0.0,0.1048,0.0,0.0,923,903,1,0.0,20,0.0,0.0,0.0,galaxy_a20_b10_c80_v1.col
0.34338,10,80,0.0,0.0,0.0,0.0,0.0058,0.0,0.0,918,898,2,0.0,20,0.0,0.0,0.0,galaxy_a20_b10_c80_v2.col
0.44272,10,80,0.0,0.0,0.0,0.0,0.0248,0.0,0.0,1028,1008,3,0.0,20,0.0,0.0,0.0,galaxy_a20_b10_c80_v3.col
0.3305,10,80,0.0,0.0,0.0,0.0,0.0177,0.0,0.0,867,847,4,0.0,20,0.0,0.0,0.0,galaxy_a20_b10_c80_v4.col
0.39703,10,80,0.0,0.0,0.0,0.0,0.0115,0.0,0.0,999,979,5,0.0,20,0.0,0.0,0.0,galaxy_a20_b10_c80_v5.col
0.47696,10,90,0.0,0.0,0.0,0.0,0.023,0.0,0.0,1013,993,1,0.0,20,0.0,0.0,0.0,galaxy_a20_b10_c90_v1.col
0.59922,10,90,0.0,0.0,0.0,0.0,0.1377,0.0,0.0,1017,997,2,0.0,20,0.0,0.0,0.0,galaxy_a20_b10_c90_v2.col
0.34142,10,90,0.0,0.0,0.0,0.0,0.0044,0.0,0.0,841,821,3,0.0,20,0.0,0.0,0.0,galaxy_a20_b10_c90_v3.col
0.46725,10,90,0.0,0.0,0.0,0.0,0.0014,0.0,0.0,1028,1008,4,0.0,20,0.0,0.0,0.0,galaxy_a20_b10_c90_v4.col
0.438,10,90,0.0,0.0,0.0,0.0,0.0048,0.0,0.0,1063,1043,5,0.0,20,0.0,0.0,0.0,galaxy_a20_b10_c90_v5.col
0.83696,10,100,0.0,0.0,0.0,0.0,0.1134,0.0,0.0,1373,1348,1,0.0,25,0.0,0.0,0.0,galaxy_a25_b10_c100_v1.col
0.7523,10,100,0.0,0.0,0.0,0.0,0.0059,0.0,0.0,1480,1455,2,0.0,25,0.0,0.0,0.0,galaxy_a25_b10_c100_v2.col
0.85935,10,100,0.0,0.0,0.0,0.0,0.0046,0.0,0.0,1574,1549,3,0.0,25,0.0,0.0,0.0,galaxy_a25_b10_c100_v3.col
0.90842,10,100,0.0,0.0,0.0,0.0,0.0048,0.0,0.0,1630,1605,4,0.0,25,0.0,0.0,0.0,galaxy_a25_b10_c100_v4.col
0.7683,10,100,0.0,0.0,0.0,0.0,0.036,0.0,0.0,1456,1431,5,0.0,25,0.0,0.0,0.0,galaxy_a25_b10_c100_v5.col
0.10888,10,20,0.0,0.0,0.0,0.0,0.0148,0.0,0.0,387,362,1,0.0,25,0.0,0.0,0.0,galaxy_a25_b10_c20_v1.col
0.09863,10,20,0.0,0.0,0.0,0.0,0.007,0.0,0.0,398,373,2,0.0,25,0.0,0.0,0.0,galaxy_a25_b10_c20_v2.col
0.09694,10,20,0.0,0.0,0.0,0.0,0.0091,0.0,0.0,403,378,3,0.0,25,0.0,0.0,0.0,galaxy_a25_b10_c20_v3.col
0.08783,10,20,0.0,0.0,0.0,0.0,0.0071,0.0,0.0,372,347,4,0.0,25,0.0,0.0,0.0,galaxy_a25_b10_c20_v4.col
0.09131,10,20,0.0,0.0,0.0,0.0,0.0016,0.0,0.0,398,373,5,0.0,25,0.0,0.0,0.0,galaxy_a25_b10_c20_v5.col
0.14675,10,30,0.0,0.0,0.0,0.0,0.0023,0.0,0.0,557,532,1,0.0,25,0.0,0.0,0.0,galaxy_a25_b10_c30_v1.col
0.18158,10,30,0.0,0.0,0.0,0.0,0.0138,0.0,0.0,544,519,2,0.0,25,0.0,0.0,0.0,galaxy_a25_b10_c30_v2.col
0.13168,10,30,0.0,0.0,0.0,0.0,0.0008,0.0,0.0,513,488,3,0.0,25,0.0,0.0,0.0,galaxy_a25_b10_c30_v3.col
0.1495,10,30,0.0,0.0,0.0,0.0,0.0071,0.0,0.0,525,500,4,0.0,25,0.0,0.0,0.0,galaxy_a25_b10_c30_v4.col
0.1877,10,30,0.0,0.0,0.0,0.0,0.0189,0.0,0.0,528,503,5,0.0,25,0.0,0.0,0.0,galaxy_a25_b10_c30_v5.col
0.17191,10,40,0.0,0.0,0.0,0.0,0.0018,0.0,0.0,604,579,1,0.0,25,0.0,0.0,0.0,galaxy_a25_b10_c40_v1.col
0.19595,10,40,0.0,0.0,0.0,0.0,0.0014,0.0,0.0,655,630,2,0.0,25,0.0,0.0,0.0,galaxy_a25_b10_c40_v2.col
0.18751,10,40,0.0,0.0,0.0,0.0,0.0017,0.0,0.0,634,609,3,0.0,25,0.0,0.0,0.0,galaxy_a25_b10_c40_v3.col
0.34019,10,40,0.0,0.0,0.0,0.0,0.1238,0.0,0.0,692,667,4,0.0,25,0.0,0.0,0.0,galaxy_a25_b10_c40_v4.col
0.20025,10,40,0.0,0.0,0.0,0.0,0.0161,0.0,0.0,625,600,5,0.0,25,0.0,0.0,0.0,galaxy_a25_b10_c40_v5.col
0.25921,10,50,0.0,0.0,0.0,0.0,0.0017,0.0,0.0,797,772,1,0.0,25,0.0,0.0,0.0,galaxy_a25_b10_c50_v1.col
0.24509,10,50,0.0,0.0,0.0,0.0,0.0037,0.0,0.0,749,724,2,0.0,25,0.0,0.0,0.0,galaxy_a25_b10_c50_v2.col
0.2549,10,50,0.0,0.0,0.0,0.0,0.0026,0.0,0.0,762,737,3,0.0,25,0.0,0.0,0.0,galaxy_a25_b10_c50_v3.col
0.29056,10,50,0.0,0.0,0.0,0.0,0.0037,0.0,0.0,849,824,4,0.0,25,0.0,0.0,0.0,galaxy_a25_b10_c50_v4.col
0.26262,10,50,0.0,0.0,0.0,0.0,0.0028,0.0,0.0,789,764,5,0.0,25,0.0,0.0,0.0,galaxy_a25_b10_c50_v5.col
0.43957,10,60,0.0,0.0,0.0,0.0,0.1493,0.0,0.0,814,789,1,0.0,25,0.0,0.0,0.0,galaxy_a25_b10_c60_v1.col
0.29875,10,60,0.0,0.0,0.0,0.0,0.0026,0.0,0.0,882,857,2,0.0,25,0.0,0.0,0.0,galaxy_a25_b10_c60_v2.col
0.32214,10,60,0.0,0.0,0.0,0.0,0.0209,0.0,0.0,865,840,3,0.0,25,0.0,0.0,0.0,galaxy_a25_b10_c60_v3.col
0.31247,10,60,0.0,0.0,0.0,0.0,0.003,0.0,0.0,913,888,4,0.0,25,0.0,0.0,0.0,galaxy_a25_b10_c60_v4.col
0.30364,10,60,0.0,0.0,0.0,0.0,0.0066,0.0,0.0,887,862,5,0.0,25,0.0,0.0,0.0,galaxy_a25_b10_c60_v5.col
0.45872,10,70,0.0,0.0,0.0,0.0,0.0167,0.0,0.0,1030,1005,1,0.0,25,0.0,0.0,0.0,galaxy_a25_b10_c70_v1.col
0.53253,10,70,0.0,0.0,0.0,0.0,0.1304,0.0,0.0,1013,988,2,0.0,25,0.0,0.0,0.0,galaxy_a25_b10_c70_v2.col
0.41157,10,70,0.0,0.0,0.0,0.0,0.0068,0.0,0.0,1028,1003,3,0.0,25,0.0,0.0,0.0,galaxy_a25_b10_c70_v3.col
0.3816,10,70,0.0,0.0,0.0,0.0,0.0034,0.0,0.0,1004,979,4,0.0,25,0.0,0.0,0.0,galaxy_a25_b10_c70_v4.col
0.34656,10,70,0.0,0.0,0.0,0.0,0.0017,0.0,0.0,949,924,5,0.0,25,0.0,0.0,0.0,galaxy_a25_b10_c70_v5.col
0.44048,10,80,0.0,0.0,0.0,0.0,0.0087,0.0,0.0,1071,1046,1,0.0,25,0.0,0.0,0.0,galaxy_a25_b10_c80_v1.col
0.69545,10,80,0.0,0.0,0.0,0.0,0.129,0.0,0.0,1275,1250,2,0.0,25,0.0,0.0,0.0,galaxy_a25_b10_c80_v2.col
0.60541,10,80,0.0,0.0,0.0,0.0,0.0053,0.0,0.0,1339,1314,3,0.0,25,0.0,0.0,0.0,galaxy_a25_b10_c80_v3.col
0.44662,10,80,0.0,0.0,0.0,0.0,0.002,0.0,0.0,1099,1074,4,0.0,25,0.0,0.0,0.0,galaxy_a25_b10_c80_v4.col
0.59332,10,80,0.0,0.0,0.0,0.0,0.0248,0.0,0.0,1277,1252,5,0.0,25,0.0,0.0,0.0,galaxy_a25_b10_c80_v5.col
0.6481,10,90,0.0,0.0,0.0,0.0,0.1108,0.0,0.0,1220,1195,1,0.0,25,0.0,0.0,0.0,galaxy_a25_b10_c90_v1.col
0.42565,10,90,0.0,0.0,0.0,0.0,0.0025,0.0,0.0,1128,1103,2,0.0,25,0.0,0.0,0.0,galaxy_a25_b10_c90_v2.col
0.50841,10,90,0.0,0.0,0.0,0.0,0.0116,0.0,0.0,1201,1176,3,0.0,25,0.0,0.0,0.0,galaxy_a25_b10_c90_v3.col
0.46435,10,90,0.0,0.0,0.0,0.0,0.0132,0.0,0.0,1077,1052,4,0.0,25,0.0,0.0,0.0,galaxy_a25_b10_c90_v4.col
0.70812,10,90,0.0,0.0,0.0,0.0,0.0182,0.0,0.0,1435,1410,5,0.0,25,0.0,0.0,0.0,galaxy_a25_b10_c90_v5.col
1.06447,10,100,0.0,0.0,0.0,0.0,0.0116,0.0,0.0,1837,1807,1,0.0,30,0.0,0.0,0.0,galaxy_a30_b10_c100_v1.col
0.6667,10,100,0.0,0.0,0.0,0.0,0.0082,0.0,0.0,1411,1381,2,0.0,30,0.0,0.0,0.0,galaxy_a30_b10_c100_v2.col
0.98302,10,100,0.0,0.0,0.0,0.0,0.012,0.0,0.0,1687,1657,3,0.0,30,0.0,0.0,0.0,galaxy_a30_b10_c100_v3.col
0.9117,10,100,0.0,0.0,0.0,0.0,0.1546,0.0,0.0,1489,1459,4,0.0,30,0.0,0.0,0.0,galaxy_a30_b10_c100_v4.col
0.79805,10,100,0.0,0.0,0.0,0.0,0.0011,0.0,0.0,1571,1541,5,0.0,30,0.0,0.0,0.0,galaxy_a30_b10_c100_v5.col
0.1493,10,20,0.0,0.0,0.0,0.0,0.0129,0.0,0.0,479,449,1,0.0,30,0.0,0.0,0.0,galaxy_a30_b10_c20_v1.col
0.14491,10,20,0.0,0.0,0.0,0.0,0.0102,0.0,0.0,494,464,2,0.0,30,0.0,0.0,0.0,galaxy_a30_b10_c20_v2.col
0.12625,10,20,0.0,0.0,0.0,0.0,0.0013,0.0,0.0,492,462,3,0.0,30,0.0,0.0,0.0,galaxy_a30_b10_c20_v3.col
0.12613,10,20,0.0,0.0,0.0,0.0,0.0008,0.0,0.0,497,467,4,0.0,30,0.0,0.0,0.0,galaxy_a30_b10_c20_v4.col
0.12666,10,20,0.0,0.0,0.0,0.0,0.0092,0.0,0.0,468,438,5,0.0,30,0.0,0.0,0.0,galaxy_a30_b10_c20_v5.col
0.17705,10,30,0.0,0.0,0.0,0.0,0.0131,0.0,0.0,561,531,1,0.0,30,0.0,0.0,0.0,galaxy_a30_b10_c30_v1.col
0.17845,10,30,0.0,0.0,0.0,0.0,0.0014,0.0,0.0,623,593,2,0.0,30,0.0,0.0,0.0,galaxy_a30_b10_c30_v2.col
0.17617,10,30,0.0,0.0,0.0,0.0,0.0019,0.0,0.0,609,579,3,0.0,30,0.0,0.0,0.0,galaxy_a30_b10_c30_v3.col
0.19024,10,30,0.0,0.0,0.0,0.0,0.0109,0.0,0.0,621,591,4,0.0,30,0.0,0.0,0.0,galaxy_a30_b10_c30_v4.col
0.17372,10,30,0.0,0.0,0.0,0.0,0.002,0.0,0.0,600,570,5,0.0,30,0.0,0.0,0.0,galaxy_a30_b10_c30_v5.col
0.43716,10,40,0.0,0.0,0.0,0.0,0.1076,0.0,0.0,839,809,1,0.0,30,0.0,0.0,0.0,galaxy_a30_b10_c40_v1.col
0.25284,10,40,0.0,0.0,0.0,0.0,0.0029,0.0,0.0,786,756,2,0.0,30,0.0,0.0,0.0,galaxy_a30_b10_c40_v2.col
0.34385,10,40,0.0,0.0,0.0,0.0,0.0201,0.0,0.0,840,810,3,0.0,30,0.0,0.0,0.0,galaxy_a30_b10_c40_v3.col
0.22363,10,40,0.0,0.0,0.0,0.0,0.0107,0.0,0.0,677,647,4,0.0,30,0.0,0.0,0.0,galaxy_a30_b10_c40_v4.col
0.24975,10,40,0.0,0.0,0.0,0.0,0.0144,0.0,0.0,745,715,5,0.0,30,0.0,0.0,0.0,galaxy_a30_b10_c40_v5.col
0.40301,10,50,0.0,0.0,0.0,0.0,0.0111,0.0,0.0,984,954,1,0.0,30,0.0,0.0,0.0,galaxy_a30_b10_c50_v1.col
0.46646,10,50,0.0,0.0,0.0,0.0,0.1141,0.0,0.0,856,826,2,0.0,30,0.0,0.0,0.0,galaxy_a30_b10_c50_v2.col
0.40727,10,50,0.0,0.0,0.0,0.0,0.0044,0.0,0.0,992,962,3,0.0,30,0.0,0.0,0.0,galaxy_a30_b10_c50_v3.col
0.39524,10,50,0.0,0.0,0.0,0.0,0.0178,0.0,0.0,973,943,4,0.0,30,0.0,0.0,0.0,galaxy_a30_b10_c50_v4.col
0.34133,10,50,0.0,0.0,0.0,0.0,0.0029,0.0,0.0,922,892,5,0.0,30,0.0,0.0,0.0,galaxy_a30_b10_c50_v5.col
0.45484,10,60,0.0,0.0,0.0,0.0,0.004,0.0,0.0,1088,1058,1,0.0,30,0.0,0.0,0.0,galaxy_a30_b10_c60_v1.col
0.62774,10,60,0.0,0.0,0.0,0.0,0.1079,0.0,0.0,1115,1085,2,0.0,30,0.0,0.0,0.0,galaxy_a30_b10_c60_v2.col
0.47094,10,60,0.0,0.0,0.0,0.0,0.0193,0.0,0.0,1104,1074,3,0.0,30,0.0,0.0,0.0,galaxy_a30_b10_c60_v3.col
0.34431,10,60,0.0,0.0,0.0,0.0,0.0032,0.0,0.0,936,906,4,0.0,30,0.0,0.0,0.0,galaxy_a30_b10_c60_v4.col
0.43976,10,60,0.0,0.0,0.0,0.0,0.0137,0.0,0.0,1075,1045,5,0.0,30,0.0,0.0,0.0,galaxy_a30_b10_c60_v5.col
0.50126,10,70,0.0,0.0,0.0,0.0,0.019,0.0,0.0,1148,1118,1,0.0,30,0.0,0.0,0.0,galaxy_a30_b10_c70_v1.col
0.47856,10,70,0.0,0.0,0.0,0.0,0.013,0.0,0.0,1132,1102,2,0.0,30,0.0,0.0,0.0,galaxy_a30_b10_c70_v2.col
0.59085,10,70,0.0,0.0,0.0,0.0,0.0157,0.0,0.0,1318,1288,3,0.0,30,0.0,0.0,0.0,galaxy_a30_b10_c70_v3.col
0.48485,10,70,0.0,0.0,0.0,0.0,0.0208,0.0,0.0,1123,1093,4,0.0,30,0.0,0.0,0.0,galaxy_a30_b10_c70_v4.col
0.50698,10,70,0.0,0.0,0.0,0.0,0.0014,0.0,0.0,1182,1152,5,0.0,30,0.0,0.0,0.0,galaxy_a30_b10_c70_v5.col
0.71526,10,80,0.0,0.0,0.0,0.0,0.0152,0.0,0.0,1403,1373,1,0.0,30,0.0,0.0,0.0,galaxy_a30_b10_c80_v1.col
0.72119,10,80,0.0,0.0,0.0,0.0,0.0341,0.0,0.0,1432,1402,2,0.0,30,0.0,0.0,0.0,galaxy_a30_b10_c80_v2.col
0.52318,10,80,0.0,0.0,0.0,0.0,0.0034,0.0,0.0,1220,1190,3,0.0,30,0.0,0.0,0.0,galaxy_a30_b10_c80_v3.col
0.74601,10,80,0.0,0.0,0.0,0.0,0.0031,0.0,0.0,1515,1485,4,0.0,30,0.0,0.0,0.0,galaxy_a30_b10_c80_v4.col
0.76293,10,80,0.0,0.0,0.0,0.0,0.1214,0.0,0.0,1360,1330,5,0.0,30,0.0,0.0,0.0,galaxy_a30_b10_c80_v5.col
0.83349,10,90,0.0,0.0,0.0,0.0,0.0036,0.0,0.0,1608,1578,1,0.0,30,0.0,0.0,0.0,galaxy_a30_b10_c90_v1.col
0.69553,10,90,0.0,0.0,0.0,0.0,0.022,0.0,0.0,1408,1378,2,0.0,30,0.0,0.0,0.0,galaxy_a30_b10_c90_v2.col
0.9732,10,90,0.0,0.0,0.0,0.0,0.1456,0.0,0.0,1498,1468,3,0.0,30,0.0,0.0,0.0,galaxy_a30_b10_c90_v3.col
1.03245,10,90,0.0,0.0,0.0,0.0,0.0091,0.0,0.0,1863,1833,4,0.0,30,0.0,0.0,0.0,galaxy_a30_b10_c90_v4.col
0.83706,10,90,0.0,0.0,0.0,0.0,0.0445,0.0,0.0,1520,1490,5,0.0,30,0.0,0.0,0.0,galaxy_a30_b10_c90_v5.col
1.38375,10,100,0.0,0.0,0.0,0.0,0.1599,0.0,0.0,1935,1900,1,0.0,35,0.0,0.0,0.0,galaxy_a35_b10_c100_v1.col
1.17227,10,100,0.0,0.0,0.0,0.0,0.0101,0.0,0.0,1868,1833,2,0.0,35,0.0,0.0,0.0,galaxy_a35_b10_c100_v2.col
1.02463,10,100,0.0,0.0,0.0,0.0,0.0031,0.0,0.0,1678,1643,3,0.0,35,0.0,0.0,0.0,galaxy_a35_b10_c100_v3.col
1.70265,10,100,0.0,0.0,0.0,0.0,0.1434,0.0,0.0,2167,2132,4,0.0,35,0.0,0.0,0.0,galaxy_a35_b10_c100_v4.col
1.02554,10,100,0.0,0.0,0.0,0.0,0.0336,0.0,0.0,1803,1768,5,0.0,35,0.0,0.0,0.0,galaxy_a35_b10_c100_v5.col
0.21049,10,20,0.0,0.0,0.0,0.0,0.029,0.0,0.0,556,521,1,0.0,35,0.0,0.0,0.0,galaxy_a35_b10_c20_v1.col
0.18855,10,20,0.0,0.0,0.0,0.0,0.0194,0.0,0.0,551,516,2,0.0,35,0.0,0.0,0.0,galaxy_a35_b10_c20_v2.col
0.18404,10,20,0.0,0.0,0.0,0.0,0.023,0.0,0.0,533,498,3,0.0,35,0.0,0.0,0.0,galaxy_a35_b10_c20_v3.col
0.1652,10,20,0.0,0.0,0.0,0.0,0.0119,0.0,0.0,534,499,4,0.0,35,0.0,0.0,0.0,galaxy_a35_b10_c20_v4.col
0.15009,10,20,0.0,0.0,0.0,0.0,0.0061,0.0,0.0,527,492,5,0.0,35,0.0,0.0,0.0,galaxy_a35_b10_c20_v5.col
0.23819,10,30,0.0,0.0,0.0,0.0,0.001,0.0,0.0,743,708,1,0.0,35,0.0,0.0,0.0,galaxy_a35_b10_c30_v1.col
0.22911,10,30,0.0,0.0,0.0,0.0,0.0021,0.0,0.0,728,693,2,0.0,35,0.0,0.0,0.0,galaxy_a35_b10_c30_v2.col
0.39448,10,30,0.0,0.0,0.0,0.0,0.1253,0.0,0.0,764,729,3,0.0,35,0.0,0.0,0.0,galaxy_a35_b10_c30_v3.col
0.23198,10,30,0.0,0.0,0.0,0.0,0.0041,0.0,0.0,731,696,4,0.0,35,0.0,0.0,0.0,galaxy_a35_b10_c30_v4.col
0.22503,10,30,0.0,0.0,0.0,0.0,0.0035,0.0,0.0,723,688,5,0.0,35,0.0,0.0,0.0,galaxy_a35_b10_c30_v5.col
0.36083,10,40,0.0,0.0,0.0,0.0,0.0027,0.0,0.0,996,961,1,0.0,35,0.0,0.0,0.0,galaxy_a35_b10_c40_v1.col
0.3429,10,40,0.0,0.0,0.0,0.0,0.0147,0.0,0.0,927,892,2,0.0,35,0.0,0.0,0.0,galaxy_a35_b10_c40_v2.col
0.32788,10,40,0.0,0.0,0.0,0.0,0.0033,0.0,0.0,930,895,3,0.0,35,0.0,0.0,0.0,galaxy_a35_b10_c40_v3.col
0.43531,10,40,0.0,0.0,0.0,0.0,0.1218,0.0,0.0,875,840,4,0.0,35,0.0,0.0,0.0,galaxy_a35_b10_c40_v4.col
0.28339,10,40,0.0,0.0,0.0,0.0,0.03,0.0,0.0,766,731,5,0.0,35,0.0,0.0,0.0,galaxy_a35_b10_c40_v5.col
0.44726,10,50,0.0,0.0,0.0,0.0,0.003,0.0,0.0,1115,1080,1,0.0,35,0.0,0.0,0.0,galaxy_a35_b10_c50_v1.col
0.50739,10,50,0.0,0.0,0.0,0.0,0.0166,0.0,0.0,1186,1151,2,0.0,35,0.0,0.0,0.0,galaxy_a35_b10_c50_v2.col
0.51677,10,50,0.0,0.0,0.0,0.0,0.0156,0.0,0.0,1150,1115,3,0.0,35,0.0,0.0,0.0,galaxy_a35_b10_c50_v3.col
0.5471,10,50,0.0,0.0,0.0,0.0,0.1045,0.0,0.0,1074,1039,4,0.0,35,0.0,0.0,0.0,galaxy_a35_b10_c50_v4.col
0.43904,10,50,0.0,0.0,0.0,0.0,0.0163,0.0,0.0,1084,1049,5,0.0,35,0.0,0.0,0.0,galaxy_a35_b10_c50_v5.col
0.56097,10,60,0.0,0.0,0.0,0.0,0.0027,0.0,0.0,1295,1260,1,0.0,35,0.0,0.0,0.0,galaxy_a35_b10_c60_v1.col
0.49661,10,60,0.0,0.0,0.0,0.0,0.0036,0.0,0.0,1199,1164,2,0.0,35,0.0,0.0,0.0,galaxy_a35_b10_c60_v2.col
0.57585,10,60,0.0,0.0,0.0,0.0,0.0169,0.0,0.0,1270,1235,3,0.0,35,0.0,0.0,0.0,galaxy_a35_b10_c60_v3.col
0.61515,10,60,0.0,0.0,0.0,0.0,0.0389,0.0,0.0,1259,1224,4,0.0,35,0.0,0.0,0.0,galaxy_a35_b10_c60_v4.col
0.50402,10,60,0.0,0.0,0.0,0.0,0.0121,0.0,0.0,1205,1170,5,0.0,35,0.0,0.0,0.0,galaxy_a35_b10_c60_v5.col
0.73596,10,70,0.0,0.0,0.0,0.0,0.0155,0.0,0.0,1521,1486,1,0.0,35,0.0,0.0,0.0,galaxy_a35_b10_c70_v1.col
0.75482,10,70,0.0,0.0,0.0,0.0,0.1217,0.0,0.0,1394,1359,2,0.0,35,0.0,0.0,0.0,galaxy_a35_b10_c70_v2.col
0.64029,10,70,0.0,0.0,0.0,0.0,0.004,0.0,0.0,1415,1380,3,0.0,35,0.0,0.0,0.0,galaxy_a35_b10_c70_v3.col
0.69139,10,70,0.0,0.0,0.0,0.0,0.0408,0.0,0.0,1389,1354,4,0.0,35,0.0,0.0,0.0,galaxy_a35_b10_c70_v4.col
0.66718,10,70,0.0,0.0,0.0,0.0,0.0234,0.0,0.0,1323,1288,5,0.0,35,0.0,0.0,0.0,galaxy_a35_b10_c70_v5.col
0.94196,10,80,0.0,0.0,0.0,0.0,0.0349,0.0,0.0,1668,1633,1,0.0,35,0.0,0.0,0.0,galaxy_a35_b10_c80_v1.col
0.71705,10,80,0.0,0.0,0.0,0.0,0.0052,0.0,0.0,1491,1456,2,0.0,35,0.0,0.0,0.0,galaxy_a35_b10_c80_v2.col
0.84558,10,80,0.0,0.0,0.0,0.0,0.0066,0.0,0.0,1628,1593,3,0.0,35,0.0,0.0,0.0,galaxy_a35_b10_c80_v3.col
0.71037,10,80,0.0,0.0,0.0,0.0,0.0271,0.0,0.0,1451,1416,4,0.0,35,0.0,0.0,0.0,galaxy_a35_b10_c80_v4.col
0.76649,10,80,0.0,0.0,0.0,0.0,0.0057,0.0,0.0,1571,1536,5,0.0,35,0.0,0.0,0.0,galaxy_a35_b10_c80_v5.col
0.88292,10,90,0.0,0.0,0.0,0.0,0.0018,0.0,0.0,1716,1681,1,0.0,35,0.0,0.0,0.0,galaxy_a35_b10_c90_v1.col
0.82086,10,90,0.0,0.0,0.0,0.0,0.0149,0.0,0.0,1608,1573,2,0.0,35,0.0,0.0,0.0,galaxy_a35_b10_c90_v2.col
0.64937,10,90,0.0,0.0,0.0,0.0,0.0066,0.0,0.0,1390,1355,3,0.0,35,0.0,0.0,0.0,galaxy_a35_b10_c90_v3.col
0.95466,10,90,0.0,0.0,0.0,0.0,0.0197,0.0,0.0,1729,1694,4,0.0,35,0.0,0.0,0.0,galaxy_a35_b10_c90_v4.col
1.20798,10,90,0.0,0.0,0.0,0.0,0.118,0.0,0.0,1924,1889,5,0.0,35,0.0,0.0,0.0,galaxy_a35_b10_c90_v5.col
1.74573,10,100,0.0,0.0,0.0,0.0,0.0106,0.0,0.0,2441,2401,1,0.0,40,0.0,0.0,0.0,galaxy_a40_b10_c100_v1.col
1.83475,10,100,0.0,0.0,0.0,0.0,0.1605,0.0,0.0,2316,2276,2,0.0,40,0.0,0.0,0.0,galaxy_a40_b10_c100_v2.col
1.52905,10,100,0.0,0.0,0.0,0.0,0.0081,0.0,0.0,2184,2144,3,0.0,40,0.0,0.0,0.0,galaxy_a40_b10_c100_v3.col
1.68775,10,100,0.0,0.0,0.0,0.0,0.0127,0.0,0.0,2262,2222,4,0.0,40,0.0,0.0,0.0,galaxy_a40_b10_c100_v4.col
1.55032,10,100,0.0,0.0,0.0,0.0,0.1808,0.0,0.0,2104,2064,5,0.0,40,0.0,0.0,0.0,galaxy_a40_b10_c100_v5.col
0.19174,10,20,0.0,0.0,0.0,0.0,0.0027,0.0,0.0,637,597,1,0.0,40,0.0,0.0,0.0,galaxy_a40_b10_c20_v1.col
0.19375,10,20,0.0,0.0,0.0,0.0,0.0025,0.0,0.0,642,602,2,0.0,40,0.0,0.0,0.0,galaxy_a40_b10_c20_v2.col
0.1915,10,20,0.0,0.0,0.0,0.0,0.0041,0.0,0.0,623,583,3,0.0,40,0.0,0.0,0.0,galaxy_a40_b10_c20_v3.col
0.21352,10,20,0.0,0.0,0.0,0.0,0.0063,0.0,0.0,666,626,4,0.0,40,0.0,0.0,0.0,galaxy_a40_b10_c20_v4.col
0.25271,10,20,0.0,0.0,0.0,0.0,0.0236,0.0,0.0,636,596,5,0.0,40,0.0,0.0,0.0,galaxy_a40_b10_c20_v5.col
0.4322,10,30,0.0,0.0,0.0,0.0,0.1095,0.0,0.0,797,757,1,0.0,40,0.0,0.0,0.0,galaxy_a40_b10_c30_v1.col
0.30865,10,30,0.0,0.0,0.0,0.0,0.0209,0.0,0.0,799,759,2,0.0,40,0.0,0.0,0.0,galaxy_a40_b10_c30_v2.col
0.32855,10,30,0.0,0.0,0.0,0.0,0.0126,0.0,0.0,788,748,3,0.0,40,0.0,0.0,0.0,galaxy_a40_b10_c30_v3.col
0.31422,10,30,0.0,0.0,0.0,0.0,0.0188,0.0,0.0,824,784,4,0.0,40,0.0,0.0,0.0,galaxy_a40_b10_c30_v4.col
0.33056,10,30,0.0,0.0,0.0,0.0,0.016,0.0,0.0,889,849,5,0.0,40,0.0,0.0,0.0,galaxy_a40_b10_c30_v5.col
0.442,10,40,0.0,0.0,0.0,0.0,0.0015,0.0,0.0,1053,1013,1,0.0,40,0.0,0.0,0.0,galaxy_a40_b10_c40_v1.col
0.54775,10,40,0.0,0.0,0.0,0.0,0.1081,0.0,0.0,1028,988,2,0.0,40,0.0,0.0,0.0,galaxy_a40_b10_c40_v2.col
0.46486,10,40,0.0,0.0,0.0,0.0,0.0025,0.0,0.0,1089,1049,3,0.0,40,0.0,0.0,0.0,galaxy_a40_b10_c40_v3.col
0.38161,10,40,0.0,0.0,0.0,0.0,0.0217,0.0,0.0,978,938,4,0.0,40,0.0,0.0,0.0,galaxy_a40_b10_c40_v4.col
0.43312,10,40,0.0,0.0,0.0,0.0,0.0196,0.0,0.0,1053,1013,5,0.0,40,0.0,0.0,0.0,galaxy_a40_b10_c40_v5.col
0.47738,10,50,0.0,0.0,0.0,0.0,0.0017,0.0,0.0,1176,1136,1,0.0,40,0.0,0.0,0.0,galaxy_a40_b10_c50_v1.col
0.58695,10,50,0.0,0.0,0.0,0.0,0.0057,0.0,0.0,1276,1236,2,0.0,40,0.0,0.0,0.0,galaxy_a40_b10_c50_v2.col
0.60317,10,50,0.0,0.0,0.0,0.0,0.0018,0.0,0.0,1278,1238,3,0.0,40,0.0,0.0,0.0,galaxy_a40_b10_c50_v3.col
0.56299,10,50,0.0,0.0,0.0,0.0,0.0136,0.0,0.0,1208,1168,4,0.0,40,0.0,0.0,0.0,galaxy_a40_b10_c50_v4.col
0.62435,10,50,0.0,0.0,0.0,0.0,0.0082,0.0,0.0,1354,1314,5,0.0,40,0.0,0.0,0.0,galaxy_a40_b10_c50_v5.col
0.92747,10,60,0.0,0.0,0.0,0.0,0.1509,0.0,0.0,1561,1521,1,0.0,40,0.0,0.0,0.0,galaxy_a40_b10_c60_v1.col
0.6276,10,60,0.0,0.0,0.0,0.0,0.0045,0.0,0.0,1399,1359,2,0.0,40,0.0,0.0,0.0,galaxy_a40_b10_c60_v2.col
0.69165,10,60,0.0,0.0,0.0,0.0,0.038,0.0,0.0,1409,1369,3,0.0,40,0.0,0.0,0.0,galaxy_a40_b10_c60_v3.col
0.73524,10,60,0.0,0.0,0.0,0.0,0.0295,0.0,0.0,1484,1444,4,0.0,40,0.0,0.0,0.0,galaxy_a40_b10_c60_v4.col
0.72326,10,60,0.0,0.0,0.0,0.0,0.0204,0.0,0.0,1377,1337,5,0.0,40,0.0,0.0,0.0,galaxy_a40_b10_c60_v5.col
0.79694,10,70,0.0,0.0,0.0,0.0,0.0305,0.0,0.0,1551,1511,1,0.0,40,0.0,0.0,0.0,galaxy_a40_b10_c70_v1.col
0.78422,10,70,0.0,0.0,0.0,0.0,0.0031,0.0,0.0,1571,1531,2,0.0,40,0.0,0.0,0.0,galaxy_a40_b10_c70_v2.col
0.99155,10,70,0.0,0.0,0.0,0.0,0.1564,0.0,0.0,1643,1603,3,0.0,40,0.0,0.0,0.0,galaxy_a40_b10_c70_v3.col
0.72806,10,70,0.0,0.0,0.0,0.0,0.0135,0.0,0.0,1441,1401,4,0.0,40,0.0,0.0,0.0,galaxy_a40_b10_c70_v4.col
0.90164,10,70,0.0,0.0,0.0,0.0,0.0428,0.0,0.0,1662,1622,5,0.0,40,0.0,0.0,0.0,galaxy_a40_b10_c70_v5.col
1.44841,10,80,0.0,0.0,0.0,0.0,0.1234,0.0,0.0,2093,2053,1,0.0,40,0.0,0.0,0.0,galaxy_a40_b10_c80_v1.col
1.06346,10,80,0.0,0.0,0.0,0.0,0.0261,0.0,0.0,1859,1819,2,0.0,40,0.0,0.0,0.0,galaxy_a40_b10_c80_v2.col
1.01172,10,80,0.0,0.0,0.0,0.0,0.0197,0.0,0.0,1771,1731,3,0.0,40,0.0,0.0,0.0,galaxy_a40_b10_c80_v3.col
1.02001,10,80,0.0,0.0,0.0,0.0,0.1207,0.0,0.0,1736,1696,4,0.0,40,0.0,0.0,0.0,galaxy_a40_b10_c80_v4.col
1.02762,10,80,0.0,0.0,0.0,0.0,0.005,0.0,0.0,1864,1824,5,0.0,40,0.0,0.0,0.0,galaxy_a40_b10_c80_v5.col
1.52669,10,90,0.0,0.0,0.0,0.0,0.1213,0.0,0.0,2157,2117,1,0.0,40,0.0,0.0,0.0,galaxy_a40_b10_c90_v1.col
1.21593,10,90,0.0,0.0,0.0,0.0,0.0068,0.0,0.0,2012,1972,2,0.0,40,0.0,0.0,0.0,galaxy_a40_b10_c90_v2.col
1.13754,10,90,0.0,0.0,0.0,0.0,0.0011,0.0,0.0,1918,1878,3,0.0,40,0.0,0.0,0.0,galaxy_a40_b10_c90_v3.col
1.26921,10,90,0.0,0.0,0.0,0.0,0.1524,0.0,0.0,1937,1897,4,0.0,40,0.0,0.0,0.0,galaxy_a40_b10_c90_v4.col
1.3386,10,90,0.0,0.0,0.0,0.0,0.0024,0.0,0.0,2098,2058,5,0.0,40,0.0,0.0,0.0,galaxy_a40_b10_c90_v5.col
2.09658,10,100,0.0,0.0,0.0,0.0,0.1155,0.0,0.0,2601,2556,1,0.0,45,0.0,0.0,0.0,galaxy_a45_b10_c100_v1.col
1.89318,10,100,0.0,0.0,0.0,0.0,0.0437,0.0,0.0,2498,2453,2,0.0,45,0.0,0.0,0.0,galaxy_a45_b10_c100_v2.col
2.02452,10,100,0.0,0.0,0.0,0.0,0.1277,0.0,0.0,2530,2485,3,0.0,45,0.0,0.0,0.0,galaxy_a45_b10_c100_v3.col
1.96681,10,100,0.0,0.0,0.0,0.0,0.0212,0.0,0.0,2621,2576,4,0.0,45,0.0,0.0,0.0,galaxy_a45_b10_c100_v4.col
1.89614,10,100,0.0,0.0,0.0,0.0,0.1214,0.0,0.0,2454,2409,5,0.0,45,0.0,0.0,0.0,galaxy_a45_b10_c100_v5.col
0.23512,10,20,0.0,0.0,0.0,0.0,0.0037,0.0,0.0,716,671,1,0.0,45,0.0,0.0,0.0,galaxy_a45_b10_c20_v1.col
0.31621,10,20,0.0,0.0,0.0,0.0,0.0292,0.0,0.0,701,656,2,0.0,45,0.0,0.0,0.0,galaxy_a45_b10_c20_v2.col
0.24292,10,20,0.0,0.0,0.0,0.0,0.0022,0.0,0.0,730,685,3,0.0,45,0.0,0.0,0.0,galaxy_a45_b10_c20_v3.col
0.2275,10,20,0.0,0.0,0.0,0.0,0.0025,0.0,0.0,707,662,4,0.0,45,0.0,0.0,0.0,galaxy_a45_b10_c20_v4.col
0.35,10,20,0.0,0.0,0.0,0.0,0.1052,0.0,0.0,712,667,5,0.0,45,0.0,0.0,0.0,galaxy_a45_b10_c20_v5.col
0.32904,10,30,0.0,0.0,0.0,0.0,0.0044,0.0,0.0,933,888,1,0.0,45,0.0,0.0,0.0,galaxy_a45_b10_c30_v1.col
0.33501,10,30,0.0,0.0,0.0,0.0,0.0046,0.0,0.0,945,900,2,0.0,45,0.0,0.0,0.0,galaxy_a45_b10_c30_v2.col
0.35216,10,30,0.0,0.0,0.0,0.0,0.0128,0.0,0.0,901,856,3,0.0,45,0.0,0.0,0.0,galaxy_a45_b10_c30_v3.col
0.31571,10,30,0.0,0.0,0.0,0.0,0.0042,0.0,0.0,899,854,4,0.0,45,0.0,0.0,0.0,galaxy_a45_b10_c30_v4.col
0.37961,10,30,0.0,0.0,0.0,0.0,0.0112,0.0,0.0,994,949,5,0.0,45,0.0,0.0,0.0,galaxy_a45_b10_c30_v5.col
0.68813,10,40,0.0,0.0,0.0,0.0,0.1011,0.0,0.0,1267,1222,1,0.0,45,0.0,0.0,0.0,galaxy_a45_b10_c40_v1.col
0.58278,10,40,0.0,0.0,0.0,0.0,0.0026,0.0,0.0,1309,1264,2,0.0,45,0.0,0.0,0.0,galaxy_a45_b10_c40_v2.col
0.49158,10,40,0.0,0.0,0.0,0.0,0.004,0.0,0.0,1162,1117,3,0.0,45,0.0,0.0,0.0,galaxy_a45_b10_c40_v3.col
0.47365,10,40,0.0,0.0,0.0,0.0,0.004,0.0,0.0,1140,1095,4,0.0,45,0.0,0.0,0.0,galaxy_a45_b10_c40_v4.col
0.53873,10,40,0.0,0.0,0.0,0.0,0.0308,0.0,0.0,1178,1133,5,0.0,45,0.0,0.0,0.0,galaxy_a45_b10_c40_v5.col
0.69892,10,50,0.0,0.0,0.0,0.0,0.007,0.0,0.0,1467,1422,1,0.0,45,0.0,0.0,0.0,galaxy_a45_b10_c50_v1.col
0.65182,10,50,0.0,0.0,0.0,0.0,0.0023,0.0,0.0,1385,1340,2,0.0,45,0.0,0.0,0.0,galaxy_a45_b10_c50_v2.col
0.67078,10,50,0.0,0.0,0.0,0.0,0.0017,0.0,0.0,1430,1385,3,0.0,45,0.0,0.0,0.0,galaxy_a45_b10_c50_v3.col
0.75989,10,50,0.0,0.0,0.0,0.0,0.1185,0.0,0.0,1386,1341,4,0.0,45,0.0,0.0,0.0,galaxy_a45_b10_c50_v4.col
0.5869,10,50,0.0,0.0,0.0,0.0,0.0148,0.0,0.0,1300,1255,5,0.0,45,0.0,0.0,0.0,galaxy_a45_b10_c50_v5.col
0.97474,10,60,0.0,0.0,0.0,0.0,0.0025,0.0,0.0,1781,1736,1,0.0,45,0.0,0.0,0.0,galaxy_a45_b10_c60_v1.col
0.87897,10,60,0.0,0.0,0.0,0.0,0.0138,0.0,0.0,1659,1614,2,0.0,45,0.0,0.0,0.0,galaxy_a45_b10_c60_v2.col
0.7734,10,60,0.0,0.0,0.0,0.0,0.008,0.0,0.0,1552,1507,3,0.0,45,0.0,0.0,0.0,galaxy_a45_b10_c60_v3.col
0.93237,10,60,0.0,0.0,0.0,0.0,0.0421,0.0,0.0,1711,1666,4,0.0,45,0.0,0.0,0.0,galaxy_a45_b10_c60_v4.col
0.80619,10,60,0.0,0.0,0.0,0.0,0.0239,0.0,0.0,1572,1527,5,0.0,45,0.0,0.0,0.0,galaxy_a45_b10_c60_v5.col
0.90094,10,70,0.0,0.0,0.0,0.0,0.023,0.0,0.0,1662,1617,1,0.0,45,0.0,0.0,0.0,galaxy_a45_b10_c70_v1.col
1.1599,10,70,0.0,0.0,0.0,0.0,0.0321,0.0,0.0,1876,1831,2,0.0,45,0.0,0.0,0.0,galaxy_a45_b10_c70_v2.col
1.08187,10,70,0.0,0.0,0.0,0.0,0.1449,0.0,0.0,1690,1645,3,0.0,45,0.0,0.0,0.0,galaxy_a45_b10_c70_v3.col
1.05889,10,70,0.0,0.0,0.0,0.0,0.0262,0.0,0.0,1826,1781,4,0.0,45,0.0,0.0,0.0,galaxy_a45_b10_c70_v4.col
1.12808,10,70,0.0,0.0,0.0,0.0,0.0114,0.0,0.0,1821,1776,5,0.0,45,0.0,0.0,0.0,galaxy_a45_b10_c70_v5.col
1.60549,10,80,0.0,0.0,0.0,0.0,0.1276,0.0,0.0,2167,2122,1,0.0,45,0.0,0.0,0.0,galaxy_a45_b10_c80_v1.col
1.484,10,80,0.0,0.0,0.0,0.0,0.0293,0.0,0.0,2298,2253,2,0.0,45,0.0,0.0,0.0,galaxy_a45_b10_c80_v2.col
1.33116,10,80,0.0,0.0,0.0,0.0,0.022,0.0,0.0,2089,2044,3,0.0,45,0.0,0.0,0.0,galaxy_a45_b10_c80_v3.col
1.37084,10,80,0.0,0.0,0.0,0.0,0.1256,0.0,0.0,2035,1990,4,0.0,45,0.0,0.0,0.0,galaxy_a45_b10_c80_v4.col
1.69515,10,80,0.0,0.0,0.0,0.0,0.0079,0.0,0.0,2364,2319,5,0.0,45,0.0,0.0,0.0,galaxy_a45_b10_c80_v5.col
1.70784,10,90,0.0,0.0,0.0,0.0,0.131,0.0,0.0,2249,2204,1,0.0,45,0.0,0.0,0.0,galaxy_a45_b10_c90_v1.col
1.50709,10,90,0.0,0.0,0.0,0.0,0.044,0.0,0.0,2216,2171,2,0.0,45,0.0,0.0,0.0,galaxy_a45_b10_c90_v2.col
1.87229,10,90,0.0,0.0,0.0,0.0,0.1301,0.0,0.0,2472,2427,3,0.0,45,0.0,0.0,0.0,galaxy_a45_b10_c90_v3.col
1.45997,10,90,0.0,0.0,0.0,0.0,0.0055,0.0,0.0,2279,2234,4,0.0,45,0.0,0.0,0.0,galaxy_a45_b10_c90_v4.col
1.96993,10,90,0.0,0.0,0.0,0.0,0.1403,0.0,0.0,2600,2555,5,0.0,45,0.0,0.0,0.0,galaxy_a45_b10_c90_v5.col
2.02743,10,100,0.0,0.0,0.0,0.0,0.0079,0.0,0.0,2731,2681,1,0.0,50,0.0,0.0,0.0,galaxy_a50_b10_c100_v1.col
2.17887,10,100,0.0,0.0,0.0,0.0,0.1242,0.0,0.0,2773,2723,2,0.0,50,0.0,0.0,0.0,galaxy_a50_b10_c100_v2.col
2.91853,10,100,0.0,0.0,0.0,0.0,0.142,0.0,0.0,3163,3113,3,0.0,50,0.0,0.0,0.0,galaxy_a50_b10_c100_v3.col
2.42819,10,100,0.0,0.0,0.0,0.0,0.1305,0.0,0.0,2923,2873,4,0.0,50,0.0,0.0,0.0,galaxy_a50_b10_c100_v4.col
2.43181,10,100,0.0,0.0,0.0,0.0,0.1441,0.0,0.0,3016,2966,5,0.0,50,0.0,0.0,0.0,galaxy_a50_b10_c100_v5.col
0.28776,10,20,0.0,0.0,0.0,0.0,0.0088,0.0,0.0,807,757,1,0.0,50,0.0,0.0,0.0,galaxy_a50_b10_c20_v1.col
0.30032,10,20,0.0,0.0,0.0,0.0,0.0196,0.0,0.0,816,766,2,0.0,50,0.0,0.0,0.0,galaxy_a50_b10_c20_v2.col
0.26684,10,20,0.0,0.0,0.0,0.0,0.0007,0.0,0.0,775,725,3,0.0,50,0.0,0.0,0.0,galaxy_a50_b10_c20_v3.col
0.28646,10,20,0.0,0.0,0.0,0.0,0.0024,0.0,0.0,822,772,4,0.0,50,0.0,0.0,0.0,galaxy_a50_b10_c20_v4.col
0.31411,10,20,0.0,0.0,0.0,0.0,0.0272,0.0,0.0,806,756,5,0.0,50,0.0,0.0,0.0,galaxy_a50_b10_c20_v5.col
0.56238,10,30,0.0,0.0,0.0,0.0,0.1036,0.0,0.0,1116,1066,1,0.0,50,0.0,0.0,0.0,galaxy_a50_b10_c30_v1.col
0.45515,10,30,0.0,0.0,0.0,0.0,0.0319,0.0,0.0,1005,955,2,0.0,50,0.0,0.0,0.0,galaxy_a50_b10_c30_v2.col
0.44523,10,30,0.0,0.0,0.0,0.0,0.0054,0.0,0.0,1080,1030,3,0.0,50,0.0,0.0,0.0,galaxy_a50_b10_c30_v3.col
0.46441,10,30,0.0,0.0,0.0,0.0,0.0055,0.0,0.0,1122,1072,4,0.0,50,0.0,0.0,0.0,galaxy_a50_b10_c30_v4.col
0.40266,10,30,0.0,0.0,0.0,0.0,0.0137,0.0,0.0,1007,957,5,0.0,50,0.0,0.0,0.0,galaxy_a50_b10_c30_v5.col
0.72786,10,40,0.0,0.0,0.0,0.0,0.1088,0.0,0.0,1380,1330,1,0.0,50,0.0,0.0,0.0,galaxy_a50_b10_c40_v1.col
0.54215,10,40,0.0,0.0,0.0,0.0,0.0045,0.0,0.0,1264,1214,2,0.0,50,0.0,0.0,0.0,galaxy_a50_b10_c40_v2.col
0.53792,10,40,0.0,0.0,0.0,0.0,0.004,0.0,0.0,1256,1206,3,0.0,50,0.0,0.0,0.0,galaxy_a50_b10_c40_v3.col
0.56368,10,40,0.0,0.0,0.0,0.0,0.0117,0.0,0.0,1222,1172,4,0.0,50,0.0,0.0,0.0,galaxy_a50_b10_c40_v4.col
0.73774,10,40,0.0,0.0,0.0,0.0,0.1035,0.0,0.0,1325,1275,5,0.0,50,0.0,0.0,0.0,galaxy_a50_b10_c40_v5.col
0.76228,10,50,0.0,0.0,0.0,0.0,0.0237,0.0,0.0,1551,1501,1,0.0,50,0.0,0.0,0.0,galaxy_a50_b10_c50_v1.col
0.82389,10,50,0.0,0.0,0.0,0.0,0.0518,0.0,0.0,1604,1554,2,0.0,50,0.0,0.0,0.0,galaxy_a50_b10_c50_v2.col
0.817,10,50,0.0,0.0,0.0,0.0,0.1222,0.0,0.0,1465,1415,3,0.0,50,0.0,0.0,0.0,galaxy_a50_b10_c50_v3.col
0.83834,10,50,0.0,0.0,0.0,0.0,0.0166,0.0,0.0,1584,1534,4,0.0,50,0.0,0.0,0.0,galaxy_a50_b10_c50_v4.col
0.76058,10,50,0.0,0.0,0.0,0.0,0.004,0.0,0.0,1487,1437,5,0.0,50,0.0,0.0,0.0,galaxy_a50_b10_c50_v5.col
0.98533,10,60,0.0,0.0,0.0,0.0,0.006,0.0,0.0,1723,1673,1,0.0,50,0.0,0.0,0.0,galaxy_a50_b10_c60_v1.col
1.00331,10,60,0.0,0.0,0.0,0.0,0.1421,0.0,0.0,1678,1628,2,0.0,50,0.0,0.0,0.0,galaxy_a50_b10_c60_v2.col
0.9085,10,60,0.0,0.0,0.0,0.0,0.0201,0.0,0.0,1704,1654,3,0.0,50,0.0,0.0,0.0,galaxy_a50_b10_c60_v3.col
1.04752,10,60,0.0,0.0,0.0,0.0,0.0069,0.0,0.0,1865,1815,4,0.0,50,0.0,0.0,0.0,galaxy_a50_b10_c60_v4.col
1.10592,10,60,0.0,0.0,0.0,0.0,0.152,0.0,0.0,1654,1604,5,0.0,50,0.0,0.0,0.0,galaxy_a50_b10_c60_v5.col
1.48333,10,70,0.0,0.0,0.0,0.0,0.0199,0.0,0.0,2249,2199,1,0.0,50,0.0,0.0,0.0,galaxy_a50_b10_c70_v1.col
1.18771,10,70,0.0,0.0,0.0,0.0,0.1267,0.0,0.0,1898,1848,2,0.0,50,0.0,0.0,0.0,galaxy_a50_b10_c70_v2.col
1.3929,10,70,0.0,0.0,0.0,0.0,0.0054,0.0,0.0,2197,2147,3,0.0,50,0.0,0.0,0.0,galaxy_a50_b10_c70_v3.col
1.29748,10,70,0.0,0.0,0.0,0.0,0.0037,0.0,0.0,2096,2046,4,0.0,50,0.0,0.0,0.0,galaxy_a50_b10_c70_v4.col
1.31704,10,70,0.0,0.0,0.0,0.0,0.1119,0.0,0.0,1948,1898,5,0.0,50,0.0,0.0,0.0,galaxy_a50_b10_c70_v5.col
1.78938,10,80,0.0,0.0,0.0,0.0,0.007,0.0,0.0,2476,2426,1,0.0,50,0.0,0.0,0.0,galaxy_a50_b10_c80_v1.col
1.66871,10,80,0.0,0.0,0.0,0.0,0.126,0.0,0.0,2285,2235,2,0.0,50,0.0,0.0,0.0,galaxy_a50_b10_c80_v2.col
1.49835,10,80,0.0,0.0,0.0,0.0,0.0282,0.0,0.0,2263,2213,3,0.0,50,0.0,0.0,0.0,galaxy_a50_b10_c80_v3.col
1.48259,10,80,0.0,0.0,0.0,0.0,0.1194,0.0,0.0,2134,2084,4,0.0,50,0.0,0.0,0.0,galaxy_a50_b10_c80_v4.col
1.566,10,80,0.0,0.0,0.0,0.0,0.0434,0.0,0.0,2318,2268,5,0.0,50,0.0,0.0,0.0,galaxy_a50_b10_c80_v5.col
1.80782,10,90,0.0,0.0,0.0,0.0,0.1224,0.0,0.0,2469,2419,1,0.0,50,0.0,0.0,0.0,galaxy_a50_b10_c90_v1.col
1.791,10,90,0.0,0.0,0.0,0.0,0.0121,0.0,0.0,2475,2425,2,0.0,50,0.0,0.0,0.0,galaxy_a50_b10_c90_v2.col
2.02563,10,90,0.0,0.0,0.0,0.0,0.1154,0.0,0.0,2566,2516,3,0.0,50,0.0,0.0,0.0,galaxy_a50_b10_c90_v3.col
1.83812,10,90,0.0,0.0,0.0,0.0,0.0071,0.0,0.0,2559,2509,4,0.0,50,0.0,0.0,0.0,galaxy_a50_b10_c90_v4.col
1.89314,10,90,0.0,0.0,0.0,0.0,0.111,0.0,0.0,2452,2402,5,0.0,50,0.0,0.0,0.0,galaxy_a50_b10_c90_v5.col
2.51291,10,100,0.0,0.0,0.0,0.0,0.1107,0.0,0.0,2941,2886,1,0.0,55,0.0,0.0,0.0,galaxy_a55_b10_c100_v1.col
2.7955,10,100,0.0,0.0,0.0,0.0,0.117,0.0,0.0,3117,3062,2,0.0,55,0.0,0.0,0.0,galaxy_a55_b10_c100_v2.col
1.88729,10,100,0.0,0.0,0.0,0.0,0.0193,0.0,0.0,2565,2510,3,0.0,55,0.0,0.0,0.0,galaxy_a55_b10_c100_v3.col
2.53118,10,100,0.0,0.0,0.0,0.0,0.1126,0.0,0.0,2939,2884,4,0.0,55,0.0,0.0,0.0,galaxy_a55_b10_c100_v4.col
3.13564,10,100,0.0,0.0,0.0,0.0,0.1233,0.0,0.0,3257,3202,5,0.0,55,0.0,0.0,0.0,galaxy_a55_b10_c100_v5.col
0.33435,10,20,0.0,0.0,0.0,0.0,0.0017,0.0,0.0,889,834,1,0.0,55,0.0,0.0,0.0,galaxy_a55_b10_c20_v1.col
0.36128,10,20,0.0,0.0,0.0,0.0,0.0165,0.0,0.0,927,872,2,0.0,55,0.0,0.0,0.0,galaxy_a55_b10_c20_v2.col
0.32056,10,20,0.0,0.0,0.0,0.0,0.0032,0.0,0.0,895,840,3,0.0,55,0.0,0.0,0.0,galaxy_a55_b10_c20_v3.col
0.308,10,20,0.0,0.0,0.0,0.0,0.0029,0.0,0.0,885,830,4,0.0,55,0.0,0.0,0.0,galaxy_a55_b10_c20_v4.col
0.33613,10,20,0.0,0.0,0.0,0.0,0.004,0.0,0.0,909,854,5,0.0,55,0.0,0.0,0.0,galaxy_a55_b10_c20_v5.col
0.59932,10,30,0.0,0.0,0.0,0.0,0.0316,0.0,0.0,1187,1132,1,0.0,55,0.0,0.0,0.0,galaxy_a55_b10_c30_v1.col
0.62943,10,30,0.0,0.0,0.0,0.0,0.1017,0.0,0.0,1143,1088,2,0.0,55,0.0,0.0,0.0,galaxy_a55_b10_c30_v2.col
0.52216,10,30,0.0,0.0,0.0,0.0,0.0054,0.0,0.0,1146,1091,3,0.0,55,0.0,0.0,0.0,galaxy_a55_b10_c30_v3.col
0.49859,10,30,0.0,0.0,0.0,0.0,0.0069,0.0,0.0,1163,1108,4,0.0,55,0.0,0.0,0.0,galaxy_a55_b10_c30_v4.col
0.45321,10,30,0.0,0.0,0.0,0.0,0.0022,0.0,0.0,1102,1047,5,0.0,55,0.0,0.0,0.0,galaxy_a55_b10_c30_v5.col
0.67621,10,40,0.0,0.0,0.0,0.0,0.003,0.0,0.0,1455,1400,1,0.0,55,0.0,0.0,0.0,galaxy_a55_b10_c40_v1.col
0.74598,10,40,0.0,0.0,0.0,0.0,0.0206,0.0,0.0,1494,1439,2,0.0,55,0.0,0.0,0.0,galaxy_a55_b10_c40_v2.col
0.67379,10,40,0.0,0.0,0.0,0.0,0.0237,0.0,0.0,1404,1349,3,0.0,55,0.0,0.0,0.0,galaxy_a55_b10_c40_v3.col
0.75017,10,40,0.0,0.0,0.0,0.0,0.0048,0.0,0.0,1498,1443,4,0.0,55,0.0,0.0,0.0,galaxy_a55_b10_c40_v4.col
0.74062,10,40,0.0,0.0,0.0,0.0,0.017,0.0,0.0,1446,1391,5,0.0,55,0.0,0.0,0.0,galaxy_a55_b10_c40_v5.col
0.85663,10,50,0.0,0.0,0.0,0.0,0.0303,0.0,0.0,1618,1563,1,0.0,55,0.0,0.0,0.0,galaxy_a55_b10_c50_v1.col
1.13018,10,50,0.0,0.0,0.0,0.0,0.0038,0.0,0.0,1976,1921,2,0.0,55,0.0,0.0,0.0,galaxy_a55_b10_c50_v2.col
1.00112,10,50,0.0,0.0,0.0,0.0,0.12,0.0,0.0,1661,1606,3,0.0,55,0.0,0.0,0.0,galaxy_a55_b10_c50_v3.col
0.93511,10,50,0.0,0.0,0.0,0.0,0.0077,0.0,0.0,1733,1678,4,0.0,55,0.0,0.0,0.0,galaxy_a55_b10_c50_v4.col
0.99485,10,50,0.0,0.0,0.0,0.0,0.002,0.0,0.0,1798,1743,5,0.0,55,0.0,0.0,0.0,galaxy_a55_b10_c50_v5.col
1.32334,10,60,0.0,0.0,0.0,0.0,0.1198,0.0,0.0,2028,1973,1,0.0,55,0.0,0.0,0.0,galaxy_a55_b10_c60_v1.col
1.10293,10,60,0.0,0.0,0.0,0.0,0.0073,0.0,0.0,1905,1850,2,0.0,55,0.0,0.0,0.0,galaxy_a55_b10_c60_v2.col
1.21715,10,60,0.0,0.0,0.0,0.0,0.069,0.0,0.0,1938,1883,3,0.0,55,0.0,0.0,0.0,galaxy_a55_b10_c60_v3.col
1.74653,10,60,0.0,0.0,0.0,0.0,0.1158,0.0,0.0,2299,2244,4,0.0,55,0.0,0.0,0.0,galaxy_a55_b10_c60_v4.col
1.01158,10,60,0.0,0.0,0.0,0.0,0.0314,0.0,0.0,1836,1781,5,0.0,55,0.0,0.0,0.0,galaxy_a55_b10_c60_v5.col
1.37743,10,70,0.0,0.0,0.0,0.0,0.1254,0.0,0.0,1987,1932,1,0.0,55,0.0,0.0,0.0,galaxy_a55_b10_c70_v1.col
1.44172,10,70,0.0,0.0,0.0,0.0,0.0731,0.0,0.0,2107,2052,2,0.0,55,0.0,0.0,0.0,galaxy_a55_b10_c70_v2.col
2.06946,10,70,0.0,0.0,0.0,0.0,0.1629,0.0,0.0,2553,2498,3,0.0,55,0.0,0.0,0.0,galaxy_a55_b10_c70_v3.col
1.36107,10,70,0.0,0.0,0.0,0.0,0.0094,0.0,0.0,2152,2097,4,0.0,55,0.0,0.0,0.0,galaxy_a55_b10_c70_v4.col
1.4879,10,70,0.0,0.0,0.0,0.0,0.0089,0.0,0.0,2260,2205,5,0.0,55,0.0,0.0,0.0,galaxy_a55_b10_c70_v5.col
2.17162,10,80,0.0,0.0,0.0,0.0,0.1423,0.0,0.0,2705,2650,1,0.0,55,0.0,0.0,0.0,galaxy_a55_b10_c80_v1.col
2.34584,10,80,0.0,0.0,0.0,0.0,0.1705,0.0,0.0,2820,2765,2,0.0,55,0.0,0.0,0.0,galaxy_a55_b10_c80_v2.col
2.03222,10,80,0.0,0.0,0.0,0.0,0.0189,0.0,0.0,2714,2659,3,0.0,55,0.0,0.0,0.0,galaxy_a55_b10_c80_v3.col
1.76858,10,80,0.0,0.0,0.0,0.0,0.1464,0.0,0.0,2407,2352,4,0.0,55,0.0,0.0,0.0,galaxy_a55_b10_c80_v4.col
2.10256,10,80,0.0,0.0,0.0,0.0,0.0361,0.0,0.0,2663,2608,5,0.0,55,0.0,0.0,0.0,galaxy_a55_b10_c80_v5.col
2.66821,10,90,0.0,0.0,0.0,0.0,0.2235,0.0,0.0,2859,2804,1,0.0,55,0.0,0.0,0.0,galaxy_a55_b10_c90_v1.col
2.50169,10,90,0.0,0.0,0.0,0.0,0.1561,0.0,0.0,2907,2852,2,0.0,55,0.0,0.0,0.0,galaxy_a55_b10_c90_v2.col
2.64366,10,90,0.0,0.0,0.0,0.0,0.1556,0.0,0.0,3004,2949,3,0.0,55,0.0,0.0,0.0,galaxy_a55_b10_c90_v3.col
2.50428,10,90,0.0,0.0,0.0,0.0,0.1318,0.0,0.0,2937,2882,4,0.0,55,0.0,0.0,0.0,galaxy_a55_b10_c90_v4.col
2.4362,10,90,0.0,0.0,0.0,0.0,0.1436,0.0,0.0,2814,2759,5,0.0,55,0.0,0.0,0.0,galaxy_a55_b10_c90_v5.col
2.84157,10,100,0.0,0.0,0.0,0.0,0.1506,0.0,0.0,3200,3140,1,0.0,60,0.0,0.0,0.0,galaxy_a60_b10_c100_v1.col
3.11046,10,100,0.0,0.0,0.0,0.0,0.1394,0.0,0.0,3438,3378,2,0.0,60,0.0,0.0,0.0,galaxy_a60_b10_c100_v2.col
2.78744,10,100,0.0,0.0,0.0,0.0,0.1336,0.0,0.0,3252,3192,3,0.0,60,0.0,0.0,0.0,galaxy_a60_b10_c100_v3.col
2.77094,10,100,0.0,0.0,0.0,0.0,0.1356,0.0,0.0,3296,3236,4,0.0,60,0.0,0.0,0.0,galaxy_a60_b10_c100_v4.col
2.97532,10,100,0.0,0.0,0.0,0.0,0.1387,0.0,0.0,3338,3278,5,0.0,60,0.0,0.0,0.0,galaxy_a60_b10_c100_v5.col
0.36013,10,20,0.0,0.0,0.0,0.0,0.0158,0.0,0.0,933,873,1,0.0,60,0.0,0.0,0.0,galaxy_a60_b10_c20_v1.col
0.45597,10,20,0.0,0.0,0.0,0.0,0.0314,0.0,0.0,981,921,2,0.0,60,0.0,0.0,0.0,galaxy_a60_b10_c20_v2.col
0.39286,10,20,0.0,0.0,0.0,0.0,0.0136,0.0,0.0,932,872,3,0.0,60,0.0,0.0,0.0,galaxy_a60_b10_c20_v3.col
0.46755,10,20,0.0,0.0,0.0,0.0,0.1149,0.0,0.0,927,867,4,0.0,60,0.0,0.0,0.0,galaxy_a60_b10_c20_v4.col
0.41233,10,20,0.0,0.0,0.0,0.0,0.0218,0.0,0.0,950,890,5,0.0,60,0.0,0.0,0.0,galaxy_a60_b10_c20_v5.col
0.81052,10,30,0.0,0.0,0.0,0.0,0.0953,0.0,0.0,1318,1258,1,0.0,60,0.0,0.0,0.0,galaxy_a60_b10_c30_v1.col
0.63017,10,30,0.0,0.0,0.0,0.0,0.0029,0.0,0.0,1350,1290,2,0.0,60,0.0,0.0,0.0,galaxy_a60_b10_c30_v2.col
0.67874,10,30,0.0,0.0,0.0,0.0,0.1034,0.0,0.0,1229,1169,3,0.0,60,0.0,0.0,0.0,galaxy_a60_b10_c30_v3.col
0.55474,10,30,0.0,0.0,0.0,0.0,0.0101,0.0,0.0,1259,1199,4,0.0,60,0.0,0.0,0.0,galaxy_a60_b10_c30_v4.col
0.75904,10,30,0.0,0.0,0.0,0.0,0.0396,0.0,0.0,1360,1300,5,0.0,60,0.0,0.0,0.0,galaxy_a60_b10_c30_v5.col
0.89055,10,40,0.0,0.0,0.0,0.0,0.0442,0.0,0.0,1500,1440,1,0.0,60,0.0,0.0,0.0,galaxy_a60_b10_c40_v1.col
0.73603,10,40,0.0,0.0,0.0,0.0,0.0398,0.0,0.0,1423,1363,2,0.0,60,0.0,0.0,0.0,galaxy_a60_b10_c40_v2.col
0.9062,10,40,0.0,0.0,0.0,0.0,0.035,0.0,0.0,1643,1583,3,0.0,60,0.0,0.0,0.0,galaxy_a60_b10_c40_v3.col
0.74899,10,40,0.0,0.0,0.0,0.0,0.0063,0.0,0.0,1528,1468,4,0.0,60,0.0,0.0,0.0,galaxy_a60_b10_c40_v4.col
0.99976,10,40,0.0,0.0,0.0,0.0,0.1506,0.0,0.0,1630,1570,5,0.0,60,0.0,0.0,0.0,galaxy_a60_b10_c40_v5.col
1.03643,10,50,0.0,0.0,0.0,0.0,0.0258,0.0,0.0,1860,1800,1,0.0,60,0.0,0.0,0.0,galaxy_a60_b10_c50_v1.col
1.07061,10,50,0.0,0.0,0.0,0.0,0.0056,0.0,0.0,1889,1829,2,0.0,60,0.0,0.0,0.0,galaxy_a60_b10_c50_v2.col
1.16603,10,50,0.0,0.0,0.0,0.0,0.1472,0.0,0.0,1822,1762,3,0.0,60,0.0,0.0,0.0,galaxy_a60_b10_c50_v3.col
0.8752,10,50,0.0,0.0,0.0,0.0,0.0096,0.0,0.0,1677,1617,4,0.0,60,0.0,0.0,0.0,galaxy_a60_b10_c50_v4.col
1.06127,10,50,0.0,0.0,0.0,0.0,0.0051,0.0,0.0,1893,1833,5,0.0,60,0.0,0.0,0.0,galaxy_a60_b10_c50_v5.col
1.31319,10,60,0.0,0.0,0.0,0.0,0.1444,0.0,0.0,2040,1980,1,0.0,60,0.0,0.0,0.0,galaxy_a60_b10_c60_v1.col
1.43495,10,60,0.0,0.0,0.0,0.0,0.0419,0.0,0.0,2223,2163,2,0.0,60,0.0,0.0,0.0,galaxy_a60_b10_c60_v2.col
1.4427,10,60,0.0,0.0,0.0,0.0,0.1185,0.0,0.0,2131,2071,3,0.0,60,0.0,0.0,0.0,galaxy_a60_b10_c60_v3.col
1.48379,10,60,0.0,0.0,0.0,0.0,0.007,0.0,0.0,2304,2244,4,0.0,60,0.0,0.0,0.0,galaxy_a60_b10_c60_v4.col
1.44975,10,60,0.0,0.0,0.0,0.0,0.1217,0.0,0.0,2108,2048,5,0.0,60,0.0,0.0,0.0,galaxy_a60_b10_c60_v5.col
1.59625,10,70,0.0,0.0,0.0,0.0,0.0073,0.0,0.0,2378,2318,1,0.0,60,0.0,0.0,0.0,galaxy_a60_b10_c70_v1.col
1.59253,10,70,0.0,0.0,0.0,0.0,0.0022,0.0,0.0,2353,2293,2,0.0,60,0.0,0.0,0.0,galaxy_a60_b10_c70_v2.col
1.8971,10,70,0.0,0.0,0.0,0.0,0.1201,0.0,0.0,2523,2463,3,0.0,60,0.0,0.0,0.0,galaxy_a60_b10_c70_v3.col
1.82987,10,70,0.0,0.0,0.0,0.0,0.0826,0.0,0.0,2332,2272,4,0.0,60,0.0,0.0,0.0,galaxy_a60_b10_c70_v4.col
1.6915,10,70,0.0,0.0,0.0,0.0,0.1659,0.0,0.0,2296,2236,5,0.0,60,0.0,0.0,0.0,galaxy_a60_b10_c70_v5.col
2.2735,10,80,0.0,0.0,0.0,0.0,0.16,0.0,0.0,2764,2704,1,0.0,60,0.0,0.0,0.0,galaxy_a60_b10_c80_v1.col
2.16755,10,80,0.0,0.0,0.0,0.0,0.0147,0.0,0.0,2788,2728,2,0.0,60,0.0,0.0,0.0,galaxy_a60_b10_c80_v2.col
2.39014,10,80,0.0,0.0,0.0,0.0,0.1375,0.0,0.0,2856,2796,3,0.0,60,0.0,0.0,0.0,galaxy_a60_b10_c80_v3.col
2.16336,10,80,0.0,0.0,0.0,0.0,0.1442,0.0,0.0,2659,2599,4,0.0,60,0.0,0.0,0.0,galaxy_a60_b10_c80_v4.col
1.97001,10,80,0.0,0.0,0.0,0.0,0.0094,0.0,0.0,2656,2596,5,0.0,60,0.0,0.0,0.0,galaxy_a60_b10_c80_v5.col
3.48288,10,90,0.0,0.0,0.0,0.0,0.1778,0.0,0.0,3460,3400,1,0.0,60,0.0,0.0,0.0,galaxy_a60_b10_c90_v1.col
2.92252,10,90,0.0,0.0,0.0,0.0,0.1385,0.0,0.0,3239,3179,2,0.0,60,0.0,0.0,0.0,galaxy_a60_b10_c90_v2.col
3.16273,10,90,0.0,0.0,0.0,0.0,0.1268,0.0,0.0,3383,3323,3,0.0,60,0.0,0.0,0.0,galaxy_a60_b10_c90_v3.col
2.46484,10,90,0.0,0.0,0.0,0.0,0.1411,0.0,0.0,2868,2808,4,0.0,60,0.0,0.0,0.0,galaxy_a60_b10_c90_v4.col
2.57943,10,90,0.0,0.0,0.0,0.0,0.14,0.0,0.0,2928,2868,5,0.0,60,0.0,0.0,0.0,galaxy_a60_b10_c90_v5.col
3.5517,10,100,0.0,0.0,0.0,0.0,0.1213,0.0,0.0,3630,3565,1,0.0,65,0.0,0.0,0.0,galaxy_a65_b10_c100_v1.col
3.17593,10,100,0.0,0.0,0.0,0.0,0.1069,0.0,0.0,3413,3348,2,0.0,65,0.0,0.0,0.0,galaxy_a65_b10_c100_v2.col
3.88847,10,100,0.0,0.0,0.0,0.0,0.1169,0.0,0.0,3875,3810,3,0.0,65,0.0,0.0,0.0,galaxy_a65_b10_c100_v3.col
3.46714,10,100,0.0,0.0,0.0,0.0,0.1525,0.0,0.0,3532,3467,4,0.0,65,0.0,0.0,0.0,galaxy_a65_b10_c100_v4.col
3.10711,10,100,0.0,0.0,0.0,0.0,0.1162,0.0,0.0,3413,3348,5,0.0,65,0.0,0.0,0.0,galaxy_a65_b10_c100_v5.col
0.43446,10,20,0.0,0.0,0.0,0.0,0.0014,0.0,0.0,1068,1003,1,0.0,65,0.0,0.0,0.0,galaxy_a65_b10_c20_v1.col
0.45175,10,20,0.0,0.0,0.0,0.0,0.0029,0.0,0.0,1061,996,2,0.0,65,0.0,0.0,0.0,galaxy_a65_b10_c20_v2.col
0.5065,10,20,0.0,0.0,0.0,0.0,0.0259,0.0,0.0,1097,1032,3,0.0,65,0.0,0.0,0.0,galaxy_a65_b10_c20_v3.col
0.42124,10,20,0.0,0.0,0.0,0.0,0.0056,0.0,0.0,1024,959,4,0.0,65,0.0,0.0,0.0,galaxy_a65_b10_c20_v4.col
0.43399,10,20,0.0,0.0,0.0,0.0,0.0034,0.0,0.0,1035,970,5,0.0,65,0.0,0.0,0.0,galaxy_a65_b10_c20_v5.col
0.67855,10,30,0.0,0.0,0.0,0.0,0.0101,0.0,0.0,1405,1340,1,0.0,65,0.0,0.0,0.0,galaxy_a65_b10_c30_v1.col
0.67467,10,30,0.0,0.0,0.0,0.0,0.0151,0.0,0.0,1415,1350,2,0.0,65,0.0,0.0,0.0,galaxy_a65_b10_c30_v2.col
0.64315,10,30,0.0,0.0,0.0,0.0,0.007,0.0,0.0,1376,1311,3,0.0,65,0.0,0.0,0.0,galaxy_a65_b10_c30_v3.col
0.63499,10,30,0.0,0.0,0.0,0.0,0.0031,0.0,0.0,1344,1279,4,0.0,65,0.0,0.0,0.0,galaxy_a65_b10_c30_v4.col
0.64752,10,30,0.0,0.0,0.0,0.0,0.0045,0.0,0.0,1345,1280,5,0.0,65,0.0,0.0,0.0,galaxy_a65_b10_c30_v5.col
1.09962,10,40,0.0,0.0,0.0,0.0,0.1284,0.0,0.0,1730,1665,1,0.0,65,0.0,0.0,0.0,galaxy_a65_b10_c40_v1.col
0.82891,10,40,0.0,0.0,0.0,0.0,0.0194,0.0,0.0,1588,1523,2,0.0,65,0.0,0.0,0.0,galaxy_a65_b10_c40_v2.col
1.02639,10,40,0.0,0.0,0.0,0.0,0.0239,0.0,0.0,1765,1700,3,0.0,65,0.0,0.0,0.0,galaxy_a65_b10_c40_v3.col
0.97258,10,40,0.0,0.0,0.0,0.0,0.0208,0.0,0.0,1694,1629,4,0.0,65,0.0,0.0,0.0,galaxy_a65_b10_c40_v4.col
0.91939,10,40,0.0,0.0,0.0,0.0,0.0248,0.0,0.0,1570,1505,5,0.0,65,0.0,0.0,0.0,galaxy_a65_b10_c40_v5.col
1.37861,10,50,0.0,0.0,0.0,0.0,0.0689,0.0,0.0,2057,1992,1,0.0,65,0.0,0.0,0.0,galaxy_a65_b10_c50_v1.col
1.56149,10,50,0.0,0.0,0.0,0.0,0.1455,0.0,0.0,2140,2075,2,0.0,65,0.0,0.0,0.0,galaxy_a65_b10_c50_v2.col
1.23254,10,50,0.0,0.0,0.0,0.0,0.0375,0.0,0.0,1976,1911,3,0.0,65,0.0,0.0,0.0,galaxy_a65_b10_c50_v3.col
1.40326,10,50,0.0,0.0,0.0,0.0,0.1215,0.0,0.0,2059,1994,4,0.0,65,0.0,0.0,0.0,galaxy_a65_b10_c50_v4.col
1.23423,10,50,0.0,0.0,0.0,0.0,0.0254,0.0,0.0,2026,1961,5,0.0,65,0.0,0.0,0.0,galaxy_a65_b10_c50_v5.col
1.35447,10,60,0.0,0.0,0.0,0.0,0.0141,0.0,0.0,2110,2045,1,0.0,65,0.0,0.0,0.0,galaxy_a65_b10_c60_v1.col
1.74081,10,60,0.0,0.0,0.0,0.0,0.1294,0.0,0.0,2388,2323,2,0.0,65,0.0,0.0,0.0,galaxy_a65_b10_c60_v2.col
1.64092,10,60,0.0,0.0,0.0,0.0,0.0167,0.0,0.0,2424,2359,3,0.0,65,0.0,0.0,0.0,galaxy_a65_b10_c60_v3.col
1.63031,10,60,0.0,0.0,0.0,0.0,0.1403,0.0,0.0,2296,2231,4,0.0,65,0.0,0.0,0.0,galaxy_a65_b10_c60_v4.col
1.50658,10,60,0.0,0.0,0.0,0.0,0.0164,0.0,0.0,2287,2222,5,0.0,65,0.0,0.0,0.0,galaxy_a65_b10_c60_v5.col
2.28337,10,70,0.0,0.0,0.0,0.0,0.1587,0.0,0.0,2765,2700,1,0.0,65,0.0,0.0,0.0,galaxy_a65_b10_c70_v1.col
1.75466,10,70,0.0,0.0,0.0,0.0,0.0126,0.0,0.0,2417,2352,2,0.0,65,0.0,0.0,0.0,galaxy_a65_b10_c70_v2.col
2.44408,10,70,0.0,0.0,0.0,0.0,0.1591,0.0,0.0,2809,2744,3,0.0,65,0.0,0.0,0.0,galaxy_a65_b10_c70_v3.col
1.99981,10,70,0.0,0.0,0.0,0.0,0.1358,0.0,0.0,2623,2558,4,0.0,65,0.0,0.0,0.0,galaxy_a65_b10_c70_v4.col
2.47711,10,70,0.0,0.0,0.0,0.0,0.1161,0.0,0.0,3024,2959,5,0.0,65,0.0,0.0,0.0,galaxy_a65_b10_c70_v5.col
2.33231,10,80,0.0,0.0,0.0,0.0,0.1153,0.0,0.0,2853,2788,1,0.0,65,0.0,0.0,0.0,galaxy_a65_b10_c80_v1.col
2.32774,10,80,0.0,0.0,0.0,0.0,0.1338,0.0,0.0,2836,2771,2,0.0,65,0.0,0.0,0.0,galaxy_a65_b10_c80_v2.col
2.07114,10,80,0.0,0.0,0.0,0.0,0.0064,0.0,0.0,2840,2775,3,0.0,65,0.0,0.0,0.0,galaxy_a65_b10_c80_v3.col
2.79449,10,80,0.0,0.0,0.0,0.0,0.1451,0.0,0.0,3132,3067,4,0.0,65,0.0,0.0,0.0,galaxy_a65_b10_c80_v4.col
2.57172,10,80,0.0,0.0,0.0,0.0,0.1441,0.0,0.0,2836,2771,5,0.0,65,0.0,0.0,0.0,galaxy_a65_b10_c80_v5.col
3.54165,10,90,0.0,0.0,0.0,0.0,0.1222,0.0,0.0,3668,3603,1,0.0,65,0.0,0.0,0.0,galaxy_a65_b10_c90_v1.col
2.8927,10,90,0.0,0.0,0.0,0.0,0.1237,0.0,0.0,3254,3189,2,0.0,65,0.0,0.0,0.0,galaxy_a65_b10_c90_v2.col
3.4205,10,90,0.0,0.0,0.0,0.0,0.1777,0.0,0.0,3505,3440,3,0.0,65,0.0,0.0,0.0,galaxy_a65_b10_c90_v3.col
3.37469,10,90,0.0,0.0,0.0,0.0,0.13,0.0,0.0,3490,3425,4,0.0,65,0.0,0.0,0.0,galaxy_a65_b10_c90_v4.col
3.01956,10,90,0.0,0.0,0.0,0.0,0.1458,0.0,0.0,3256,3191,5,0.0,65,0.0,0.0,0.0,galaxy_a65_b10_c90_v5.col
3.65916,10,100,0.0,0.0,0.0,0.0,0.1569,0.0,0.0,3701,3631,1,0.0,70,0.0,0.0,0.0,galaxy_a70_b10_c100_v1.col
4.04194,10,100,0.0,0.0,0.0,0.0,0.1149,0.0,0.0,4044,3974,2,0.0,70,0.0,0.0,0.0,galaxy_a70_b10_c100_v2.col
3.61305,10,100,0.0,0.0,0.0,0.0,0.1612,0.0,0.0,3719,3649,3,0.0,70,0.0,0.0,0.0,galaxy_a70_b10_c100_v3.col
3.90802,10,100,0.0,0.0,0.0,0.0,0.1231,0.0,0.0,3854,3784,4,0.0,70,0.0,0.0,0.0,galaxy_a70_b10_c100_v4.col
4.2941,10,100,0.0,0.0,0.0,0.0,0.1175,0.0,0.0,4061,3991,5,0.0,70,0.0,0.0,0.0,galaxy_a70_b10_c100_v5.col
0.65411,10,20,0.0,0.0,0.0,0.0,0.1306,0.0,0.0,1125,1055,1,0.0,70,0.0,0.0,0.0,galaxy_a70_b10_c20_v1.col
0.49165,10,20,0.0,0.0,0.0,0.0,0.0138,0.0,0.0,1107,1037,2,0.0,70,0.0,0.0,0.0,galaxy_a70_b10_c20_v2.col
0.47703,10,20,0.0,0.0,0.0,0.0,0.0012,0.0,0.0,1108,1038,3,0.0,70,0.0,0.0,0.0,galaxy_a70_b10_c20_v3.col
0.52392,10,20,0.0,0.0,0.0,0.0,0.0216,0.0,0.0,1111,1041,4,0.0,70,0.0,0.0,0.0,galaxy_a70_b10_c20_v4.col
0.50968,10,20,0.0,0.0,0.0,0.0,0.0027,0.0,0.0,1144,1074,5,0.0,70,0.0,0.0,0.0,galaxy_a70_b10_c20_v5.col
0.78391,10,30,0.0,0.0,0.0,0.0,0.0255,0.0,0.0,1431,1361,1,0.0,70,0.0,0.0,0.0,galaxy_a70_b10_c30_v1.col
0.76485,10,30,0.0,0.0,0.0,0.0,0.0557,0.0,0.0,1447,1377,2,0.0,70,0.0,0.0,0.0,galaxy_a70_b10_c30_v2.col
0.79475,10,30,0.0,0.0,0.0,0.0,0.0286,0.0,0.0,1511,1441,3,0.0,70,0.0,0.0,0.0,galaxy_a70_b10_c30_v3.col
0.75352,10,30,0.0,0.0,0.0,0.0,0.0302,0.0,0.0,1430,1360,4,0.0,70,0.0,0.0,0.0,galaxy_a70_b10_c30_v4.col
0.85935,10,30,0.0,0.0,0.0,0.0,0.0174,0.0,0.0,1597,1527,5,0.0,70,0.0,0.0,0.0,galaxy_a70_b10_c30_v5.col
1.11204,10,40,0.0,0.0,0.0,0.0,0.1139,0.0,0.0,1724,1654,1,0.0,70,0.0,0.0,0.0,galaxy_a70_b10_c40_v1.col
1.30657,10,40,0.0,0.0,0.0,0.0,0.136,0.0,0.0,1822,1752,2,0.0,70,0.0,0.0,0.0,galaxy_a70_b10_c40_v2.col
1.27875,10,40,0.0,0.0,0.0,0.0,0.0479,0.0,0.0,1972,1902,3,0.0,70,0.0,0.0,0.0,galaxy_a70_b10_c40_v3.col
1.11225,10,40,0.0,0.0,0.0,0.0,0.0168,0.0,0.0,1900,1830,4,0.0,70,0.0,0.0,0.0,galaxy_a70_b10_c40_v4.col
1.16178,10,40,0.0,0.0,0.0,0.0,0.1482,0.0,0.0,1790,1720,5,0.0,70,0.0,0.0,0.0,galaxy_a70_b10_c40_v5.col
1.41651,10,50,0.0,0.0,0.0,0.0,0.0073,0.0,0.0,2186,2116,1,0.0,70,0.0,0.0,0.0,galaxy_a70_b10_c50_v1.col
1.38206,10,50,0.0,0.0,0.0,0.0,0.0161,0.0,0.0,2118,2048,2,0.0,70,0.0,0.0,0.0,galaxy_a70_b10_c50_v2.col
1.34495,10,50,0.0,0.0,0.0,0.0,0.1722,0.0,0.0,1950,1880,3,0.0,70,0.0,0.0,0.0,galaxy_a70_b10_c50_v3.col
1.56661,10,50,0.0,0.0,0.0,0.0,0.0277,0.0,0.0,2236,2166,4,0.0,70,0.0,0.0,0.0,galaxy_a70_b10_c50_v4.col
1.50824,10,50,0.0,0.0,0.0,0.0,0.1535,0.0,0.0,2087,2017,5,0.0,70,0.0,0.0,0.0,galaxy_a70_b10_c50_v5.col
1.66588,10,60,0.0,0.0,0.0,0.0,0.0165,0.0,0.0,2450,2380,1,0.0,70,0.0,0.0,0.0,galaxy_a70_b10_c60_v1.col
1.85677,10,60,0.0,0.0,0.0,0.0,0.1422,0.0,0.0,2485,2415,2,0.0,70,0.0,0.0,0.0,galaxy_a70_b10_c60_v2.col
1.84773,10,60,0.0,0.0,0.0,0.0,0.0227,0.0,0.0,2495,2425,3,0.0,70,0.0,0.0,0.0,galaxy_a70_b10_c60_v3.col
2.11519,10,60,0.0,0.0,0.0,0.0,0.1131,0.0,0.0,2622,2552,4,0.0,70,0.0,0.0,0.0,galaxy_a70_b10_c60_v4.col
2.0048,10,60,0.0,0.0,0.0,0.0,0.0151,0.0,0.0,2679,2609,5,0.0,70,0.0,0.0,0.0,galaxy_a70_b10_c60_v5.col
2.39202,10,70,0.0,0.0,0.0,0.0,0.1295,0.0,0.0,2896,2826,1,0.0,70,0.0,0.0,0.0,galaxy_a70_b10_c70_v1.col
2.83651,10,70,0.0,0.0,0.0,0.0,0.1679,0.0,0.0,3109,3039,2,0.0,70,0.0,0.0,0.0,galaxy_a70_b10_c70_v2.col
2.462,10,70,0.0,0.0,0.0,0.0,0.1136,0.0,0.0,2943,2873,3,0.0,70,0.0,0.0,0.0,galaxy_a70_b10_c70_v3.col
2.31295,10,70,0.0,0.0,0.0,0.0,0.1531,0.0,0.0,2772,2702,4,0.0,70,0.0,0.0,0.0,galaxy_a70_b10_c70_v4.col
2.80206,10,70,0.0,0.0,0.0,0.0,0.1461,0.0,0.0,3027,2957,5,0.0,70,0.0,0.0,0.0,galaxy_a70_b10_c70_v5.col
2.77098,10,80,0.0,0.0,0.0,0.0,0.1443,0.0,0.0,3060,2990,1,0.0,70,0.0,0.0,0.0,galaxy_a70_b10_c80_v1.col
2.74537,10,80,0.0,0.0,0.0,0.0,0.1333,0.0,0.0,3192,3122,2,0.0,70,0.0,0.0,0.0,galaxy_a70_b10_c80_v2.col
3.35799,10,80,0.0,0.0,0.0,0.0,0.1044,0.0,0.0,3374,3304,3,0.0,70,0.0,0.0,0.0,galaxy_a70_b10_c80_v3.col
2.64667,10,80,0.0,0.0,0.0,0.0,0.1277,0.0,0.0,3087,3017,4,0.0,70,0.0,0.0,0.0,galaxy_a70_b10_c80_v4.col
3.06976,10,80,0.0,0.0,0.0,0.0,0.1457,0.0,0.0,3196,3126,5,0.0,70,0.0,0.0,0.0,galaxy_a70_b10_c80_v5.col
3.36105,10,90,0.0,0.0,0.0,0.0,0.1286,0.0,0.0,3543,3473,1,0.0,70,0.0,0.0,0.0,galaxy_a70_b10_c90_v1.col
3.30089,10,90,0.0,0.0,0.0,0.0,0.1127,0.0,0.0,3465,3395,2,0.0,70,0.0,0.0,0.0,galaxy_a70_b10_c90_v2.col
3.78672,10,90,0.0,0.0,0.0,0.0,0.1354,0.0,0.0,3813,3743,3,0.0,70,0.0,0.0,0.0,galaxy_a70_b10_c90_v3.col
3.32851,10,90,0.0,0.0,0.0,0.0,0.1887,0.0,0.0,3472,3402,4,0.0,70,0.0,0.0,0.0,galaxy_a70_b10_c90_v4.col
3.18965,10,90,0.0,0.0,0.0,0.0,0.1424,0.0,0.0,3394,3324,5,0.0,70,0.0,0.0,0.0,galaxy_a70_b10_c90_v5.col
5.18082,10,100,0.0,0.0,0.0,0.0,0.2291,0.0,0.0,4245,4170,1,0.0,75,0.0,0.0,0.0,galaxy_a75_b10_c100_v1.col
4.81379,10,100,0.0,0.0,0.0,0.0,0.1613,0.0,0.0,4277,4202,2,0.0,75,0.0,0.0,0.0,galaxy_a75_b10_c100_v2.col
5.62887,10,100,0.0,0.0,0.0,0.0,0.1165,0.0,0.0,4619,4544,3,0.0,75,0.0,0.0,0.0,galaxy_a75_b10_c100_v3.col
5.23822,10,100,0.0,0.0,0.0,0.0,0.1298,0.0,0.0,4384,4309,4,0.0,75,0.0,0.0,0.0,galaxy_a75_b10_c100_v4.col
3.66328,10,100,0.0,0.0,0.0,0.0,0.1212,0.0,0.0,3799,3724,5,0.0,75,0.0,0.0,0.0,galaxy_a75_b10_c100_v5.col
0.54377,10,20,0.0,0.0,0.0,0.0,0.0006,0.0,0.0,1189,1114,1,0.0,75,0.0,0.0,0.0,galaxy_a75_b10_c20_v1.col
0.62532,10,20,0.0,0.0,0.0,0.0,0.0297,0.0,0.0,1193,1118,2,0.0,75,0.0,0.0,0.0,galaxy_a75_b10_c20_v2.col
0.57363,10,20,0.0,0.0,0.0,0.0,0.0284,0.0,0.0,1166,1091,3,0.0,75,0.0,0.0,0.0,galaxy_a75_b10_c20_v3.col
0.5578,10,20,0.0,0.0,0.0,0.0,0.0151,0.0,0.0,1182,1107,4,0.0,75,0.0,0.0,0.0,galaxy_a75_b10_c20_v4.col
0.60204,10,20,0.0,0.0,0.0,0.0,0.007,0.0,0.0,1248,1173,5,0.0,75,0.0,0.0,0.0,galaxy_a75_b10_c20_v5.col
0.83676,10,30,0.0,0.0,0.0,0.0,0.0287,0.0,0.0,1513,1438,1,0.0,75,0.0,0.0,0.0,galaxy_a75_b10_c30_v1.col
0.883,10,30,0.0,0.0,0.0,0.0,0.0124,0.0,0.0,1605,1530,2,0.0,75,0.0,0.0,0.0,galaxy_a75_b10_c30_v2.col
0.89113,10,30,0.0,0.0,0.0,0.0,0.0229,0.0,0.0,1624,1549,3,0.0,75,0.0,0.0,0.0,galaxy_a75_b10_c30_v3.col
0.8229,10,30,0.0,0.0,0.0,0.0,0.0035,0.0,0.0,1572,1497,4,0.0,75,0.0,0.0,0.0,galaxy_a75_b10_c30_v4.col
0.90451,10,30,0.0,0.0,0.0,0.0,0.1539,0.0,0.0,1450,1375,5,0.0,75,0.0,0.0,0.0,galaxy_a75_b10_c30_v5.col
1.16885,10,40,0.0,0.0,0.0,0.0,0.0054,0.0,0.0,1975,1900,1,0.0,75,0.0,0.0,0.0,galaxy_a75_b10_c40_v1.col
1.17278,10,40,0.0,0.0,0.0,0.0,0.0066,0.0,0.0,1946,1871,2,0.0,75,0.0,0.0,0.0,galaxy_a75_b10_c40_v2.col
1.48008,10,40,0.0,0.0,0.0,0.0,0.1237,0.0,0.0,2112,2037,3,0.0,75,0.0,0.0,0.0,galaxy_a75_b10_c40_v3.col
1.13483,10,40,0.0,0.0,0.0,0.0,0.0233,0.0,0.0,1921,1846,4,0.0,75,0.0,0.0,0.0,galaxy_a75_b10_c40_v4.col
1.17419,10,40,0.0,0.0,0.0,0.0,0.1171,0.0,0.0,1867,1792,5,0.0,75,0.0,0.0,0.0,galaxy_a75_b10_c40_v5.col
1.60739,10,50,0.0,0.0,0.0,0.0,0.0063,0.0,0.0,2373,2298,1,0.0,75,0.0,0.0,0.0,galaxy_a75_b10_c50_v1.col
1.77243,10,50,0.0,0.0,0.0,0.0,0.123,0.0,0.0,2354,2279,2,0.0,75,0.0,0.0,0.0,galaxy_a75_b10_c50_v2.col
1.57344,10,50,0.0,0.0,0.0,0.0,0.0084,0.0,0.0,2310,2235,3,0.0,75,0.0,0.0,0.0,galaxy_a75_b10_c50_v3.col
1.81793,10,50,0.0,0.0,0.0,0.0,0.115,0.0,0.0,2363,2288,4,0.0,75,0.0,0.0,0.0,galaxy_a75_b10_c50_v4.col
1.57128,10,50,0.0,0.0,0.0,0.0,0.0091,0.0,0.0,2198,2123,5,0.0,75,0.0,0.0,0.0,galaxy_a75_b10_c50_v5.col
2.42392,10,60,0.0,0.0,0.0,0.0,0.14,0.0,0.0,2853,2778,1,0.0,75,0.0,0.0,0.0,galaxy_a75_b10_c60_v1.col
2.30186,10,60,0.0,0.0,0.0,0.0,0.1254,0.0,0.0,2777,2702,2,0.0,75,0.0,0.0,0.0,galaxy_a75_b10_c60_v2.col
2.21116,10,60,0.0,0.0,0.0,0.0,0.0257,0.0,0.0,2802,2727,3,0.0,75,0.0,0.0,0.0,galaxy_a75_b10_c60_v3.col
2.25925,10,60,0.0,0.0,0.0,0.0,0.1424,0.0,0.0,2724,2649,4,0.0,75,0.0,0.0,0.0,galaxy_a75_b10_c60_v4.col
2.18857,10,60,0.0,0.0,0.0,0.0,0.1264,0.0,0.0,2744,2669,5,0.0,75,0.0,0.0,0.0,galaxy_a75_b10_c60_v5.col
2.40861,10,70,0.0,0.0,0.0,0.0,0.0141,0.0,0.0,2975,2900,1,0.0,75,0.0,0.0,0.0,galaxy_a75_b10_c70_v1.col
2.54364,10,70,0.0,0.0,0.0,0.0,0.1255,0.0,0.0,2935,2860,2,0.0,75,0.0,0.0,0.0,galaxy_a75_b10_c70_v2.col
2.6411,10,70,0.0,0.0,0.0,0.0,0.1187,0.0,0.0,2939,2864,3,0.0,75,0.0,0.0,0.0,galaxy_a75_b10_c70_v3.col
3.25623,10,70,0.0,0.0,0.0,0.0,0.1381,0.0,0.0,3264,3189,4,0.0,75,0.0,0.0,0.0,galaxy_a75_b10_c70_v4.col
2.67627,10,70,0.0,0.0,0.0,0.0,0.1477,0.0,0.0,3012,2937,5,0.0,75,0.0,0.0,0.0,galaxy_a75_b10_c70_v5.col
3.05333,10,80,0.0,0.0,0.0,0.0,0.129,0.0,0.0,3322,3247,1,0.0,75,0.0,0.0,0.0,galaxy_a75_b10_c80_v1.col
3.64742,10,80,0.0,0.0,0.0,0.0,0.168,0.0,0.0,3626,3551,2,0.0,75,0.0,0.0,0.0,galaxy_a75_b10_c80_v2.col
2.85799,10,80,0.0,0.0,0.0,0.0,0.1106,0.0,0.0,3207,3132,3,0.0,75,0.0,0.0,0.0,galaxy_a75_b10_c80_v3.col
3.11089,10,80,0.0,0.0,0.0,0.0,0.1099,0.0,0.0,3392,3317,4,0.0,75,0.0,0.0,0.0,galaxy_a75_b10_c80_v4.col
2.92478,10,80,0.0,0.0,0.0,0.0,0.1057,0.0,0.0,3250,3175,5,0.0,75,0.0,0.0,0.0,galaxy_a75_b10_c80_v5.col
3.54978,10,90,0.0,0.0,0.0,0.0,0.122,0.0,0.0,3649,3574,1,0.0,75,0.0,0.0,0.0,galaxy_a75_b10_c90_v1.col
3.99072,10,90,0.0,0.0,0.0,0.0,0.1324,0.0,0.0,3997,3922,2,0.0,75,0.0,0.0,0.0,galaxy_a75_b10_c90_v2.col
3.6248,10,90,0.0,0.0,0.0,0.0,0.125,0.0,0.0,3764,3689,3,0.0,75,0.0,0.0,0.0,galaxy_a75_b10_c90_v3.col
4.04739,10,90,0.0,0.0,0.0,0.0,0.1344,0.0,0.0,3980,3905,4,0.0,75,0.0,0.0,0.0,galaxy_a75_b10_c90_v4.col
3.40189,10,90,0.0,0.0,0.0,0.0,0.1357,0.0,0.0,3663,3588,5,0.0,75,0.0,0.0,0.0,galaxy_a75_b10_c90_v5.col
5.06195,10,100,0.0,0.0,0.0,0.0,0.1136,0.0,0.0,4353,4273,1,0.0,80,0.0,0.0,0.0,galaxy_a80_b10_c100_v1.col
4.82659,10,100,0.0,0.0,0.0,0.0,0.1587,0.0,0.0,4195,4115,2,0.0,80,0.0,0.0,0.0,galaxy_a80_b10_c100_v2.col
5.85429,10,100,0.0,0.0,0.0,0.0,0.1438,0.0,0.0,4813,4733,3,0.0,80,0.0,0.0,0.0,galaxy_a80_b10_c100_v3.col
5.21521,10,100,0.0,0.0,0.0,0.0,0.109,0.0,0.0,4467,4387,4,0.0,80,0.0,0.0,0.0,galaxy_a80_b10_c100_v4.col
5.21775,10,100,0.0,0.0,0.0,0.0,0.1155,0.0,0.0,4435,4355,5,0.0,80,0.0,0.0,0.0,galaxy_a80_b10_c100_v5.col
0.89458,10,20,0.0,0.0,0.0,0.0,0.1611,0.0,0.0,1292,1212,1,0.0,80,0.0,0.0,0.0,galaxy_a80_b10_c20_v1.col
0.65442,10,20,0.0,0.0,0.0,0.0,0.0099,0.0,0.0,1289,1209,2,0.0,80,0.0,0.0,0.0,galaxy_a80_b10_c20_v2.col
0.63477,10,20,0.0,0.0,0.0,0.0,0.0117,0.0,0.0,1271,1191,3,0.0,80,0.0,0.0,0.0,galaxy_a80_b10_c20_v3.col
0.73755,10,20,0.0,0.0,0.0,0.0,0.1221,0.0,0.0,1267,1187,4,0.0,80,0.0,0.0,0.0,galaxy_a80_b10_c20_v4.col
0.63751,10,20,0.0,0.0,0.0,0.0,0.0065,0.0,0.0,1301,1221,5,0.0,80,0.0,0.0,0.0,galaxy_a80_b10_c20_v5.col
0.87678,10,30,0.0,0.0,0.0,0.0,0.0093,0.0,0.0,1644,1564,1,0.0,80,0.0,0.0,0.0,galaxy_a80_b10_c30_v1.col
0.90231,10,30,0.0,0.0,0.0,0.0,0.0213,0.0,0.0,1613,1533,2,0.0,80,0.0,0.0,0.0,galaxy_a80_b10_c30_v2.col
1.13681,10,30,0.0,0.0,0.0,0.0,0.1528,0.0,0.0,1784,1704,3,0.0,80,0.0,0.0,0.0,galaxy_a80_b10_c30_v3.col
0.9684,10,30,0.0,0.0,0.0,0.0,0.0336,0.0,0.0,1721,1641,4,0.0,80,0.0,0.0,0.0,galaxy_a80_b10_c30_v4.col
0.82436,10,30,0.0,0.0,0.0,0.0,0.0128,0.0,0.0,1559,1479,5,0.0,80,0.0,0.0,0.0,galaxy_a80_b10_c30_v5.col
1.34865,10,40,0.0,0.0,0.0,0.0,0.1336,0.0,0.0,1982,1902,1,0.0,80,0.0,0.0,0.0,galaxy_a80_b10_c40_v1.col
1.22838,10,40,0.0,0.0,0.0,0.0,0.0107,0.0,0.0,2032,1952,2,0.0,80,0.0,0.0,0.0,galaxy_a80_b10_c40_v2.col
1.65324,10,40,0.0,0.0,0.0,0.0,0.1352,0.0,0.0,2174,2094,3,0.0,80,0.0,0.0,0.0,galaxy_a80_b10_c40_v3.col
1.18302,10,40,0.0,0.0,0.0,0.0,0.0072,0.0,0.0,1996,1916,4,0.0,80,0.0,0.0,0.0,galaxy_a80_b10_c40_v4.col
1.36004,10,40,0.0,0.0,0.0,0.0,0.0272,0.0,0.0,2127,2047,5,0.0,80,0.0,0.0,0.0,galaxy_a80_b10_c40_v5.col
1.8407,10,50,0.0,0.0,0.0,0.0,0.116,0.0,0.0,2440,2360,1,0.0,80,0.0,0.0,0.0,galaxy_a80_b10_c50_v1.col
1.72006,10,50,0.0,0.0,0.0,0.0,0.0131,0.0,0.0,2445,2365,2,0.0,80,0.0,0.0,0.0,galaxy_a80_b10_c50_v2.col
1.75918,10,50,0.0,0.0,0.0,0.0,0.1261,0.0,0.0,2337,2257,3,0.0,80,0.0,0.0,0.0,galaxy_a80_b10_c50_v3.col
1.66083,10,50,0.0,0.0,0.0,0.0,0.0039,0.0,0.0,2431,2351,4,0.0,80,0.0,0.0,0.0,galaxy_a80_b10_c50_v4.col
1.89482,10,50,0.0,0.0,0.0,0.0,0.1243,0.0,0.0,2502,2422,5,0.0,80,0.0,0.0,0.0,galaxy_a80_b10_c50_v5.col
2.38427,10,60,0.0,0.0,0.0,0.0,0.1285,0.0,0.0,2804,2724,1,0.0,80,0.0,0.0,0.0,galaxy_a80_b10_c60_v1.col
2.48248,10,60,0.0,0.0,0.0,0.0,0.012,0.0,0.0,2969,2889,2,0.0,80,0.0,0.0,0.0,galaxy_a80_b10_c60_v2.col
2.47379,10,60,0.0,0.0,0.0,0.0,0.1454,0.0,0.0,2898,2818,3,0.0,80,0.0,0.0,0.0,galaxy_a80_b10_c60_v3.col
2.15954,10,60,0.0,0.0,0.0,0.0,0.1444,0.0,0.0,2744,2664,4,0.0,80,0.0,0.0,0.0,galaxy_a80_b10_c60_v4.col
2.18574,10,60,0.0,0.0,0.0,0.0,0.1191,0.0,0.0,2754,2674,5,0.0,80,0.0,0.0,0.0,galaxy_a80_b10_c60_v5.col
2.86255,10,70,0.0,0.0,0.0,0.0,0.1222,0.0,0.0,3150,3070,1,0.0,80,0.0,0.0,0.0,galaxy_a80_b10_c70_v1.col
2.82071,10,70,0.0,0.0,0.0,0.0,0.1174,0.0,0.0,3222,3142,2,0.0,80,0.0,0.0,0.0,galaxy_a80_b10_c70_v2.col
3.17718,10,70,0.0,0.0,0.0,0.0,0.1139,0.0,0.0,3477,3397,3,0.0,80,0.0,0.0,0.0,galaxy_a80_b10_c70_v3.col
2.70127,10,70,0.0,0.0,0.0,0.0,0.1349,0.0,0.0,3070,2990,4,0.0,80,0.0,0.0,0.0,galaxy_a80_b10_c70_v4.col
2.58634,10,70,0.0,0.0,0.0,0.0,0.1342,0.0,0.0,2993,2913,5,0.0,80,0.0,0.0,0.0,galaxy_a80_b10_c70_v5.col
3.12282,10,80,0.0,0.0,0.0,0.0,0.1003,0.0,0.0,3477,3397,1,0.0,80,0.0,0.0,0.0,galaxy_a80_b10_c80_v1.col
3.99155,10,80,0.0,0.0,0.0,0.0,0.1183,0.0,0.0,3883,3803,2,0.0,80,0.0,0.0,0.0,galaxy_a80_b10_c80_v2.col
3.50938,10,80,0.0,0.0,0.0,0.0,0.1208,0.0,0.0,3614,3534,3,0.0,80,0.0,0.0,0.0,galaxy_a80_b10_c80_v3.col
3.676,10,80,0.0,0.0,0.0,0.0,0.1692,0.0,0.0,3783,3703,4,0.0,80,0.0,0.0,0.0,galaxy_a80_b10_c80_v4.col
3.24741,10,80,0.0,0.0,0.0,0.0,0.1148,0.0,0.0,3664,3584,5,0.0,80,0.0,0.0,0.0,galaxy_a80_b10_c80_v5.col
3.77824,10,90,0.0,0.0,0.0,0.0,0.1216,0.0,0.0,3822,3742,1,0.0,80,0.0,0.0,0.0,galaxy_a80_b10_c90_v1.col
4.70837,10,90,0.0,0.0,0.0,0.0,0.1846,0.0,0.0,4144,4064,2,0.0,80,0.0,0.0,0.0,galaxy_a80_b10_c90_v2.col
4.02519,10,90,0.0,0.0,0.0,0.0,0.1844,0.0,0.0,3855,3775,3,0.0,80,0.0,0.0,0.0,galaxy_a80_b10_c90_v3.col
4.5289,10,90,0.0,0.0,0.0,0.0,0.1192,0.0,0.0,4135,4055,4,0.0,80,0.0,0.0,0.0,galaxy_a80_b10_c90_v4.col
4.37617,10,90,0.0,0.0,0.0,0.0,0.1198,0.0,0.0,4120,4040,5,0.0,80,0.0,0.0,0.0,galaxy_a80_b10_c90_v5.col
6.82566,10,100,0.0,0.0,0.0,0.0,0.1366,0.0,0.0,5319,5234,1,0.0,85,0.0,0.0,0.0,galaxy_a85_b10_c100_v1.col
5.46901,10,100,0.0,0.0,0.0,0.0,0.1007,0.0,0.0,4538,4453,2,0.0,85,0.0,0.0,0.0,galaxy_a85_b10_c100_v2.col
5.49565,10,100,0.0,0.0,0.0,0.0,0.1358,0.0,0.0,4667,4582,3,0.0,85,0.0,0.0,0.0,galaxy_a85_b10_c100_v3.col
5.82503,10,100,0.0,0.0,0.0,0.0,0.1567,0.0,0.0,4702,4617,4,0.0,85,0.0,0.0,0.0,galaxy_a85_b10_c100_v4.col
5.69673,10,100,0.0,0.0,0.0,0.0,0.1713,0.0,0.0,4660,4575,5,0.0,85,0.0,0.0,0.0,galaxy_a85_b10_c100_v5.col
0.76694,10,20,0.0,0.0,0.0,0.0,0.0226,0.0,0.0,1379,1294,1,0.0,85,0.0,0.0,0.0,galaxy_a85_b10_c20_v1.col
0.7249,10,20,0.0,0.0,0.0,0.0,0.0026,0.0,0.0,1357,1272,2,0.0,85,0.0,0.0,0.0,galaxy_a85_b10_c20_v2.col
0.80812,10,20,0.0,0.0,0.0,0.0,0.1211,0.0,0.0,1361,1276,3,0.0,85,0.0,0.0,0.0,galaxy_a85_b10_c20_v3.col
0.66603,10,20,0.0,0.0,0.0,0.0,0.0053,0.0,0.0,1337,1252,4,0.0,85,0.0,0.0,0.0,galaxy_a85_b10_c20_v4.col
0.7004,10,20,0.0,0.0,0.0,0.0,0.0047,0.0,0.0,1394,1309,5,0.0,85,0.0,0.0,0.0,galaxy_a85_b10_c20_v5.col
0.97507,10,30,0.0,0.0,0.0,0.0,0.0028,0.0,0.0,1764,1679,1,0.0,85,0.0,0.0,0.0,galaxy_a85_b10_c30_v1.col
1.08741,10,30,0.0,0.0,0.0,0.0,0.1306,0.0,0.0,1725,1640,2,0.0,85,0.0,0.0,0.0,galaxy_a85_b10_c30_v2.col
1.08,10,30,0.0,0.0,0.0,0.0,0.0087,0.0,0.0,1875,1790,3,0.0,85,0.0,0.0,0.0,galaxy_a85_b10_c30_v3.col
1.299,10,30,0.0,0.0,0.0,0.0,0.1212,0.0,0.0,1957,1872,4,0.0,85,0.0,0.0,0.0,galaxy_a85_b10_c30_v4.col
1.03421,10,30,0.0,0.0,0.0,0.0,0.0038,0.0,0.0,1839,1754,5,0.0,85,0.0,0.0,0.0,galaxy_a85_b10_c30_v5.col
1.64434,10,40,0.0,0.0,0.0,0.0,0.0358,0.0,0.0,2298,2213,1,0.0,85,0.0,0.0,0.0,galaxy_a85_b10_c40_v1.col
1.58797,10,40,0.0,0.0,0.0,0.0,0.1371,0.0,0.0,2170,2085,2,0.0,85,0.0,0.0,0.0,galaxy_a85_b10_c40_v2.col
1.56987,10,40,0.0,0.0,0.0,0.0,0.0484,0.0,0.0,2263,2178,3,0.0,85,0.0,0.0,0.0,galaxy_a85_b10_c40_v3.col
1.69558,10,40,0.0,0.0,0.0,0.0,0.1289,0.0,0.0,2141,2056,4,0.0,85,0.0,0.0,0.0,galaxy_a85_b10_c40_v4.col
1.54179,10,40,0.0,0.0,0.0,0.0,0.0423,0.0,0.0,2206,2121,5,0.0,85,0.0,0.0,0.0,galaxy_a85_b10_c40_v5.col
2.64963,10,50,0.0,0.0,0.0,0.0,0.179,0.0,0.0,2827,2742,1,0.0,85,0.0,0.0,0.0,galaxy_a85_b10_c50_v1.col
1.89482,10,50,0.0,0.0,0.0,0.0,0.0128,0.0,0.0,2631,2546,2,0.0,85,0.0,0.0,0.0,galaxy_a85_b10_c50_v2.col
2.0747,10,50,0.0,0.0,0.0,0.0,0.1283,0.0,0.0,2606,2521,3,0.0,85,0.0,0.0,0.0,galaxy_a85_b10_c50_v3.col
2.046,10,50,0.0,0.0,0.0,0.0,0.1193,0.0,0.0,2537,2452,4,0.0,85,0.0,0.0,0.0,galaxy_a85_b10_c50_v4.col
1.95442,10,50,0.0,0.0,0.0,0.0,0.0107,0.0,0.0,2640,2555,5,0.0,85,0.0,0.0,0.0,galaxy_a85_b10_c50_v5.col
2.77811,10,60,0.0,0.0,0.0,0.0,0.1203,0.0,0.0,3001,2916,1,0.0,85,0.0,0.0,0.0,galaxy_a85_b10_c60_v1.col
2.54784,10,60,0.0,0.0,0.0,0.0,0.1377,0.0,0.0,2822,2737,2,0.0,85,0.0,0.0,0.0,galaxy_a85_b10_c60_v2.col
2.83715,10,60,0.0,0.0,0.0,0.0,0.1349,0.0,0.0,3082,2997,3,0.0,85,0.0,0.0,0.0,galaxy_a85_b10_c60_v3.col
2.34129,10,60,0.0,0.0,0.0,0.0,0.1352,0.0,0.0,2732,2647,4,0.0,85,0.0,0.0,0.0,galaxy_a85_b10_c60_v4.col
2.8557,10,60,0.0,0.0,0.0,0.0,0.1285,0.0,0.0,3145,3060,5,0.0,85,0.0,0.0,0.0,galaxy_a85_b10_c60_v5.col
3.16118,10,70,0.0,0.0,0.0,0.0,0.137,0.0,0.0,3352,3267,1,0.0,85,0.0,0.0,0.0,galaxy_a85_b10_c70_v1.col
3.6553,10,70,0.0,0.0,0.0,0.0,0.1196,0.0,0.0,3701,3616,2,0.0,85,0.0,0.0,0.0,galaxy_a85_b10_c70_v2.col
3.34116,10,70,0.0,0.0,0.0,0.0,0.1217,0.0,0.0,3462,3377,3,0.0,85,0.0,0.0,0.0,galaxy_a85_b10_c70_v3.col
2.89312,10,70,0.0,0.0,0.0,0.0,0.1206,0.0,0.0,3255,3170,4,0.0,85,0.0,0.0,0.0,galaxy_a85_b10_c70_v4.col
3.16981,10,70,0.0,0.0,0.0,0.0,0.1191,0.0,0.0,3369,3284,5,0.0,85,0.0,0.0,0.0,galaxy_a85_b10_c70_v5.col
4.09541,10,80,0.0,0.0,0.0,0.0,0.1172,0.0,0.0,3938,3853,1,0.0,85,0.0,0.0,0.0,galaxy_a85_b10_c80_v1.col
3.78813,10,80,0.0,0.0,0.0,0.0,0.1594,0.0,0.0,3701,3616,2,0.0,85,0.0,0.0,0.0,galaxy_a85_b10_c80_v2.col
4.05035,10,80,0.0,0.0,0.0,0.0,0.121,0.0,0.0,3980,3895,3,0.0,85,0.0,0.0,0.0,galaxy_a85_b10_c80_v3.col
3.37685,10,80,0.0,0.0,0.0,0.0,0.1073,0.0,0.0,3527,3442,4,0.0,85,0.0,0.0,0.0,galaxy_a85_b10_c80_v4.col
4.02696,10,80,0.0,0.0,0.0,0.0,0.1153,0.0,0.0,3854,3769,5,0.0,85,0.0,0.0,0.0,galaxy_a85_b10_c80_v5.col
5.5509,10,90,0.0,0.0,0.0,0.0,0.1839,0.0,0.0,4342,4257,1,0.0,85,0.0,0.0,0.0,galaxy_a85_b10_c90_v1.col
4.93031,10,90,0.0,0.0,0.0,0.0,0.1343,0.0,0.0,4351,4266,2,0.0,85,0.0,0.0,0.0,galaxy_a85_b10_c90_v2.col
5.0001,10,90,0.0,0.0,0.0,0.0,0.1289,0.0,0.0,4332,4247,3,0.0,85,0.0,0.0,0.0,galaxy_a85_b10_c90_v3.col
4.43573,10,90,0.0,0.0,0.0,0.0,0.1251,0.0,0.0,4144,4059,4,0.0,85,0.0,0.0,0.0,galaxy_a85_b10_c90_v4.col
5.3307,10,90,0.0,0.0,0.0,0.0,0.1585,0.0,0.0,4502,4417,5,0.0,85,0.0,0.0,0.0,galaxy_a85_b10_c90_v5.col
6.69879,10,100,0.0,0.0,0.0,0.0,0.1427,0.0,0.0,5144,5054,1,0.0,90,0.0,0.0,0.0,galaxy_a90_b10_c100_v1.col
6.91953,10,100,0.0,0.0,0.0,0.0,0.2187,0.0,0.0,5124,5034,2,0.0,90,0.0,0.0,0.0,galaxy_a90_b10_c100_v2.col
6.23772,10,100,0.0,0.0,0.0,0.0,0.1488,0.0,0.0,4991,4901,3,0.0,90,0.0,0.0,0.0,galaxy_a90_b10_c100_v3.col
6.96998,10,100,0.0,0.0,0.0,0.0,0.1275,0.0,0.0,5440,5350,4,0.0,90,0.0,0.0,0.0,galaxy_a90_b10_c100_v4.col
6.20931,10,100,0.0,0.0,0.0,0.0,0.159,0.0,0.0,4867,4777,5,0.0,90,0.0,0.0,0.0,galaxy_a90_b10_c100_v5.col
0.80385,10,20,0.0,0.0,0.0,0.0,0.0034,0.0,0.0,1466,1376,1,0.0,90,0.0,0.0,0.0,galaxy_a90_b10_c20_v1.col
0.90149,10,20,0.0,0.0,0.0,0.0,0.125,0.0,0.0,1437,1347,2,0.0,90,0.0,0.0,0.0,galaxy_a90_b10_c20_v2.col
0.73631,10,20,0.0,0.0,0.0,0.0,0.0024,0.0,0.0,1406,1316,3,0.0,90,0.0,0.0,0.0,galaxy_a90_b10_c20_v3.col
0.75867,10,20,0.0,0.0,0.0,0.0,0.0021,0.0,0.0,1456,1366,4,0.0,90,0.0,0.0,0.0,galaxy_a90_b10_c20_v4.col
0.76271,10,20,0.0,0.0,0.0,0.0,0.0116,0.0,0.0,1404,1314,5,0.0,90,0.0,0.0,0.0,galaxy_a90_b10_c20_v5.col
1.19076,10,30,0.0,0.0,0.0,0.0,0.0067,0.0,0.0,1929,1839,1,0.0,90,0.0,0.0,0.0,galaxy_a90_b10_c30_v1.col
1.09668,10,30,0.0,0.0,0.0,0.0,0.0055,0.0,0.0,1819,1729,2,0.0,90,0.0,0.0,0.0,galaxy_a90_b10_c30_v2.col
1.32097,10,30,0.0,0.0,0.0,0.0,0.1245,0.0,0.0,1878,1788,3,0.0,90,0.0,0.0,0.0,galaxy_a90_b10_c30_v3.col
1.09439,10,30,0.0,0.0,0.0,0.0,0.0303,0.0,0.0,1855,1765,4,0.0,90,0.0,0.0,0.0,galaxy_a90_b10_c30_v4.col
1.04839,10,30,0.0,0.0,0.0,0.0,0.0356,0.0,0.0,1780,1690,5,0.0,90,0.0,0.0,0.0,galaxy_a90_b10_c30_v5.col
1.95598,10,40,0.0,0.0,0.0,0.0,0.1142,0.0,0.0,2516,2426,1,0.0,90,0.0,0.0,0.0,galaxy_a90_b10_c40_v1.col
1.80321,10,40,0.0,0.0,0.0,0.0,0.0342,0.0,0.0,2374,2284,2,0.0,90,0.0,0.0,0.0,galaxy_a90_b10_c40_v2.col
2.02722,10,40,0.0,0.0,0.0,0.0,0.1217,0.0,0.0,2356,2266,3,0.0,90,0.0,0.0,0.0,galaxy_a90_b10_c40_v3.col
1.78604,10,40,0.0,0.0,0.0,0.0,0.0492,0.0,0.0,2422,2332,4,0.0,90,0.0,0.0,0.0,galaxy_a90_b10_c40_v4.col
2.109,10,40,0.0,0.0,0.0,0.0,0.1248,0.0,0.0,2460,2370,5,0.0,90,0.0,0.0,0.0,galaxy_a90_b10_c40_v5.col
2.6983,10,50,0.0,0.0,0.0,0.0,0.1711,0.0,0.0,2972,2882,1,0.0,90,0.0,0.0,0.0,galaxy_a90_b10_c50_v1.col
2.46435,10,50,0.0,0.0,0.0,0.0,0.1458,0.0,0.0,2839,2749,2,0.0,90,0.0,0.0,0.0,galaxy_a90_b10_c50_v2.col
2.28247,10,50,0.0,0.0,0.0,0.0,0.0102,0.0,0.0,2795,2705,3,0.0,90,0.0,0.0,0.0,galaxy_a90_b10_c50_v3.col
2.26941,10,50,0.0,0.0,0.0,0.0,0.1163,0.0,0.0,2718,2628,4,0.0,90,0.0,0.0,0.0,galaxy_a90_b10_c50_v4.col
2.2641,10,50,0.0,0.0,0.0,0.0,0.1154,0.0,0.0,2730,2640,5,0.0,90,0.0,0.0,0.0,galaxy_a90_b10_c50_v5.col
2.65622,10,60,0.0,0.0,0.0,0.0,0.0107,0.0,0.0,3107,3017,1,0.0,90,0.0,0.0,0.0,galaxy_a90_b10_c60_v1.col
2.91024,10,60,0.0,0.0,0.0,0.0,0.1251,0.0,0.0,3206,3116,2,0.0,90,0.0,0.0,0.0,galaxy_a90_b10_c60_v2.col
2.95276,10,60,0.0,0.0,0.0,0.0,0.15,0.0,0.0,3170,3080,3,0.0,90,0.0,0.0,0.0,galaxy_a90_b10_c60_v3.col
2.85843,10,60,0.0,0.0,0.0,0.0,0.1518,0.0,0.0,3167,3077,4,0.0,90,0.0,0.0,0.0,galaxy_a90_b10_c60_v4.col
3.1749,10,60,0.0,0.0,0.0,0.0,0.1142,0.0,0.0,3204,3114,5,0.0,90,0.0,0.0,0.0,galaxy_a90_b10_c60_v5.col
4.19194,10,70,0.0,0.0,0.0,0.0,0.1966,0.0,0.0,3796,3706,1,0.0,90,0.0,0.0,0.0,galaxy_a90_b10_c70_v1.col
3.65416,10,70,0.0,0.0,0.0,0.0,0.1465,0.0,0.0,3563,3473,2,0.0,90,0.0,0.0,0.0,galaxy_a90_b10_c70_v2.col
3.98315,10,70,0.0,0.0,0.0,0.0,0.1383,0.0,0.0,3862,3772,3,0.0,90,0.0,0.0,0.0,galaxy_a90_b10_c70_v3.col
3.66672,10,70,0.0,0.0,0.0,0.0,0.1291,0.0,0.0,3744,3654,4,0.0,90,0.0,0.0,0.0,galaxy_a90_b10_c70_v4.col
3.75483,10,70,0.0,0.0,0.0,0.0,0.1489,0.0,0.0,3778,3688,5,0.0,90,0.0,0.0,0.0,galaxy_a90_b10_c70_v5.col
4.06952,10,80,0.0,0.0,0.0,0.0,0.1132,0.0,0.0,3939,3849,1,0.0,90,0.0,0.0,0.0,galaxy_a90_b10_c80_v1.col
4.31616,10,80,0.0,0.0,0.0,0.0,0.1212,0.0,0.0,4010,3920,2,0.0,90,0.0,0.0,0.0,galaxy_a90_b10_c80_v2.col
4.2767,10,80,0.0,0.0,0.0,0.0,0.1214,0.0,0.0,4075,3985,3,0.0,90,0.0,0.0,0.0,galaxy_a90_b10_c80_v3.col
5.5411,10,80,0.0,0.0,0.0,0.0,0.1108,0.0,0.0,4343,4253,4,0.0,90,0.0,0.0,0.0,galaxy_a90_b10_c80_v4.col
4.52218,10,80,0.0,0.0,0.0,0.0,0.1256,0.0,0.0,4114,4024,5,0.0,90,0.0,0.0,0.0,galaxy_a90_b10_c80_v5.col
5.45247,10,90,0.0,0.0,0.0,0.0,0.1309,0.0,0.0,4650,4560,1,0.0,90,0.0,0.0,0.0,galaxy_a90_b10_c90_v1.col
5.37656,10,90,0.0,0.0,0.0,0.0,0.118,0.0,0.0,4555,4465,2,0.0,90,0.0,0.0,0.0,galaxy_a90_b10_c90_v2.col
5.06823,10,90,0.0,0.0,0.0,0.0,0.223,0.0,0.0,4319,4229,3,0.0,90,0.0,0.0,0.0,galaxy_a90_b10_c90_v3.col
5.07847,10,90,0.0,0.0,0.0,0.0,0.1068,0.0,0.0,4459,4369,4,0.0,90,0.0,0.0,0.0,galaxy_a90_b10_c90_v4.col
5.96271,10,90,0.0,0.0,0.0,0.0,0.1411,0.0,0.0,4944,4854,5,0.0,90,0.0,0.0,0.0,galaxy_a90_b10_c90_v5.col
6.82549,10,100,0.0,0.0,0.0,0.0,0.1176,0.0,0.0,5439,5344,1,0.0,95,0.0,0.0,0.0,galaxy_a95_b10_c100_v1.col
7.13463,10,100,0.0,0.0,0.0,0.0,0.1962,0.0,0.0,5431,5336,2,0.0,95,0.0,0.0,0.0,galaxy_a95_b10_c100_v2.col
6.59316,10,100,0.0,0.0,0.0,0.0,0.1526,0.0,0.0,5002,4907,3,0.0,95,0.0,0.0,0.0,galaxy_a95_b10_c100_v3.col
6.49683,10,100,0.0,0.0,0.0,0.0,0.1439,0.0,0.0,5209,5114,4,0.0,95,0.0,0.0,0.0,galaxy_a95_b10_c100_v4.col
7.32169,10,100,0.0,0.0,0.0,0.0,0.1994,0.0,0.0,5559,5464,5,0.0,95,0.0,0.0,0.0,galaxy_a95_b10_c100_v5.col
0.90395,10,20,0.0,0.0,0.0,0.0,0.0571,0.0,0.0,1488,1393,1,0.0,95,0.0,0.0,0.0,galaxy_a95_b10_c20_v1.col
0.98846,10,20,0.0,0.0,0.0,0.0,0.1191,0.0,0.0,1511,1416,2,0.0,95,0.0,0.0,0.0,galaxy_a95_b10_c20_v2.col
0.95869,10,20,0.0,0.0,0.0,0.0,0.0422,0.0,0.0,1595,1500,3,0.0,95,0.0,0.0,0.0,galaxy_a95_b10_c20_v3.col
0.87043,10,20,0.0,0.0,0.0,0.0,0.0192,0.0,0.0,1501,1406,4,0.0,95,0.0,0.0,0.0,galaxy_a95_b10_c20_v4.col
0.83972,10,20,0.0,0.0,0.0,0.0,0.0143,0.0,0.0,1503,1408,5,0.0,95,0.0,0.0,0.0,galaxy_a95_b10_c20_v5.col
1.20531,10,30,0.0,0.0,0.0,0.0,0.011,0.0,0.0,1947,1852,1,0.0,95,0.0,0.0,0.0,galaxy_a95_b10_c30_v1.col
1.25041,10,30,0.0,0.0,0.0,0.0,0.0075,0.0,0.0,1957,1862,2,0.0,95,0.0,0.0,0.0,galaxy_a95_b10_c30_v2.col
1.50906,10,30,0.0,0.0,0.0,0.0,0.1227,0.0,0.0,2069,1974,3,0.0,95,0.0,0.0,0.0,galaxy_a95_b10_c30_v3.col
1.25301,10,30,0.0,0.0,0.0,0.0,0.0041,0.0,0.0,1995,1900,4,0.0,95,0.0,0.0,0.0,galaxy_a95_b10_c30_v4.col
1.3373,10,30,0.0,0.0,0.0,0.0,0.121,0.0,0.0,1929,1834,5,0.0,95,0.0,0.0,0.0,galaxy_a95_b10_c30_v5.col
1.94346,10,40,0.0,0.0,0.0,0.0,0.0118,0.0,0.0,2588,2493,1,0.0,95,0.0,0.0,0.0,galaxy_a95_b10_c40_v1.col
2.12819,10,40,0.0,0.0,0.0,0.0,0.1196,0.0,0.0,2630,2535,2,0.0,95,0.0,0.0,0.0,galaxy_a95_b10_c40_v2.col
1.93232,10,40,0.0,0.0,0.0,0.0,0.0212,0.0,0.0,2515,2420,3,0.0,95,0.0,0.0,0.0,galaxy_a95_b10_c40_v3.col
2.26769,10,40,0.0,0.0,0.0,0.0,0.1158,0.0,0.0,2684,2589,4,0.0,95,0.0,0.0,0.0,galaxy_a95_b10_c40_v4.col
1.98597,10,40,0.0,0.0,0.0,0.0,0.0595,0.0,0.0,2521,2426,5,0.0,95,0.0,0.0,0.0,galaxy_a95_b10_c40_v5.col
2.82438,10,50,0.0,0.0,0.0,0.0,0.1503,0.0,0.0,3073,2978,1,0.0,95,0.0,0.0,0.0,galaxy_a95_b10_c50_v1.col
2.40859,10,50,0.0,0.0,0.0,0.0,0.1603,0.0,0.0,2904,2809,2,0.0,95,0.0,0.0,0.0,galaxy_a95_b10_c50_v2.col
2.57123,10,50,0.0,0.0,0.0,0.0,0.1237,0.0,0.0,3040,2945,3,0.0,95,0.0,0.0,0.0,galaxy_a95_b10_c50_v3.col
2.52667,10,50,0.0,0.0,0.0,0.0,0.1608,0.0,0.0,2771,2676,4,0.0,95,0.0,0.0,0.0,galaxy_a95_b10_c50_v4.col
2.80996,10,50,0.0,0.0,0.0,0.0,0.1225,0.0,0.0,3102,3007,5,0.0,95,0.0,0.0,0.0,galaxy_a95_b10_c50_v5.col
3.28005,10,60,0.0,0.0,0.0,0.0,0.1059,0.0,0.0,3501,3406,1,0.0,95,0.0,0.0,0.0,galaxy_a95_b10_c60_v1.col
2.90487,10,60,0.0,0.0,0.0,0.0,0.1236,0.0,0.0,3263,3168,2,0.0,95,0.0,0.0,0.0,galaxy_a95_b10_c60_v2.col
3.16718,10,60,0.0,0.0,0.0,0.0,0.1164,0.0,0.0,3480,3385,3,0.0,95,0.0,0.0,0.0,galaxy_a95_b10_c60_v3.col
3.7334,10,60,0.0,0.0,0.0,0.0,0.1239,0.0,0.0,3765,3670,4,0.0,95,0.0,0.0,0.0,galaxy_a95_b10_c60_v4.col
3.13364,10,60,0.0,0.0,0.0,0.0,0.117,0.0,0.0,3333,3238,5,0.0,95,0.0,0.0,0.0,galaxy_a95_b10_c60_v5.col
3.81113,10,70,0.0,0.0,0.0,0.0,0.1656,0.0,0.0,3744,3649,1,0.0,95,0.0,0.0,0.0,galaxy_a95_b10_c70_v1.col
4.15637,10,70,0.0,0.0,0.0,0.0,0.1845,0.0,0.0,4008,3913,2,0.0,95,0.0,0.0,0.0,galaxy_a95_b10_c70_v2.col
4.08007,10,70,0.0,0.0,0.0,0.0,0.1331,0.0,0.0,3926,3831,3,0.0,95,0.0,0.0,0.0,galaxy_a95_b10_c70_v3.col
3.89072,10,70,0.0,0.0,0.0,0.0,0.1257,0.0,0.0,3820,3725,4,0.0,95,0.0,0.0,0.0,galaxy_a95_b10_c70_v4.col
4.29964,10,70,0.0,0.0,0.0,0.0,0.1323,0.0,0.0,3971,3876,5,0.0,95,0.0,0.0,0.0,galaxy_a95_b10_c70_v5.col
5.04887,10,80,0.0,0.0,0.0,0.0,0.1334,0.0,0.0,4388,4293,1,0.0,95,0.0,0.0,0.0,galaxy_a95_b10_c80_v1.col
5.71976,10,80,0.0,0.0,0.0,0.0,0.1502,0.0,0.0,4608,4513,2,0.0,95,0.0,0.0,0.0,galaxy_a95_b10_c80_v2.col
5.9633,10,80,0.0,0.0,0.0,0.0,0.2212,0.0,0.0,4811,4716,3,0.0,95,0.0,0.0,0.0,galaxy_a95_b10_c80_v3.col
5.38772,10,80,0.0,0.0,0.0,0.0,0.1854,0.0,0.0,4644,4549,4,0.0,95,0.0,0.0,0.0,galaxy_a95_b10_c80_v4.col
4.85488,10,80,0.0,0.0,0.0,0.0,0.1367,0.0,0.0,4220,4125,5,0.0,95,0.0,0.0,0.0,galaxy_a95_b10_c80_v5.col
6.30816,10,90,0.0,0.0,0.0,0.0,0.2316,0.0,0.0,4894,4799,1,0.0,95,0.0,0.0,0.0,galaxy_a95_b10_c90_v1.col
6.11327,10,90,0.0,0.0,0.0,0.0,0.1885,0.0,0.0,4746,4651,2,0.0,95,0.0,0.0,0.0,galaxy_a95_b10_c90_v2.col
5.93771,10,90,0.0,0.0,0.0,0.0,0.1604,0.0,0.0,4911,4816,3,0.0,95,0.0,0.0,0.0,galaxy_a95_b10_c90_v3.col
6.09125,10,90,0.0,0.0,0.0,0.0,0.1516,0.0,0.0,4867,4772,4,0.0,95,0.0,0.0,0.0,galaxy_a95_b10_c90_v4.col
6.11554,10,90,0.0,0.0,0.0,0.0,0.1109,0.0,0.0,4983,4888,5,0.0,95,0.0,0.0,0.0,galaxy_a95_b10_c90_v5.col
