b,c,mean_time,se_time,N,M,v,mean_chi,a,instancia,se_chi
10,100,0.60004,0.5944,31,30,1,31.0,1,galaxy_a01_b10_c100_v1.col,0.0
10,100,0.01971,0.0003,80,79,2,80.0,1,galaxy_a01_b10_c100_v2.col,0.0
10,100,0.02368,0.0002,98,97,3,98.0,1,galaxy_a01_b10_c100_v3.col,0.0
10,100,0.00337,0.0001,22,21,4,22.0,1,galaxy_a01_b10_c100_v4.col,0.0
10,100,0.0108,0.0002,52,51,5,52.0,1,galaxy_a01_b10_c100_v5.col,0.0
10,20,0.00325,0.0001,19,18,1,19.0,1,galaxy_a01_b10_c20_v1.col,0.0
10,20,0.00266,0.0001,15,14,2,15.0,1,galaxy_a01_b10_c20_v2.col,0.0
10,20,0.00175,0.0001,11,10,3,11.0,1,galaxy_a01_b10_c20_v3.col,0.0
10,20,0.00251,0.0001,14,13,4,14.0,1,galaxy_a01_b10_c20_v4.col,0.0
10,20,0.0027,0.0001,15,14,5,15.0,1,galaxy_a01_b10_c20_v5.col,0.0
10,30,0.00283,0.0001,16,15,1,16.0,1,galaxy_a01_b10_c30_v1.col,0.0
10,30,0.00238,0.0001,13,12,2,13.0,1,galaxy_a01_b10_c30_v2.col,0.0
10,30,0.00463,0.0001,27,26,3,27.0,1,galaxy_a01_b10_c30_v3.col,0.0
10,30,0.00341,0.0001,20,19,4,20.0,1,galaxy_a01_b10_c30_v4.col,0.0
10,30,0.00332,0.0001,21,20,5,21.0,1,galaxy_a01_b10_c30_v5.col,0.0
10,40,0.00586,0.0002,33,32,1,33.0,1,galaxy_a01_b10_c40_v1.col,0.0
10,40,0.00309,0.0001,18,17,2,18.0,1,galaxy_a01_b10_c40_v2.col,0.0
10,40,0.00592,0.0001,34,33,3,34.0,1,galaxy_a01_b10_c40_v3.col,0.0
10,40,0.00396,0.0001,23,22,4,23.0,1,galaxy_a01_b10_c40_v4.col,0.0
10,40,0.00581,0.0001,32,31,5,32.0,1,galaxy_a01_b10_c40_v5.col,0.0
10,50,0.0023,0.0,12,11,1,12.0,1,galaxy_a01_b10_c50_v1.col,0.0
10,50,0.00184,0.0001,11,10,2,11.0,1,galaxy_a01_b10_c50_v2.col,0.0
10,50,0.00512,0.0001,29,28,3,29.0,1,galaxy_a01_b10_c50_v3.col,0.0
10,50,0.00673,0.0001,37,36,4,37.0,1,galaxy_a01_b10_c50_v4.col,0.0
10,50,0.00562,0.0001,31,30,5,31.0,1,galaxy_a01_b10_c50_v5.col,0.0
10,60,0.00275,0.0001,15,14,1,15.0,1,galaxy_a01_b10_c60_v1.col,0.0
10,60,0.00747,0.0001,40,39,2,40.0,1,galaxy_a01_b10_c60_v2.col,0.0
10,60,0.00325,0.0001,18,17,3,18.0,1,galaxy_a01_b10_c60_v3.col,0.0
10,60,0.02545,0.0226,18,17,4,18.0,1,galaxy_a01_b10_c60_v4.col,0.0
10,60,0.01355,0.0023,55,54,5,55.0,1,galaxy_a01_b10_c60_v5.col,0.0
10,70,0.00499,0.0001,33,32,1,33.0,1,galaxy_a01_b10_c70_v1.col,0.0
10,70,0.00282,0.0,19,18,2,19.0,1,galaxy_a01_b10_c70_v2.col,0.0
10,70,0.01508,0.0001,71,70,3,71.0,1,galaxy_a01_b10_c70_v3.col,0.0
10,70,0.00359,0.0001,24,23,4,24.0,1,galaxy_a01_b10_c70_v4.col,0.0
10,70,0.00721,0.0001,43,42,5,43.0,1,galaxy_a01_b10_c70_v5.col,0.0
10,80,0.00631,0.0001,39,38,1,39.0,1,galaxy_a01_b10_c80_v1.col,0.0
10,80,0.01657,0.0001,75,74,2,75.0,1,galaxy_a01_b10_c80_v2.col,0.0
10,80,0.01381,0.0,64,63,3,64.0,1,galaxy_a01_b10_c80_v3.col,0.0
10,80,0.03067,0.0037,81,80,4,81.0,1,galaxy_a01_b10_c80_v4.col,0.0
10,80,0.00221,0.0001,15,14,5,15.0,1,galaxy_a01_b10_c80_v5.col,0.0
10,90,0.00375,0.0001,26,25,1,26.0,1,galaxy_a01_b10_c90_v1.col,0.0
10,90,0.01674,0.0001,79,78,2,79.0,1,galaxy_a01_b10_c90_v2.col,0.0
10,90,0.01016,0.0001,54,53,3,54.0,1,galaxy_a01_b10_c90_v3.col,0.0
10,90,0.01572,0.0001,77,76,4,77.0,1,galaxy_a01_b10_c90_v4.col,0.0
10,90,0.01389,0.0002,69,68,5,69.0,1,galaxy_a01_b10_c90_v5.col,0.0
10,100,0.06159,0.0044,245,240,1,74.0,5,galaxy_a05_b10_c100_v1.col,0.0
10,100,0.09056,0.0023,318,313,2,91.0,5,galaxy_a05_b10_c100_v2.col,0.0
10,100,0.09113,0.01,304,299,3,93.0,5,galaxy_a05_b10_c100_v3.col,0.0
10,100,0.03936,0.0012,179,174,4,67.0,5,galaxy_a05_b10_c100_v4.col,0.0
10,100,0.06321,0.0007,251,246,5,77.0,5,galaxy_a05_b10_c100_v5.col,0.0
10,20,0.01006,0.0007,63,58,1,18.0,5,galaxy_a05_b10_c20_v1.col,0.0
10,20,0.01328,0.0006,81,76,2,20.0,5,galaxy_a05_b10_c20_v2.col,0.0
10,20,0.01268,0.0007,81,76,3,19.0,5,galaxy_a05_b10_c20_v3.col,0.0
10,20,0.01048,0.0007,68,63,4,19.0,5,galaxy_a05_b10_c20_v4.col,0.0
10,20,0.01256,0.0007,80,75,5,20.0,5,galaxy_a05_b10_c20_v5.col,0.0
10,30,0.01779,0.0007,108,103,1,31.0,5,galaxy_a05_b10_c30_v1.col,0.0
10,30,0.01846,0.0007,111,106,2,31.0,5,galaxy_a05_b10_c30_v2.col,0.0
10,30,0.01759,0.0007,108,103,3,27.0,5,galaxy_a05_b10_c30_v3.col,0.0
10,30,0.01553,0.0007,96,91,4,29.0,5,galaxy_a05_b10_c30_v4.col,0.0
10,30,0.01709,0.0009,102,97,5,31.0,5,galaxy_a05_b10_c30_v5.col,0.0
10,40,0.02702,0.0007,149,144,1,40.0,5,galaxy_a05_b10_c40_v1.col,0.0
10,40,0.03136,0.0008,161,156,2,41.0,5,galaxy_a05_b10_c40_v2.col,0.0
10,40,0.02644,0.0011,142,137,3,40.0,5,galaxy_a05_b10_c40_v3.col,0.0
10,40,0.01946,0.0007,118,113,4,32.0,5,galaxy_a05_b10_c40_v4.col,0.0
10,40,0.03071,0.0009,162,157,5,42.0,5,galaxy_a05_b10_c40_v5.col,0.0
10,50,0.03306,0.0008,165,160,1,48.0,5,galaxy_a05_b10_c50_v1.col,0.0
10,50,0.0228,0.0008,130,125,2,35.0,5,galaxy_a05_b10_c50_v2.col,0.0
10,50,0.02822,0.0007,150,145,3,51.0,5,galaxy_a05_b10_c50_v3.col,0.0
10,50,0.03924,0.0062,156,151,4,45.0,5,galaxy_a05_b10_c50_v4.col,0.0
10,50,0.02846,0.0009,150,145,5,41.0,5,galaxy_a05_b10_c50_v5.col,0.0
10,60,0.03138,0.0008,158,153,1,47.0,5,galaxy_a05_b10_c60_v1.col,0.0
10,60,0.03619,0.0038,166,161,2,41.0,5,galaxy_a05_b10_c60_v2.col,0.0
10,60,0.05806,0.0093,216,211,3,61.0,5,galaxy_a05_b10_c60_v3.col,0.0
10,60,0.05153,0.0011,222,217,4,60.0,5,galaxy_a05_b10_c60_v4.col,0.0
10,60,0.0288,0.0009,147,142,5,58.0,5,galaxy_a05_b10_c60_v5.col,0.0
10,70,0.06214,0.0088,190,185,1,67.0,5,galaxy_a05_b10_c70_v1.col,0.0
10,70,0.03743,0.0022,166,161,2,70.0,5,galaxy_a05_b10_c70_v2.col,0.0
10,70,0.06772,0.0077,178,173,3,67.0,5,galaxy_a05_b10_c70_v3.col,0.0
10,70,0.06542,0.0009,264,259,4,68.0,5,galaxy_a05_b10_c70_v4.col,0.0
10,70,0.06453,0.001,265,260,5,67.0,5,galaxy_a05_b10_c70_v5.col,0.0
10,80,0.06399,0.0008,261,256,1,66.0,5,galaxy_a05_b10_c80_v1.col,0.0
10,80,0.03451,0.0008,165,160,2,75.0,5,galaxy_a05_b10_c80_v2.col,0.0
10,80,0.05048,0.0007,217,212,3,67.0,5,galaxy_a05_b10_c80_v3.col,0.0
10,80,0.05874,0.0007,237,232,4,81.0,5,galaxy_a05_b10_c80_v4.col,0.0
10,80,0.08062,0.0117,204,199,5,63.0,5,galaxy_a05_b10_c80_v5.col,0.0
10,90,0.07113,0.0104,239,234,1,88.0,5,galaxy_a05_b10_c90_v1.col,0.0
10,90,0.09421,0.0075,312,307,2,90.0,5,galaxy_a05_b10_c90_v2.col,0.0
10,90,0.06212,0.0016,252,247,3,69.0,5,galaxy_a05_b10_c90_v3.col,0.0
10,90,0.06146,0.0105,221,216,4,78.0,5,galaxy_a05_b10_c90_v4.col,0.0
10,90,0.07103,0.0042,254,249,5,90.0,5,galaxy_a05_b10_c90_v5.col,0.0
10,100,7.96283,0.2058,5804,5704,1,159.8,100,galaxy_a100_b10_c100_v1.col,1.5297
10,100,7.5648,0.1848,5555,5455,2,153.4,100,galaxy_a100_b10_c100_v2.col,1.631
10,100,7.82691,0.1428,5712,5612,3,158.6,100,galaxy_a100_b10_c100_v3.col,0.4
10,100,8.41299,0.227,5713,5613,4,157.8,100,galaxy_a100_b10_c100_v4.col,1.0677
10,100,9.1823,0.1806,6255,6155,5,165.2,100,galaxy_a100_b10_c100_v5.col,1.772
10,20,0.92446,0.0054,1608,1508,1,116.0,100,galaxy_a100_b10_c20_v1.col,1.6432
10,20,0.96514,0.0041,1614,1514,2,117.6,100,galaxy_a100_b10_c20_v2.col,2.6758
10,20,1.05754,0.143,1561,1461,3,116.0,100,galaxy_a100_b10_c20_v3.col,1.3416
10,20,0.96361,0.006,1660,1560,4,117.2,100,galaxy_a100_b10_c20_v4.col,2.2672
10,20,0.90506,0.003,1571,1471,5,116.4,100,galaxy_a100_b10_c20_v5.col,1.631
10,30,1.43353,0.1204,2041,1941,1,116.8,100,galaxy_a100_b10_c30_v1.col,0.5831
10,30,1.56036,0.0543,2092,1992,2,115.6,100,galaxy_a100_b10_c30_v2.col,0.6782
10,30,1.63621,0.1263,2188,2088,3,117.2,100,galaxy_a100_b10_c30_v3.col,1.2806
10,30,1.28471,0.0033,2001,1901,4,119.6,100,galaxy_a100_b10_c30_v4.col,2.358
10,30,1.4104,0.127,1985,1885,5,114.4,100,galaxy_a100_b10_c30_v5.col,1.077
10,40,1.97754,0.0196,2631,2531,1,122.8,100,galaxy_a100_b10_c40_v1.col,1.0677
10,40,2.36211,0.1401,2674,2574,2,125.0,100,galaxy_a100_b10_c40_v2.col,1.0
10,40,1.87791,0.0199,2496,2396,3,122.6,100,galaxy_a100_b10_c40_v3.col,1.1225
10,40,1.99627,0.1356,2400,2300,4,119.2,100,galaxy_a100_b10_c40_v4.col,1.1576
10,40,2.14993,0.0526,2555,2455,5,123.8,100,galaxy_a100_b10_c40_v5.col,1.1136
10,50,2.83206,0.1049,2995,2895,1,125.0,100,galaxy_a100_b10_c50_v1.col,0.8944
10,50,2.9254,0.1636,3021,2921,2,125.2,100,galaxy_a100_b10_c50_v2.col,1.0677
10,50,2.7563,0.1284,3012,2912,3,127.4,100,galaxy_a100_b10_c50_v3.col,0.7483
10,50,2.97273,0.1271,3256,3156,4,128.0,100,galaxy_a100_b10_c50_v4.col,1.2649
10,50,3.12982,0.1491,3075,2975,5,122.6,100,galaxy_a100_b10_c50_v5.col,1.7776
10,60,3.18168,0.1123,3448,3348,1,130.6,100,galaxy_a100_b10_c60_v1.col,0.6782
10,60,3.47072,0.1271,3563,3463,2,131.8,100,galaxy_a100_b10_c60_v2.col,2.0347
10,60,3.60944,0.1462,3582,3482,3,131.8,100,galaxy_a100_b10_c60_v3.col,1.0677
10,60,3.38059,0.1231,3518,3418,4,129.8,100,galaxy_a100_b10_c60_v4.col,1.1576
10,60,3.63363,0.1177,3714,3614,5,132.4,100,galaxy_a100_b10_c60_v5.col,1.4697
10,70,4.08036,0.1206,3990,3890,1,135.8,100,galaxy_a100_b10_c70_v1.col,1.0677
10,70,4.61297,0.1516,4165,4065,2,137.2,100,galaxy_a100_b10_c70_v2.col,2.1772
10,70,4.85333,0.1413,4326,4226,3,136.4,100,galaxy_a100_b10_c70_v3.col,1.4697
10,70,4.83842,0.1187,4240,4140,4,139.6,100,galaxy_a100_b10_c70_v4.col,0.5099
10,70,4.19159,0.1166,3969,3869,5,138.4,100,galaxy_a100_b10_c70_v5.col,0.6782
10,80,5.64857,0.1753,4490,4390,1,145.0,100,galaxy_a100_b10_c80_v1.col,1.3784
10,80,6.71296,0.1348,4929,4829,2,148.8,100,galaxy_a100_b10_c80_v2.col,0.3742
10,80,6.12963,0.2164,4785,4685,3,147.2,100,galaxy_a100_b10_c80_v3.col,1.0198
10,80,5.85754,0.1558,4712,4612,4,145.2,100,galaxy_a100_b10_c80_v4.col,1.3191
10,80,5.22203,0.1188,4537,4437,5,143.2,100,galaxy_a100_b10_c80_v5.col,1.7146
10,90,6.59002,0.1414,5110,5010,1,146.2,100,galaxy_a100_b10_c90_v1.col,1.6248
10,90,7.27172,0.1061,5347,5247,2,154.4,100,galaxy_a100_b10_c90_v2.col,1.4697
10,90,7.77087,0.1964,5523,5423,3,155.8,100,galaxy_a100_b10_c90_v3.col,1.3928
10,90,7.06982,0.1534,5349,5249,4,152.4,100,galaxy_a100_b10_c90_v4.col,1.2083
10,90,7.15465,0.1241,5416,5316,5,151.6,100,galaxy_a100_b10_c90_v5.col,1.2884
10,100,0.16283,0.001,510,500,1,94.0,10,galaxy_a10_b10_c100_v1.col,0.0
10,100,0.36256,0.1234,650,640,2,97.0,10,galaxy_a10_b10_c100_v2.col,0.0
10,100,0.20058,0.0016,600,590,3,98.0,10,galaxy_a10_b10_c100_v3.col,0.0
10,100,0.26473,0.018,601,591,4,101.0,10,galaxy_a10_b10_c100_v4.col,0.0
10,100,0.17923,0.0168,545,535,5,88.0,10,galaxy_a10_b10_c100_v5.col,0.0
10,20,0.04567,0.005,164,154,1,22.6,10,galaxy_a10_b10_c20_v1.col,0.2449
10,20,0.03148,0.0029,159,149,2,22.4,10,galaxy_a10_b10_c20_v2.col,0.2449
10,20,0.0437,0.0068,160,150,3,22.8,10,galaxy_a10_b10_c20_v3.col,0.2
10,20,0.03352,0.0059,147,137,4,21.0,10,galaxy_a10_b10_c20_v4.col,0.0
10,20,0.03281,0.0037,167,157,5,23.2,10,galaxy_a10_b10_c20_v5.col,0.2
10,30,0.0537,0.007,218,208,1,29.0,10,galaxy_a10_b10_c30_v1.col,0.0
10,30,0.04513,0.0008,222,212,2,31.2,10,galaxy_a10_b10_c30_v2.col,0.2
10,30,0.04677,0.0057,208,198,3,27.4,10,galaxy_a10_b10_c30_v3.col,0.2449
10,30,0.04213,0.0038,196,186,4,28.2,10,galaxy_a10_b10_c30_v4.col,0.2
10,30,0.04286,0.0008,212,202,5,31.0,10,galaxy_a10_b10_c30_v5.col,0.0
10,40,0.05155,0.0009,245,235,1,37.0,10,galaxy_a10_b10_c40_v1.col,0.0
10,40,0.05934,0.0055,246,236,2,39.0,10,galaxy_a10_b10_c40_v2.col,0.0
10,40,0.08936,0.0126,279,269,3,41.0,10,galaxy_a10_b10_c40_v3.col,0.0
10,40,0.06817,0.0121,259,249,4,38.0,10,galaxy_a10_b10_c40_v4.col,0.0
10,40,0.06638,0.0046,262,252,5,41.0,10,galaxy_a10_b10_c40_v5.col,0.0
10,50,0.10634,0.0122,337,327,1,51.0,10,galaxy_a10_b10_c50_v1.col,0.0
10,50,0.09876,0.008,376,366,2,50.0,10,galaxy_a10_b10_c50_v2.col,0.0
10,50,0.11204,0.0133,351,341,3,49.2,10,galaxy_a10_b10_c50_v3.col,0.2
10,50,0.07235,0.0074,286,276,4,48.0,10,galaxy_a10_b10_c50_v4.col,0.0
10,50,0.07688,0.001,320,310,5,51.0,10,galaxy_a10_b10_c50_v5.col,0.0
10,60,0.09416,0.0071,360,350,1,61.0,10,galaxy_a10_b10_c60_v1.col,0.0
10,60,0.06126,0.0036,261,251,2,51.0,10,galaxy_a10_b10_c60_v2.col,0.0
10,60,0.09225,0.0104,259,249,3,53.0,10,galaxy_a10_b10_c60_v3.col,0.0
10,60,0.10839,0.0023,402,392,4,59.0,10,galaxy_a10_b10_c60_v4.col,0.0
10,60,0.08486,0.0008,341,331,5,59.0,10,galaxy_a10_b10_c60_v5.col,0.0
10,70,0.16408,0.0233,458,448,1,61.6,10,galaxy_a10_b10_c70_v1.col,0.2449
10,70,0.14563,0.0014,492,482,2,65.0,10,galaxy_a10_b10_c70_v2.col,0.0
10,70,0.15027,0.016,447,437,3,72.0,10,galaxy_a10_b10_c70_v3.col,0.0
10,70,0.11652,0.0027,430,420,4,69.0,10,galaxy_a10_b10_c70_v4.col,0.0
10,70,0.12522,0.0009,456,446,5,69.0,10,galaxy_a10_b10_c70_v5.col,0.0
10,80,0.15255,0.0083,469,459,1,77.0,10,galaxy_a10_b10_c80_v1.col,0.0
10,80,0.19473,0.0095,519,509,2,79.0,10,galaxy_a10_b10_c80_v2.col,0.0
10,80,0.20199,0.0088,575,565,3,82.0,10,galaxy_a10_b10_c80_v3.col,0.0
10,80,0.13233,0.0092,435,425,4,75.0,10,galaxy_a10_b10_c80_v4.col,0.0
10,80,0.11552,0.0011,424,414,5,77.0,10,galaxy_a10_b10_c80_v5.col,0.0
10,90,0.17389,0.0006,550,540,1,90.0,10,galaxy_a10_b10_c90_v1.col,0.0
10,90,0.20848,0.0033,618,608,2,85.0,10,galaxy_a10_b10_c90_v2.col,0.0
10,90,0.12084,0.0015,438,428,3,71.0,10,galaxy_a10_b10_c90_v3.col,0.0
10,90,0.1389,0.0009,475,465,4,89.0,10,galaxy_a10_b10_c90_v4.col,0.0
10,90,0.19427,0.0012,593,583,5,87.0,10,galaxy_a10_b10_c90_v5.col,0.0
10,100,0.39263,0.0206,876,861,1,94.0,15,galaxy_a15_b10_c100_v1.col,0.0
10,100,0.49852,0.171,750,735,2,100.0,15,galaxy_a15_b10_c100_v2.col,0.0
10,100,0.39199,0.0184,939,924,3,102.0,15,galaxy_a15_b10_c100_v3.col,0.0
10,100,0.28796,0.0083,774,759,4,90.0,15,galaxy_a15_b10_c100_v4.col,0.0
10,100,0.33438,0.0113,783,768,5,99.0,15,galaxy_a15_b10_c100_v5.col,0.0
10,20,0.06285,0.0092,251,236,1,27.4,15,galaxy_a15_b10_c20_v1.col,0.2449
10,20,0.05458,0.0007,265,250,2,29.0,15,galaxy_a15_b10_c20_v2.col,0.0
10,20,0.04748,0.0007,239,224,3,26.6,15,galaxy_a15_b10_c20_v3.col,0.2449
10,20,0.04474,0.0006,232,217,4,25.8,15,galaxy_a15_b10_c20_v4.col,0.2
10,20,0.04833,0.0008,248,233,5,28.0,15,galaxy_a15_b10_c20_v5.col,0.0
10,30,0.06944,0.0045,305,290,1,32.0,15,galaxy_a15_b10_c30_v1.col,0.3162
10,30,0.06505,0.0008,308,293,2,31.4,15,galaxy_a15_b10_c30_v2.col,0.2449
10,30,0.06867,0.0008,319,304,3,32.4,15,galaxy_a15_b10_c30_v3.col,0.2449
10,30,0.06803,0.0034,300,285,4,31.2,15,galaxy_a15_b10_c30_v4.col,0.2
10,30,0.07577,0.0008,345,330,5,34.2,15,galaxy_a15_b10_c30_v5.col,0.3742
10,40,0.13037,0.0185,423,408,1,41.4,15,galaxy_a15_b10_c40_v1.col,0.2449
10,40,0.109,0.0005,435,420,2,43.4,15,galaxy_a15_b10_c40_v2.col,0.2449
10,40,0.08523,0.0013,358,343,3,41.0,15,galaxy_a15_b10_c40_v3.col,0.0
10,40,0.08044,0.0029,341,326,4,38.0,15,galaxy_a15_b10_c40_v4.col,0.0
10,40,0.08393,0.0008,360,345,5,39.6,15,galaxy_a15_b10_c40_v5.col,0.2449
10,50,0.12347,0.0029,461,446,1,48.0,15,galaxy_a15_b10_c50_v1.col,0.0
10,50,0.13961,0.0133,465,450,2,50.0,15,galaxy_a15_b10_c50_v2.col,0.0
10,50,0.17997,0.0142,546,531,3,51.0,15,galaxy_a15_b10_c50_v3.col,0.0
10,50,0.10465,0.0083,372,357,4,49.0,15,galaxy_a15_b10_c50_v4.col,0.0
10,50,0.15549,0.0116,497,482,5,51.2,15,galaxy_a15_b10_c50_v5.col,0.2
10,60,0.22251,0.0223,599,584,1,59.6,15,galaxy_a15_b10_c60_v1.col,0.2449
10,60,0.21593,0.0189,580,565,2,61.0,15,galaxy_a15_b10_c60_v2.col,0.0
10,60,0.17599,0.0191,510,495,3,60.0,15,galaxy_a15_b10_c60_v3.col,0.0
10,60,0.14738,0.0084,509,494,4,56.0,15,galaxy_a15_b10_c60_v4.col,0.0
10,60,0.17742,0.0144,537,522,5,60.0,15,galaxy_a15_b10_c60_v5.col,0.0
10,70,0.13214,0.0004,487,472,1,67.0,15,galaxy_a15_b10_c70_v1.col,0.0
10,70,0.15272,0.0007,547,532,2,62.0,15,galaxy_a15_b10_c70_v2.col,0.0
10,70,0.21962,0.0349,590,575,3,59.0,15,galaxy_a15_b10_c70_v3.col,0.0
10,70,0.42935,0.1566,674,659,4,71.0,15,galaxy_a15_b10_c70_v4.col,0.0
10,70,0.26912,0.0101,712,697,5,70.0,15,galaxy_a15_b10_c70_v5.col,0.0
10,80,0.18684,0.014,551,536,1,74.0,15,galaxy_a15_b10_c80_v1.col,0.0
10,80,0.22779,0.0016,694,679,2,76.0,15,galaxy_a15_b10_c80_v2.col,0.0
10,80,0.19796,0.0126,589,574,3,80.0,15,galaxy_a15_b10_c80_v3.col,0.0
10,80,0.24819,0.0234,657,642,4,78.0,15,galaxy_a15_b10_c80_v4.col,0.0
10,80,0.32997,0.0089,832,817,5,81.6,15,galaxy_a15_b10_c80_v5.col,0.2449
10,90,0.25732,0.0105,705,690,1,85.0,15,galaxy_a15_b10_c90_v1.col,0.0
10,90,0.36394,0.0216,820,805,2,89.0,15,galaxy_a15_b10_c90_v2.col,0.0
10,90,0.3802,0.1042,782,767,3,83.0,15,galaxy_a15_b10_c90_v3.col,0.0
10,90,0.26799,0.0211,711,696,4,91.0,15,galaxy_a15_b10_c90_v4.col,0.0
10,90,0.21948,0.0017,666,651,5,91.0,15,galaxy_a15_b10_c90_v5.col,0.0
10,100,0.43491,0.008,1027,1007,1,95.0,20,galaxy_a20_b10_c100_v1.col,0.0
10,100,0.54053,0.0036,1192,1172,2,94.4,20,galaxy_a20_b10_c100_v2.col,0.2449
10,100,0.62808,0.1408,1059,1039,3,99.0,20,galaxy_a20_b10_c100_v3.col,0.0
10,100,0.49716,0.0193,1104,1084,4,94.0,20,galaxy_a20_b10_c100_v4.col,0.0
10,100,0.58853,0.0307,1189,1169,5,99.0,20,galaxy_a20_b10_c100_v5.col,0.0
10,20,0.08416,0.0135,289,269,1,30.2,20,galaxy_a20_b10_c20_v1.col,0.2
10,20,0.0725,0.0002,327,307,2,32.2,20,galaxy_a20_b10_c20_v2.col,0.2
10,20,0.0938,0.016,318,298,3,31.6,20,galaxy_a20_b10_c20_v3.col,0.2449
10,20,0.07114,0.0035,309,289,4,31.0,20,galaxy_a20_b10_c20_v4.col,0.0
10,20,0.07188,0.0006,318,298,5,31.2,20,galaxy_a20_b10_c20_v5.col,0.2
10,30,0.09915,0.0057,391,371,1,34.4,20,galaxy_a20_b10_c30_v1.col,0.2449
10,30,0.1152,0.001,448,428,2,38.2,20,galaxy_a20_b10_c30_v2.col,0.3742
10,30,0.10835,0.0008,433,413,3,38.0,20,galaxy_a20_b10_c30_v3.col,0.4472
10,30,0.10604,0.0006,429,409,4,37.0,20,galaxy_a20_b10_c30_v4.col,0.3162
10,30,0.1072,0.0009,427,407,5,37.4,20,galaxy_a20_b10_c30_v5.col,0.2449
10,40,0.16717,0.0014,595,575,1,46.8,20,galaxy_a20_b10_c40_v1.col,0.3742
10,40,0.16196,0.0008,580,560,2,44.8,20,galaxy_a20_b10_c40_v2.col,0.3742
10,40,0.13722,0.0046,503,483,3,43.2,20,galaxy_a20_b10_c40_v3.col,0.2
10,40,0.11955,0.006,483,463,4,42.0,20,galaxy_a20_b10_c40_v4.col,0.4472
10,40,0.16448,0.0099,545,525,5,45.2,20,galaxy_a20_b10_c40_v5.col,0.3742
10,50,0.20084,0.0183,621,601,1,50.8,20,galaxy_a20_b10_c50_v1.col,0.3742
10,50,0.36542,0.1407,674,654,2,53.6,20,galaxy_a20_b10_c50_v2.col,0.2449
10,50,0.23088,0.0054,710,690,3,54.4,20,galaxy_a20_b10_c50_v3.col,0.4
10,50,0.16806,0.0031,589,569,4,51.4,20,galaxy_a20_b10_c50_v4.col,0.2449
10,50,0.23241,0.0291,643,623,5,53.0,20,galaxy_a20_b10_c50_v5.col,0.3162
10,60,0.29618,0.0014,845,825,1,61.8,20,galaxy_a20_b10_c60_v1.col,0.4899
10,60,0.25168,0.0171,688,668,2,58.0,20,galaxy_a20_b10_c60_v2.col,0.0
10,60,0.27214,0.0157,755,735,3,61.4,20,galaxy_a20_b10_c60_v3.col,0.2449
10,60,0.25309,0.0049,743,723,4,58.6,20,galaxy_a20_b10_c60_v4.col,0.2449
10,60,0.40516,0.1509,678,658,5,60.0,20,galaxy_a20_b10_c60_v5.col,0.0
10,70,0.32115,0.0106,863,843,1,71.0,20,galaxy_a20_b10_c70_v1.col,0.0
10,70,0.18704,0.0029,624,604,2,55.2,20,galaxy_a20_b10_c70_v2.col,0.2
10,70,0.28933,0.001,825,805,3,66.0,20,galaxy_a20_b10_c70_v3.col,0.0
10,70,0.28369,0.001,818,798,4,64.2,20,galaxy_a20_b10_c70_v4.col,0.2
10,70,0.2892,0.0031,819,799,5,63.8,20,galaxy_a20_b10_c70_v5.col,0.2
10,80,0.47431,0.1047,923,903,1,78.0,20,galaxy_a20_b10_c80_v1.col,0.0
10,80,0.34845,0.0068,918,898,2,78.0,20,galaxy_a20_b10_c80_v2.col,0.0
10,80,0.44815,0.0269,1028,1008,3,78.4,20,galaxy_a20_b10_c80_v3.col,0.2449
10,80,0.33602,0.0205,867,847,4,81.0,20,galaxy_a20_b10_c80_v4.col,0.0
10,80,0.40343,0.0121,999,979,5,75.0,20,galaxy_a20_b10_c80_v5.col,0.0
10,90,0.48399,0.0231,1013,993,1,86.0,20,galaxy_a20_b10_c90_v1.col,0.0
10,90,0.60509,0.1382,1017,997,2,91.0,20,galaxy_a20_b10_c90_v2.col,0.0
10,90,0.34863,0.0048,841,821,3,87.0,20,galaxy_a20_b10_c90_v3.col,0.0
10,90,0.4719,0.0016,1028,1008,4,85.0,20,galaxy_a20_b10_c90_v4.col,0.0
10,90,0.44428,0.0041,1063,1043,5,88.0,20,galaxy_a20_b10_c90_v5.col,0.0
10,100,0.8845,0.1504,1373,1348,1,99.0,25,galaxy_a25_b10_c100_v1.col,0.0
10,100,0.76022,0.0071,1480,1455,2,98.0,25,galaxy_a25_b10_c100_v2.col,0.0
10,100,0.86514,0.0046,1574,1549,3,101.2,25,galaxy_a25_b10_c100_v3.col,0.2
10,100,0.91679,0.0047,1630,1605,4,101.0,25,galaxy_a25_b10_c100_v4.col,0.0
10,100,0.88792,0.106,1456,1431,5,97.0,25,galaxy_a25_b10_c100_v5.col,0.0
10,20,0.11096,0.0154,387,362,1,36.0,25,galaxy_a25_b10_c20_v1.col,0.0
10,20,0.10009,0.007,398,373,2,36.0,25,galaxy_a25_b10_c20_v2.col,0.3162
10,20,0.09842,0.0091,403,378,3,36.4,25,galaxy_a25_b10_c20_v3.col,0.4
10,20,0.09052,0.0084,372,347,4,35.2,25,galaxy_a25_b10_c20_v4.col,0.2
10,20,0.09407,0.0027,398,373,5,35.8,25,galaxy_a25_b10_c20_v5.col,0.2
10,30,0.14988,0.0021,557,532,1,42.2,25,galaxy_a25_b10_c30_v1.col,0.6633
10,30,0.18558,0.0136,544,519,2,41.8,25,galaxy_a25_b10_c30_v2.col,0.2
10,30,0.13346,0.0008,513,488,3,40.0,25,galaxy_a25_b10_c30_v3.col,0.3162
10,30,0.15263,0.0067,525,500,4,41.2,25,galaxy_a25_b10_c30_v4.col,0.4899
10,30,0.19115,0.0187,528,503,5,40.4,25,galaxy_a25_b10_c30_v5.col,0.2449
10,40,0.17454,0.0017,604,579,1,43.8,25,galaxy_a25_b10_c40_v1.col,0.3742
10,40,0.20251,0.0017,655,630,2,48.4,25,galaxy_a25_b10_c40_v2.col,0.4
10,40,0.19036,0.0015,634,609,3,46.2,25,galaxy_a25_b10_c40_v3.col,0.3742
10,40,0.34316,0.1237,692,667,4,48.2,25,galaxy_a25_b10_c40_v4.col,0.3742
10,40,0.20361,0.017,625,600,5,45.6,25,galaxy_a25_b10_c40_v5.col,0.4
10,50,0.26317,0.0025,797,772,1,54.4,25,galaxy_a25_b10_c50_v1.col,0.4
10,50,0.2485,0.0038,749,724,2,53.4,25,galaxy_a25_b10_c50_v2.col,0.2449
10,50,0.25892,0.0038,762,737,3,54.2,25,galaxy_a25_b10_c50_v3.col,0.5831
10,50,0.29543,0.0039,849,824,4,56.2,25,galaxy_a25_b10_c50_v4.col,0.7348
10,50,0.26675,0.0031,789,764,5,53.4,25,galaxy_a25_b10_c50_v5.col,0.5099
10,60,0.44321,0.1491,814,789,1,60.6,25,galaxy_a25_b10_c60_v1.col,0.2449
10,60,0.30325,0.0024,882,857,2,62.0,25,galaxy_a25_b10_c60_v2.col,0.3162
10,60,0.32486,0.0209,865,840,3,61.4,25,galaxy_a25_b10_c60_v3.col,0.2449
10,60,0.31661,0.0026,913,888,4,62.4,25,galaxy_a25_b10_c60_v4.col,0.2449
10,60,0.30754,0.0063,887,862,5,62.2,25,galaxy_a25_b10_c60_v5.col,0.2
10,70,0.46502,0.0169,1030,1005,1,71.4,25,galaxy_a25_b10_c70_v1.col,0.2449
10,70,0.53807,0.13,1013,988,2,71.0,25,galaxy_a25_b10_c70_v2.col,0.5477
10,70,0.41577,0.0072,1028,1003,3,68.8,25,galaxy_a25_b10_c70_v3.col,0.3742
10,70,0.38914,0.0044,1004,979,4,71.6,25,galaxy_a25_b10_c70_v4.col,0.2449
10,70,0.3509,0.0019,949,924,5,66.8,25,galaxy_a25_b10_c70_v5.col,0.3742
10,80,0.44675,0.0109,1071,1046,1,78.0,25,galaxy_a25_b10_c80_v1.col,0.0
10,80,0.75375,0.1821,1275,1250,2,81.6,25,galaxy_a25_b10_c80_v2.col,0.5099
10,80,0.60908,0.0053,1339,1314,3,84.2,25,galaxy_a25_b10_c80_v3.col,0.5831
10,80,0.4523,0.0021,1099,1074,4,81.8,25,galaxy_a25_b10_c80_v4.col,0.2
10,80,0.59885,0.0253,1277,1252,5,77.4,25,galaxy_a25_b10_c80_v5.col,0.5099
10,90,0.65533,0.1113,1220,1195,1,90.0,25,galaxy_a25_b10_c90_v1.col,0.0
10,90,0.42872,0.0025,1128,1103,2,79.0,25,galaxy_a25_b10_c90_v2.col,0.0
10,90,0.51225,0.0116,1201,1176,3,91.2,25,galaxy_a25_b10_c90_v3.col,0.2
10,90,0.47184,0.015,1077,1052,4,89.0,25,galaxy_a25_b10_c90_v4.col,0.0
10,90,0.83997,0.115,1435,1410,5,90.0,25,galaxy_a25_b10_c90_v5.col,0.0
10,100,1.07292,0.0152,1837,1807,1,101.2,30,galaxy_a30_b10_c100_v1.col,0.3742
10,100,0.67318,0.0072,1411,1381,2,84.2,30,galaxy_a30_b10_c100_v2.col,0.4899
10,100,0.99394,0.0119,1687,1657,3,97.0,30,galaxy_a30_b10_c100_v3.col,0.0
10,100,0.9199,0.1546,1489,1459,4,101.0,30,galaxy_a30_b10_c100_v4.col,0.0
10,100,0.80213,0.0011,1571,1541,5,101.0,30,galaxy_a30_b10_c100_v5.col,0.0
10,20,0.15187,0.0136,479,449,1,41.0,30,galaxy_a30_b10_c20_v1.col,0.4472
10,20,0.14737,0.01,494,464,2,42.2,30,galaxy_a30_b10_c20_v2.col,0.2
10,20,0.12923,0.0011,492,462,3,41.0,30,galaxy_a30_b10_c20_v3.col,0.3162
10,20,0.12851,0.0008,497,467,4,42.6,30,galaxy_a30_b10_c20_v4.col,0.2449
10,20,0.12902,0.0091,468,438,5,40.6,30,galaxy_a30_b10_c20_v5.col,0.2449
10,30,0.18031,0.0129,561,531,1,42.6,30,galaxy_a30_b10_c30_v1.col,0.5099
10,30,0.18107,0.0014,623,593,2,45.2,30,galaxy_a30_b10_c30_v2.col,0.4899
10,30,0.17876,0.0016,609,579,3,44.8,30,galaxy_a30_b10_c30_v3.col,0.6633
10,30,0.19354,0.0107,621,591,4,45.8,30,galaxy_a30_b10_c30_v4.col,0.2
10,30,0.17726,0.0017,600,570,5,45.0,30,galaxy_a30_b10_c30_v5.col,0.4472
10,40,0.44396,0.1072,839,809,1,53.8,30,galaxy_a30_b10_c40_v1.col,0.9695
10,40,0.25625,0.0027,786,756,2,51.8,30,galaxy_a30_b10_c40_v2.col,0.3742
10,40,0.3492,0.0195,840,810,3,53.8,30,galaxy_a30_b10_c40_v3.col,0.9695
10,40,0.23135,0.0116,677,647,4,47.2,30,galaxy_a30_b10_c40_v4.col,0.6633
10,40,0.25341,0.0147,745,715,5,50.0,30,galaxy_a30_b10_c40_v5.col,0.7071
10,50,0.4076,0.0115,984,954,1,60.8,30,galaxy_a30_b10_c50_v1.col,0.5831
10,50,0.47089,0.1138,856,826,2,54.8,30,galaxy_a30_b10_c50_v2.col,1.0677
10,50,0.41286,0.0053,992,962,3,60.4,30,galaxy_a30_b10_c50_v3.col,0.6
10,50,0.40017,0.0179,973,943,4,59.6,30,galaxy_a30_b10_c50_v4.col,0.8124
10,50,0.34678,0.0024,922,892,5,56.8,30,galaxy_a30_b10_c50_v5.col,0.3742
10,60,0.45914,0.0038,1088,1058,1,66.0,30,galaxy_a30_b10_c60_v1.col,0.7071
10,60,0.63201,0.1078,1115,1085,2,68.4,30,galaxy_a30_b10_c60_v2.col,0.8124
10,60,0.47651,0.0213,1104,1074,3,66.0,30,galaxy_a30_b10_c60_v3.col,0.5477
10,60,0.34757,0.0032,936,906,4,61.2,30,galaxy_a30_b10_c60_v4.col,0.2
10,60,0.44502,0.0147,1075,1045,5,65.0,30,galaxy_a30_b10_c60_v5.col,0.5477
10,70,0.5083,0.0198,1148,1118,1,71.4,30,galaxy_a30_b10_c70_v1.col,0.2449
10,70,0.59765,0.1063,1132,1102,2,71.6,30,galaxy_a30_b10_c70_v2.col,0.5099
10,70,0.59827,0.0164,1318,1288,3,74.8,30,galaxy_a30_b10_c70_v3.col,0.8
10,70,0.48979,0.0222,1123,1093,4,73.8,30,galaxy_a30_b10_c70_v4.col,0.2
10,70,0.51357,0.0015,1182,1152,5,71.8,30,galaxy_a30_b10_c70_v5.col,0.3742
10,80,0.83594,0.1063,1403,1373,1,81.0,30,galaxy_a30_b10_c80_v1.col,0.0
10,80,0.72887,0.0379,1432,1402,2,86.8,30,galaxy_a30_b10_c80_v2.col,0.8
10,80,0.52741,0.0036,1220,1190,3,79.0,30,galaxy_a30_b10_c80_v3.col,0.0
10,80,0.75351,0.0035,1515,1485,4,85.2,30,galaxy_a30_b10_c80_v4.col,0.4899
10,80,0.77229,0.1208,1360,1330,5,79.2,30,galaxy_a30_b10_c80_v5.col,0.5831
10,90,0.83771,0.0035,1608,1578,1,93.2,30,galaxy_a30_b10_c90_v1.col,0.4899
10,90,0.70208,0.0225,1408,1378,2,86.0,30,galaxy_a30_b10_c90_v2.col,0.0
10,90,0.98148,0.1454,1498,1468,3,91.0,30,galaxy_a30_b10_c90_v3.col,0.0
10,90,1.04144,0.0103,1863,1833,4,96.0,30,galaxy_a30_b10_c90_v4.col,0.3162
10,90,0.8481,0.0464,1520,1490,5,91.0,30,galaxy_a30_b10_c90_v5.col,0.0
10,100,1.39212,0.1602,1935,1900,1,101.8,35,galaxy_a35_b10_c100_v1.col,0.2
10,100,1.18051,0.0117,1868,1833,2,101.2,35,galaxy_a35_b10_c100_v2.col,0.2
10,100,1.03201,0.0039,1678,1643,3,95.4,35,galaxy_a35_b10_c100_v3.col,0.7483
10,100,1.71198,0.1436,2167,2132,4,108.0,35,galaxy_a35_b10_c100_v4.col,0.8367
10,100,1.03247,0.036,1803,1768,5,101.0,35,galaxy_a35_b10_c100_v5.col,0.0
10,20,0.21241,0.0291,556,521,1,46.2,35,galaxy_a35_b10_c20_v1.col,0.2
10,20,0.19044,0.0194,551,516,2,46.0,35,galaxy_a35_b10_c20_v2.col,0.3162
10,20,0.18717,0.0225,533,498,3,45.6,35,galaxy_a35_b10_c20_v3.col,0.2449
10,20,0.16779,0.0116,534,499,4,45.6,35,galaxy_a35_b10_c20_v4.col,0.2449
10,20,0.1537,0.007,527,492,5,45.6,35,galaxy_a35_b10_c20_v5.col,0.2449
10,30,0.24117,0.0015,743,708,1,51.0,35,galaxy_a35_b10_c30_v1.col,0.3162
10,30,0.2326,0.0023,728,693,2,50.4,35,galaxy_a35_b10_c30_v2.col,0.4
10,30,0.39758,0.1252,764,729,3,50.4,35,galaxy_a35_b10_c30_v3.col,0.6782
10,30,0.23567,0.0048,731,696,4,51.2,35,galaxy_a35_b10_c30_v4.col,0.2
10,30,0.22736,0.0036,723,688,5,50.6,35,galaxy_a35_b10_c30_v5.col,0.6
10,40,0.36393,0.0027,996,961,1,59.0,35,galaxy_a35_b10_c40_v1.col,0.3162
10,40,0.34846,0.0159,927,892,2,56.2,35,galaxy_a35_b10_c40_v2.col,1.0677
10,40,0.33196,0.0029,930,895,3,56.8,35,galaxy_a35_b10_c40_v3.col,0.4899
10,40,0.44011,0.1213,875,840,4,55.0,35,galaxy_a35_b10_c40_v4.col,0.8367
10,40,0.28759,0.03,766,731,5,50.8,35,galaxy_a35_b10_c40_v5.col,0.8602
10,50,0.4522,0.0024,1115,1080,1,64.2,35,galaxy_a35_b10_c50_v1.col,0.3742
10,50,0.51425,0.0177,1186,1151,2,64.8,35,galaxy_a35_b10_c50_v2.col,0.8
10,50,0.52421,0.016,1150,1115,3,64.6,35,galaxy_a35_b10_c50_v3.col,0.4
10,50,0.55135,0.1043,1074,1039,4,60.8,35,galaxy_a35_b10_c50_v4.col,0.4899
10,50,0.44219,0.0163,1084,1049,5,61.6,35,galaxy_a35_b10_c50_v5.col,0.7483
10,60,0.56878,0.0045,1295,1260,1,70.4,35,galaxy_a35_b10_c60_v1.col,1.0296
10,60,0.5025,0.0029,1199,1164,2,67.0,35,galaxy_a35_b10_c60_v2.col,0.5477
10,60,0.69358,0.1036,1270,1235,3,68.0,35,galaxy_a35_b10_c60_v3.col,0.4472
10,60,0.62206,0.0414,1259,1224,4,68.4,35,galaxy_a35_b10_c60_v4.col,0.6782
10,60,0.51273,0.0117,1205,1170,5,66.2,35,galaxy_a35_b10_c60_v5.col,0.6633
10,70,0.74462,0.0172,1521,1486,1,78.8,35,galaxy_a35_b10_c70_v1.col,1.241
10,70,0.76133,0.1219,1394,1359,2,73.8,35,galaxy_a35_b10_c70_v2.col,1.2
10,70,0.64778,0.0064,1415,1380,3,76.4,35,galaxy_a35_b10_c70_v3.col,0.4
10,70,0.69669,0.0412,1389,1354,4,79.4,35,galaxy_a35_b10_c70_v4.col,0.5099
10,70,0.67598,0.0223,1323,1288,5,74.4,35,galaxy_a35_b10_c70_v5.col,0.6782
10,80,1.06804,0.1043,1668,1633,1,86.0,35,galaxy_a35_b10_c80_v1.col,0.7071
10,80,0.72117,0.0053,1491,1456,2,82.6,35,galaxy_a35_b10_c80_v2.col,0.2449
10,80,0.85165,0.0069,1628,1593,3,86.6,35,galaxy_a35_b10_c80_v3.col,0.7483
10,80,0.7176,0.0283,1451,1416,4,79.2,35,galaxy_a35_b10_c80_v4.col,0.2
10,80,0.77361,0.0072,1571,1536,5,87.8,35,galaxy_a35_b10_c80_v5.col,0.2
10,90,0.88992,0.0034,1716,1681,1,92.6,35,galaxy_a35_b10_c90_v1.col,0.2449
10,90,0.82781,0.0149,1608,1573,2,91.0,35,galaxy_a35_b10_c90_v2.col,0.3162
10,90,0.76302,0.1034,1390,1355,3,86.0,35,galaxy_a35_b10_c90_v3.col,0.0
10,90,0.96163,0.0201,1729,1694,4,93.2,35,galaxy_a35_b10_c90_v4.col,0.7348
10,90,1.21538,0.118,1924,1889,5,96.4,35,galaxy_a35_b10_c90_v5.col,0.9274
10,100,1.75641,0.0115,2441,2401,1,112.2,40,galaxy_a40_b10_c100_v1.col,0.3742
10,100,1.84728,0.1597,2316,2276,2,105.6,40,galaxy_a40_b10_c100_v2.col,0.7483
10,100,1.54013,0.0101,2184,2144,3,107.4,40,galaxy_a40_b10_c100_v3.col,1.1225
10,100,1.69722,0.0131,2262,2222,4,106.0,40,galaxy_a40_b10_c100_v4.col,0.7071
10,100,1.55936,0.1821,2104,2064,5,103.4,40,galaxy_a40_b10_c100_v5.col,0.9274
10,20,0.19383,0.0027,637,597,1,51.4,40,galaxy_a40_b10_c20_v1.col,0.4
10,20,0.19584,0.0026,642,602,2,51.4,40,galaxy_a40_b10_c20_v2.col,0.2449
10,20,0.19424,0.0042,623,583,3,50.4,40,galaxy_a40_b10_c20_v3.col,0.4
10,20,0.21758,0.0066,666,626,4,52.4,40,galaxy_a40_b10_c20_v4.col,0.2449
10,20,0.25677,0.0235,636,596,5,50.8,40,galaxy_a40_b10_c20_v5.col,0.2
10,30,0.438,0.109,797,757,1,53.6,40,galaxy_a40_b10_c30_v1.col,0.2449
10,30,0.31434,0.0218,799,759,2,54.0,40,galaxy_a40_b10_c30_v2.col,0.3162
10,30,0.33131,0.0127,788,748,3,55.0,40,galaxy_a40_b10_c30_v3.col,0.6325
10,30,0.31786,0.0186,824,784,4,54.8,40,galaxy_a40_b10_c30_v4.col,0.4899
10,30,0.33469,0.0157,889,849,5,58.2,40,galaxy_a40_b10_c30_v5.col,0.3742
10,40,0.44759,0.0008,1053,1013,1,61.6,40,galaxy_a40_b10_c40_v1.col,0.2449
10,40,0.56793,0.1222,1028,988,2,59.6,40,galaxy_a40_b10_c40_v2.col,0.2449
10,40,0.47313,0.0029,1089,1049,3,63.4,40,galaxy_a40_b10_c40_v3.col,0.2449
10,40,0.38562,0.0221,978,938,4,58.6,40,galaxy_a40_b10_c40_v4.col,0.7483
10,40,0.43852,0.0194,1053,1013,5,60.4,40,galaxy_a40_b10_c40_v5.col,0.6782
10,50,0.48321,0.0014,1176,1136,1,64.0,40,galaxy_a40_b10_c50_v1.col,0.7071
10,50,0.71826,0.1064,1276,1236,2,69.2,40,galaxy_a40_b10_c50_v2.col,0.3742
10,50,0.61037,0.0041,1278,1238,3,67.2,40,galaxy_a40_b10_c50_v3.col,0.8602
10,50,0.5706,0.0155,1208,1168,4,65.6,40,galaxy_a40_b10_c50_v4.col,0.9798
10,50,0.632,0.0091,1354,1314,5,69.8,40,galaxy_a40_b10_c50_v5.col,0.4899
10,60,0.9362,0.1516,1561,1521,1,77.0,40,galaxy_a40_b10_c60_v1.col,1.0488
10,60,0.636,0.0044,1399,1359,2,71.2,40,galaxy_a40_b10_c60_v2.col,1.1136
10,60,0.69887,0.0382,1409,1369,3,71.8,40,galaxy_a40_b10_c60_v3.col,1.0677
10,60,0.85103,0.0984,1484,1444,4,74.2,40,galaxy_a40_b10_c60_v4.col,0.3742
10,60,0.72892,0.0203,1377,1337,5,70.2,40,galaxy_a40_b10_c60_v5.col,0.4899
10,70,0.8098,0.0352,1551,1511,1,77.2,40,galaxy_a40_b10_c70_v1.col,0.4899
10,70,0.79206,0.003,1571,1531,2,78.2,40,galaxy_a40_b10_c70_v2.col,0.9695
10,70,1.00158,0.1573,1643,1603,3,82.4,40,galaxy_a40_b10_c70_v3.col,0.8124
10,70,0.73295,0.0136,1441,1401,4,76.8,40,galaxy_a40_b10_c70_v4.col,0.2
10,70,0.90902,0.0428,1662,1622,5,80.2,40,galaxy_a40_b10_c70_v5.col,0.3742
10,80,1.45713,0.1239,2093,2053,1,95.0,40,galaxy_a40_b10_c80_v1.col,0.5477
10,80,1.07015,0.0265,1859,1819,2,87.8,40,galaxy_a40_b10_c80_v2.col,0.3742
10,80,1.02132,0.0205,1771,1731,3,88.6,40,galaxy_a40_b10_c80_v3.col,0.8124
10,80,1.02631,0.1211,1736,1696,4,86.0,40,galaxy_a40_b10_c80_v4.col,0.3162
10,80,1.03424,0.0044,1864,1824,5,88.6,40,galaxy_a40_b10_c80_v5.col,0.5099
10,90,1.53585,0.1211,2157,2117,1,97.4,40,galaxy_a40_b10_c90_v1.col,0.6782
10,90,1.22179,0.0078,2012,1972,2,100.6,40,galaxy_a40_b10_c90_v2.col,0.6782
10,90,1.14438,0.0012,1918,1878,3,93.6,40,galaxy_a40_b10_c90_v3.col,0.4
10,90,1.27594,0.1546,1937,1897,4,91.8,40,galaxy_a40_b10_c90_v4.col,0.8602
10,90,1.34596,0.0035,2098,2058,5,95.8,40,galaxy_a40_b10_c90_v5.col,0.6633
10,100,2.10868,0.1155,2601,2556,1,107.6,45,galaxy_a45_b10_c100_v1.col,0.4
10,100,1.90137,0.0431,2498,2453,2,107.4,45,galaxy_a45_b10_c100_v2.col,0.5099
10,100,2.03592,0.1273,2530,2485,3,111.0,45,galaxy_a45_b10_c100_v3.col,0.7071
10,100,1.97722,0.021,2621,2576,4,110.0,45,galaxy_a45_b10_c100_v4.col,0.8367
10,100,1.90585,0.1213,2454,2409,5,107.4,45,galaxy_a45_b10_c100_v5.col,0.6782
10,20,0.23824,0.0037,716,671,1,56.0,45,galaxy_a45_b10_c20_v1.col,0.3162
10,20,0.31867,0.0292,701,656,2,56.6,45,galaxy_a45_b10_c20_v2.col,0.5099
10,20,0.24633,0.0019,730,685,3,56.2,45,galaxy_a45_b10_c20_v3.col,0.4899
10,20,0.23098,0.0027,707,662,4,55.6,45,galaxy_a45_b10_c20_v4.col,0.2449
10,20,0.35283,0.1051,712,667,5,56.4,45,galaxy_a45_b10_c20_v5.col,0.4
10,30,0.33267,0.0047,933,888,1,59.8,45,galaxy_a45_b10_c30_v1.col,0.4899
10,30,0.33773,0.0046,945,900,2,61.6,45,galaxy_a45_b10_c30_v2.col,0.4
10,30,0.3557,0.0129,901,856,3,59.6,45,galaxy_a45_b10_c30_v3.col,0.6782
10,30,0.32096,0.0053,899,854,4,59.4,45,galaxy_a45_b10_c30_v4.col,0.6782
10,30,0.3832,0.011,994,949,5,61.6,45,galaxy_a45_b10_c30_v5.col,0.5099
10,40,0.69392,0.1007,1267,1222,1,68.2,45,galaxy_a45_b10_c40_v1.col,0.8602
10,40,0.58836,0.0027,1309,1264,2,69.2,45,galaxy_a45_b10_c40_v2.col,0.8602
10,40,0.49592,0.0044,1162,1117,3,66.0,45,galaxy_a45_b10_c40_v3.col,0.7746
10,40,0.4784,0.0037,1140,1095,4,65.2,45,galaxy_a45_b10_c40_v4.col,0.5831
10,40,0.65498,0.1006,1178,1133,5,65.6,45,galaxy_a45_b10_c40_v5.col,0.6
10,50,0.70767,0.0085,1467,1422,1,73.4,45,galaxy_a45_b10_c50_v1.col,0.6782
10,50,0.65663,0.0029,1385,1340,2,71.4,45,galaxy_a45_b10_c50_v2.col,0.6782
10,50,0.67763,0.0017,1430,1385,3,72.8,45,galaxy_a45_b10_c50_v3.col,0.3742
10,50,0.76732,0.1185,1386,1341,4,70.4,45,galaxy_a45_b10_c50_v4.col,0.6782
10,50,0.59141,0.0156,1300,1255,5,68.0,45,galaxy_a45_b10_c50_v5.col,1.1832
10,60,0.98063,0.0029,1781,1736,1,82.0,45,galaxy_a45_b10_c60_v1.col,1.3784
10,60,0.99728,0.1058,1659,1614,2,79.6,45,galaxy_a45_b10_c60_v2.col,1.5033
10,60,0.78016,0.0091,1552,1507,3,76.6,45,galaxy_a45_b10_c60_v3.col,1.3266
10,60,0.93904,0.0425,1711,1666,4,80.8,45,galaxy_a45_b10_c60_v4.col,0.8
10,60,0.8148,0.0248,1572,1527,5,76.2,45,galaxy_a45_b10_c60_v5.col,0.9695
10,70,1.02674,0.1316,1662,1617,1,80.6,45,galaxy_a45_b10_c70_v1.col,0.5099
10,70,1.16563,0.0327,1876,1831,2,84.6,45,galaxy_a45_b10_c70_v2.col,0.5099
10,70,1.08991,0.1448,1690,1645,3,79.0,45,galaxy_a45_b10_c70_v3.col,0.8367
10,70,1.06604,0.0269,1826,1781,4,84.2,45,galaxy_a45_b10_c70_v4.col,0.9165
10,70,1.13709,0.0109,1821,1776,5,85.0,45,galaxy_a45_b10_c70_v5.col,0.3162
10,80,1.61663,0.1277,2167,2122,1,93.6,45,galaxy_a45_b10_c80_v1.col,0.7483
10,80,1.49672,0.0345,2298,2253,2,98.6,45,galaxy_a45_b10_c80_v2.col,0.4
10,80,1.3403,0.022,2089,2044,3,93.2,45,galaxy_a45_b10_c80_v3.col,1.2
10,80,1.37881,0.1259,2035,1990,4,92.2,45,galaxy_a45_b10_c80_v4.col,0.8602
10,80,1.70597,0.0078,2364,2319,5,98.2,45,galaxy_a45_b10_c80_v5.col,0.7348
10,90,1.7182,0.1317,2249,2204,1,99.2,45,galaxy_a45_b10_c90_v1.col,0.9695
10,90,1.51927,0.047,2216,2171,2,98.4,45,galaxy_a45_b10_c90_v2.col,0.9798
10,90,1.88433,0.1313,2472,2427,3,103.2,45,galaxy_a45_b10_c90_v3.col,0.8
10,90,1.46841,0.0057,2279,2234,4,98.0,45,galaxy_a45_b10_c90_v4.col,0.8367
10,90,1.98222,0.1398,2600,2555,5,106.4,45,galaxy_a45_b10_c90_v5.col,0.6782
10,100,2.03701,0.0092,2731,2681,1,113.2,50,galaxy_a50_b10_c100_v1.col,1.7436
10,100,2.19187,0.1237,2773,2723,2,113.6,50,galaxy_a50_b10_c100_v2.col,0.8124
10,100,2.93551,0.1444,3163,3113,3,115.2,50,galaxy_a50_b10_c100_v3.col,0.8
10,100,2.44314,0.1335,2923,2873,4,113.4,50,galaxy_a50_b10_c100_v4.col,1.2083
10,100,2.44027,0.1447,3016,2966,5,114.6,50,galaxy_a50_b10_c100_v5.col,0.5099
10,20,0.29051,0.0091,807,757,1,61.0,50,galaxy_a50_b10_c20_v1.col,0.3162
10,20,0.30425,0.0192,816,766,2,62.2,50,galaxy_a50_b10_c20_v2.col,0.2
10,20,0.26931,0.0007,775,725,3,60.2,50,galaxy_a50_b10_c20_v3.col,0.3742
10,20,0.2907,0.0019,822,772,4,61.8,50,galaxy_a50_b10_c20_v4.col,0.4899
10,20,0.31871,0.0283,806,756,5,61.2,50,galaxy_a50_b10_c20_v5.col,0.5831
10,30,0.5663,0.1035,1116,1066,1,68.2,50,galaxy_a50_b10_c30_v1.col,0.2
10,30,0.45839,0.0318,1005,955,2,64.8,50,galaxy_a50_b10_c30_v2.col,0.8602
10,30,0.44943,0.0061,1080,1030,3,67.4,50,galaxy_a50_b10_c30_v3.col,0.4
10,30,0.47147,0.0051,1122,1072,4,66.6,50,galaxy_a50_b10_c30_v4.col,0.8124
10,30,0.40596,0.0136,1007,957,5,65.0,50,galaxy_a50_b10_c30_v5.col,0.4472
10,40,0.73308,0.1085,1380,1330,1,72.6,50,galaxy_a50_b10_c40_v1.col,0.5099
10,40,0.55027,0.0054,1264,1214,2,67.8,50,galaxy_a50_b10_c40_v2.col,0.3742
10,40,0.54393,0.0042,1256,1206,3,68.4,50,galaxy_a50_b10_c40_v3.col,0.2449
10,40,0.57278,0.0147,1222,1172,4,69.2,50,galaxy_a50_b10_c40_v4.col,0.8602
10,40,0.74373,0.1031,1325,1275,5,72.0,50,galaxy_a50_b10_c40_v5.col,0.3162
10,50,0.76902,0.024,1551,1501,1,76.6,50,galaxy_a50_b10_c50_v1.col,0.5099
10,50,0.83306,0.0538,1604,1554,2,76.2,50,galaxy_a50_b10_c50_v2.col,1.5297
10,50,0.8247,0.122,1465,1415,3,73.0,50,galaxy_a50_b10_c50_v3.col,0.7746
10,50,0.846,0.018,1584,1534,4,77.6,50,galaxy_a50_b10_c50_v4.col,0.9798
10,50,0.76656,0.0047,1487,1437,5,75.4,50,galaxy_a50_b10_c50_v5.col,0.8718
10,60,0.9945,0.0064,1723,1673,1,81.0,50,galaxy_a50_b10_c60_v1.col,0.6325
10,60,1.01403,0.1436,1678,1628,2,78.6,50,galaxy_a50_b10_c60_v2.col,0.8124
10,60,0.91722,0.0216,1704,1654,3,80.2,50,galaxy_a50_b10_c60_v3.col,0.4899
10,60,1.0565,0.0061,1865,1815,4,82.0,50,galaxy_a50_b10_c60_v4.col,2.0
10,60,1.11674,0.1532,1654,1604,5,78.4,50,galaxy_a50_b10_c60_v5.col,0.6782
10,70,1.49448,0.0215,2249,2199,1,94.6,50,galaxy_a50_b10_c70_v1.col,1.2083
10,70,1.195,0.1268,1898,1848,2,84.6,50,galaxy_a50_b10_c70_v2.col,1.6613
10,70,1.40274,0.0101,2197,2147,3,92.0,50,galaxy_a50_b10_c70_v3.col,1.0488
10,70,1.30598,0.0045,2096,2046,4,90.2,50,galaxy_a50_b10_c70_v4.col,0.8602
10,70,1.34099,0.1248,1948,1898,5,87.2,50,galaxy_a50_b10_c70_v5.col,0.9165
10,80,1.80086,0.0065,2476,2426,1,100.4,50,galaxy_a50_b10_c80_v1.col,0.6
10,80,1.6801,0.1258,2285,2235,2,95.2,50,galaxy_a50_b10_c80_v2.col,0.9165
10,80,1.5108,0.0314,2263,2213,3,96.0,50,galaxy_a50_b10_c80_v3.col,1.0954
10,80,1.49221,0.1198,2134,2084,4,90.8,50,galaxy_a50_b10_c80_v4.col,1.8
10,80,1.57358,0.0438,2318,2268,5,97.2,50,galaxy_a50_b10_c80_v5.col,1.241
10,90,1.81576,0.1225,2469,2419,1,103.6,50,galaxy_a50_b10_c90_v1.col,1.1662
10,90,1.80219,0.0167,2475,2425,2,102.8,50,galaxy_a50_b10_c90_v2.col,1.0677
10,90,2.03725,0.116,2566,2516,3,106.0,50,galaxy_a50_b10_c90_v3.col,1.2649
10,90,1.84809,0.0073,2559,2509,4,105.0,50,galaxy_a50_b10_c90_v4.col,0.8367
10,90,1.90442,0.1112,2452,2402,5,100.0,50,galaxy_a50_b10_c90_v5.col,0.9487
10,100,2.52668,0.1105,2941,2886,1,112.2,55,galaxy_a55_b10_c100_v1.col,0.9695
10,100,2.80563,0.1178,3117,3062,2,113.8,55,galaxy_a55_b10_c100_v2.col,1.241
10,100,1.89611,0.0219,2565,2510,3,106.0,55,galaxy_a55_b10_c100_v3.col,0.8367
10,100,2.54166,0.1134,2939,2884,4,115.2,55,galaxy_a55_b10_c100_v4.col,0.5831
10,100,3.14697,0.1237,3257,3202,5,120.8,55,galaxy_a55_b10_c100_v5.col,0.6633
10,20,0.33882,0.0013,889,834,1,66.2,55,galaxy_a55_b10_c20_v1.col,0.4899
10,20,0.47262,0.1005,927,872,2,67.2,55,galaxy_a55_b10_c20_v2.col,0.2
10,20,0.32329,0.0032,895,840,3,66.4,55,galaxy_a55_b10_c20_v3.col,0.5099
10,20,0.31068,0.0029,885,830,4,66.6,55,galaxy_a55_b10_c20_v4.col,0.4
10,20,0.34173,0.0043,909,854,5,66.4,55,galaxy_a55_b10_c20_v5.col,0.2449
10,30,0.60677,0.0325,1187,1132,1,72.2,55,galaxy_a55_b10_c30_v1.col,0.3742
10,30,0.63663,0.101,1143,1088,2,70.8,55,galaxy_a55_b10_c30_v2.col,0.7348
10,30,0.52778,0.0052,1146,1091,3,70.4,55,galaxy_a55_b10_c30_v3.col,0.2449
10,30,0.50303,0.0062,1163,1108,4,71.0,55,galaxy_a55_b10_c30_v4.col,0.5477
10,30,0.45957,0.0019,1102,1047,5,68.6,55,galaxy_a55_b10_c30_v5.col,0.6
10,40,0.68335,0.0031,1455,1400,1,77.0,55,galaxy_a55_b10_c40_v1.col,0.3162
10,40,0.86039,0.1011,1494,1439,2,77.6,55,galaxy_a55_b10_c40_v2.col,0.5099
10,40,0.68133,0.024,1404,1349,3,74.8,55,galaxy_a55_b10_c40_v3.col,0.4899
10,40,0.7581,0.0047,1498,1443,4,76.8,55,galaxy_a55_b10_c40_v4.col,0.8
10,40,0.85981,0.1007,1446,1391,5,75.2,55,galaxy_a55_b10_c40_v5.col,0.6633
10,50,0.86431,0.0335,1618,1563,1,77.8,55,galaxy_a55_b10_c50_v1.col,1.1576
10,50,1.13816,0.0038,1976,1921,2,87.6,55,galaxy_a55_b10_c50_v2.col,0.6782
10,50,1.00931,0.1199,1661,1606,3,79.0,55,galaxy_a55_b10_c50_v3.col,0.9487
10,50,0.94199,0.0072,1733,1678,4,81.2,55,galaxy_a55_b10_c50_v4.col,0.5831
10,50,1.00156,0.0023,1798,1743,5,83.2,55,galaxy_a55_b10_c50_v5.col,0.5831
10,60,1.33244,0.1195,2028,1973,1,89.8,55,galaxy_a55_b10_c60_v1.col,0.8602
10,60,1.10995,0.0087,1905,1850,2,86.8,55,galaxy_a55_b10_c60_v2.col,1.0198
10,60,1.22667,0.0704,1938,1883,3,88.0,55,galaxy_a55_b10_c60_v3.col,0.7071
10,60,1.75596,0.115,2299,2244,4,93.6,55,galaxy_a55_b10_c60_v4.col,0.6782
10,60,1.01776,0.0321,1836,1781,5,80.8,55,galaxy_a55_b10_c60_v5.col,0.9695
10,70,1.38921,0.1249,1987,1932,1,88.4,55,galaxy_a55_b10_c70_v1.col,1.077
10,70,1.44721,0.0729,2107,2052,2,92.0,55,galaxy_a55_b10_c70_v2.col,0.8367
10,70,2.08025,0.1626,2553,2498,3,98.8,55,galaxy_a55_b10_c70_v3.col,1.0677
10,70,1.37851,0.0107,2152,2097,4,89.0,55,galaxy_a55_b10_c70_v4.col,0.7746
10,70,1.49618,0.0082,2260,2205,5,94.0,55,galaxy_a55_b10_c70_v5.col,1.0488
10,80,2.18277,0.1426,2705,2650,1,103.6,55,galaxy_a55_b10_c80_v1.col,0.5099
10,80,2.35635,0.171,2820,2765,2,110.0,55,galaxy_a55_b10_c80_v2.col,1.3784
10,80,2.03957,0.0201,2714,2659,3,103.6,55,galaxy_a55_b10_c80_v3.col,0.5099
10,80,1.77627,0.1467,2407,2352,4,97.6,55,galaxy_a55_b10_c80_v4.col,0.7483
10,80,2.11148,0.0365,2663,2608,5,103.4,55,galaxy_a55_b10_c80_v5.col,1.2884
10,90,2.68414,0.2237,2859,2804,1,109.0,55,galaxy_a55_b10_c90_v1.col,0.7071
10,90,2.51319,0.1564,2907,2852,2,108.0,55,galaxy_a55_b10_c90_v2.col,1.0954
10,90,2.66158,0.1545,3004,2949,3,109.6,55,galaxy_a55_b10_c90_v3.col,0.9274
10,90,2.51627,0.1321,2937,2882,4,112.2,55,galaxy_a55_b10_c90_v4.col,0.7348
10,90,2.44761,0.1435,2814,2759,5,108.0,55,galaxy_a55_b10_c90_v5.col,0.9487
10,100,2.85485,0.1506,3200,3140,1,116.0,60,galaxy_a60_b10_c100_v1.col,1.1832
10,100,3.1232,0.1394,3438,3378,2,122.4,60,galaxy_a60_b10_c100_v2.col,0.6
10,100,2.8009,0.1338,3252,3192,3,115.6,60,galaxy_a60_b10_c100_v3.col,1.4353
10,100,2.78309,0.1353,3296,3236,4,120.6,60,galaxy_a60_b10_c100_v4.col,1.1225
10,100,2.98575,0.1386,3338,3278,5,116.4,60,galaxy_a60_b10_c100_v5.col,1.3266
10,20,0.36429,0.0169,933,873,1,71.6,60,galaxy_a60_b10_c20_v1.col,0.8718
10,20,0.46207,0.0308,981,921,2,71.8,60,galaxy_a60_b10_c20_v2.col,0.3742
10,20,0.39875,0.0138,932,872,3,71.2,60,galaxy_a60_b10_c20_v3.col,0.3742
10,20,0.47278,0.1144,927,867,4,71.6,60,galaxy_a60_b10_c20_v4.col,0.4
10,20,0.41847,0.0233,950,890,5,71.8,60,galaxy_a60_b10_c20_v5.col,0.4899
10,30,0.81928,0.0939,1318,1258,1,77.2,60,galaxy_a60_b10_c30_v1.col,0.7348
10,30,0.63679,0.0027,1350,1290,2,77.6,60,galaxy_a60_b10_c30_v2.col,0.6
10,30,0.68702,0.1023,1229,1169,3,74.4,60,galaxy_a60_b10_c30_v3.col,0.9798
10,30,0.55966,0.0102,1259,1199,4,75.4,60,galaxy_a60_b10_c30_v4.col,0.5099
10,30,0.77537,0.0438,1360,1300,5,77.0,60,galaxy_a60_b10_c30_v5.col,0.5477
10,40,0.90068,0.0459,1500,1440,1,79.8,60,galaxy_a60_b10_c40_v1.col,0.9695
10,40,0.88623,0.1344,1423,1363,2,77.4,60,galaxy_a60_b10_c40_v2.col,0.5099
10,40,0.91477,0.0359,1643,1583,3,81.2,60,galaxy_a60_b10_c40_v3.col,0.7348
10,40,0.75866,0.0066,1528,1468,4,80.2,60,galaxy_a60_b10_c40_v4.col,1.241
10,40,1.00781,0.1505,1630,1570,5,82.8,60,galaxy_a60_b10_c40_v5.col,0.4899
10,50,1.04916,0.0264,1860,1800,1,83.4,60,galaxy_a60_b10_c50_v1.col,1.6
10,50,1.08059,0.0075,1889,1829,2,86.0,60,galaxy_a60_b10_c50_v2.col,1.0488
10,50,1.17585,0.1469,1822,1762,3,82.4,60,galaxy_a60_b10_c50_v3.col,1.1662
10,50,0.8848,0.0079,1677,1617,4,82.4,60,galaxy_a60_b10_c50_v4.col,0.7483
10,50,1.06952,0.0053,1893,1833,5,86.6,60,galaxy_a60_b10_c50_v5.col,0.9274
10,60,1.32145,0.1446,2040,1980,1,87.4,60,galaxy_a60_b10_c60_v1.col,0.6782
10,60,1.44436,0.0417,2223,2163,2,93.0,60,galaxy_a60_b10_c60_v2.col,0.5477
10,60,1.45023,0.1186,2131,2071,3,92.4,60,galaxy_a60_b10_c60_v3.col,1.1225
10,60,1.4938,0.008,2304,2244,4,94.0,60,galaxy_a60_b10_c60_v4.col,1.3416
10,60,1.45905,0.1215,2108,2048,5,91.6,60,galaxy_a60_b10_c60_v5.col,0.7483
10,70,1.60483,0.0096,2378,2318,1,97.2,60,galaxy_a60_b10_c70_v1.col,0.9695
10,70,1.60338,0.0026,2353,2293,2,95.8,60,galaxy_a60_b10_c70_v2.col,2.2226
10,70,1.90721,0.1214,2523,2463,3,100.0,60,galaxy_a60_b10_c70_v3.col,0.7071
10,70,1.84101,0.0822,2332,2272,4,96.4,60,galaxy_a60_b10_c70_v4.col,0.5099
10,70,1.71,0.1676,2296,2236,5,95.2,60,galaxy_a60_b10_c70_v5.col,1.0677
10,80,2.28805,0.1598,2764,2704,1,103.2,60,galaxy_a60_b10_c80_v1.col,0.8602
10,80,2.18263,0.017,2788,2728,2,106.0,60,galaxy_a60_b10_c80_v2.col,0.5477
10,80,2.40187,0.1377,2856,2796,3,108.4,60,galaxy_a60_b10_c80_v3.col,1.077
10,80,2.17352,0.1444,2659,2599,4,102.8,60,galaxy_a60_b10_c80_v4.col,0.8
10,80,1.97959,0.0104,2656,2596,5,103.8,60,galaxy_a60_b10_c80_v5.col,0.6633
10,90,3.49572,0.1777,3460,3400,1,119.0,60,galaxy_a60_b10_c90_v1.col,1.5492
10,90,2.93366,0.1389,3239,3179,2,114.0,60,galaxy_a60_b10_c90_v2.col,0.7071
10,90,3.17528,0.1273,3383,3323,3,119.2,60,galaxy_a60_b10_c90_v3.col,1.0198
10,90,2.47561,0.141,2868,2808,4,107.8,60,galaxy_a60_b10_c90_v4.col,0.3742
10,90,2.58986,0.1405,2928,2868,5,108.2,60,galaxy_a60_b10_c90_v5.col,1.3191
10,100,3.56359,0.1211,3630,3565,1,121.4,65,galaxy_a65_b10_c100_v1.col,1.3266
10,100,3.18692,0.1074,3413,3348,2,120.6,65,galaxy_a65_b10_c100_v2.col,1.9131
10,100,3.90322,0.1168,3875,3810,3,127.4,65,galaxy_a65_b10_c100_v3.col,0.9274
10,100,3.47996,0.153,3532,3467,4,122.4,65,galaxy_a65_b10_c100_v4.col,1.2083
10,100,3.11815,0.1172,3413,3348,5,120.0,65,galaxy_a65_b10_c100_v5.col,1.4142
10,20,0.43956,0.0019,1068,1003,1,76.8,65,galaxy_a65_b10_c20_v1.col,0.2
10,20,0.45701,0.0035,1061,996,2,77.0,65,galaxy_a65_b10_c20_v2.col,0.7071
10,20,0.62189,0.1045,1097,1032,3,77.6,65,galaxy_a65_b10_c20_v3.col,0.4
10,20,0.42508,0.0061,1024,959,4,75.8,65,galaxy_a65_b10_c20_v4.col,0.5831
10,20,0.43812,0.0034,1035,970,5,77.2,65,galaxy_a65_b10_c20_v5.col,0.3742
10,30,0.6858,0.0103,1405,1340,1,80.6,65,galaxy_a65_b10_c30_v1.col,0.5099
10,30,0.79278,0.1033,1415,1350,2,82.0,65,galaxy_a65_b10_c30_v2.col,0.6325
10,30,0.6499,0.0073,1376,1311,3,80.4,65,galaxy_a65_b10_c30_v3.col,0.8718
10,30,0.63901,0.003,1344,1279,4,81.4,65,galaxy_a65_b10_c30_v4.col,0.6782
10,30,0.65478,0.0044,1345,1280,5,81.2,65,galaxy_a65_b10_c30_v5.col,0.4899
10,40,1.10823,0.1284,1730,1665,1,86.0,65,galaxy_a65_b10_c40_v1.col,0.8367
10,40,0.83789,0.0195,1588,1523,2,83.8,65,galaxy_a65_b10_c40_v2.col,1.1576
10,40,1.03346,0.0237,1765,1700,3,86.2,65,galaxy_a65_b10_c40_v3.col,0.9695
10,40,1.09657,0.106,1694,1629,4,85.2,65,galaxy_a65_b10_c40_v4.col,0.5831
10,40,0.92685,0.0275,1570,1505,5,84.0,65,galaxy_a65_b10_c40_v5.col,1.1402
10,50,1.38748,0.069,2057,1992,1,92.4,65,galaxy_a65_b10_c50_v1.col,0.6782
10,50,1.57254,0.1471,2140,2075,2,92.8,65,galaxy_a65_b10_c50_v2.col,1.0198
10,50,1.24069,0.0382,1976,1911,3,90.2,65,galaxy_a65_b10_c50_v3.col,1.2806
10,50,1.41142,0.1216,2059,1994,4,93.4,65,galaxy_a65_b10_c50_v4.col,0.9798
10,50,1.24452,0.0309,2026,1961,5,91.2,65,galaxy_a65_b10_c50_v5.col,1.4967
10,60,1.36288,0.0142,2110,2045,1,92.2,65,galaxy_a65_b10_c60_v1.col,0.8602
10,60,1.74961,0.1298,2388,2323,2,98.8,65,galaxy_a65_b10_c60_v2.col,0.5831
10,60,1.65061,0.0165,2424,2359,3,97.6,65,galaxy_a65_b10_c60_v3.col,0.8124
10,60,1.64089,0.14,2296,2231,4,95.8,65,galaxy_a65_b10_c60_v4.col,1.241
10,60,1.51653,0.0163,2287,2222,5,94.6,65,galaxy_a65_b10_c60_v5.col,1.0296
10,70,2.29719,0.159,2765,2700,1,104.2,65,galaxy_a65_b10_c70_v1.col,1.562
10,70,1.76467,0.0119,2417,2352,2,100.6,65,galaxy_a65_b10_c70_v2.col,0.7483
10,70,2.45733,0.1599,2809,2744,3,106.4,65,galaxy_a65_b10_c70_v3.col,0.5099
10,70,2.00698,0.1373,2623,2558,4,101.2,65,galaxy_a65_b10_c70_v4.col,1.3565
10,70,2.49028,0.1158,3024,2959,5,110.0,65,galaxy_a65_b10_c70_v5.col,1.3038
10,80,2.34237,0.1157,2853,2788,1,108.0,65,galaxy_a65_b10_c80_v1.col,0.9487
10,80,2.33622,0.1342,2836,2771,2,106.4,65,galaxy_a65_b10_c80_v2.col,0.8124
10,80,2.08086,0.0075,2840,2775,3,106.6,65,galaxy_a65_b10_c80_v3.col,1.1662
10,80,2.80712,0.1457,3132,3067,4,113.0,65,galaxy_a65_b10_c80_v4.col,1.3038
10,80,2.58183,0.145,2836,2771,5,108.4,65,galaxy_a65_b10_c80_v5.col,0.6782
10,90,3.55372,0.1229,3668,3603,1,121.0,65,galaxy_a65_b10_c90_v1.col,0.4472
10,90,2.90234,0.1246,3254,3189,2,113.2,65,galaxy_a65_b10_c90_v2.col,1.562
10,90,3.43402,0.1795,3505,3440,3,119.8,65,galaxy_a65_b10_c90_v3.col,0.7348
10,90,3.38553,0.1313,3490,3425,4,120.0,65,galaxy_a65_b10_c90_v4.col,1.0488
10,90,3.03003,0.1458,3256,3191,5,117.2,65,galaxy_a65_b10_c90_v5.col,0.6633
10,100,3.67299,0.158,3701,3631,1,127.6,70,galaxy_a70_b10_c100_v1.col,1.5033
10,100,4.05524,0.115,4044,3974,2,131.2,70,galaxy_a70_b10_c100_v2.col,1.3191
10,100,3.62775,0.1635,3719,3649,3,124.8,70,galaxy_a70_b10_c100_v3.col,1.7146
10,100,3.9228,0.1229,3854,3784,4,128.4,70,galaxy_a70_b10_c100_v4.col,1.077
10,100,4.31008,0.118,4061,3991,5,131.2,70,galaxy_a70_b10_c100_v5.col,0.8602
10,20,0.65846,0.1304,1125,1055,1,83.0,70,galaxy_a70_b10_c20_v1.col,0.7071
10,20,0.49602,0.0148,1107,1037,2,81.0,70,galaxy_a70_b10_c20_v2.col,0.5477
10,20,0.48145,0.0012,1108,1038,3,81.8,70,galaxy_a70_b10_c20_v3.col,0.5831
10,20,0.53233,0.0221,1111,1041,4,81.8,70,galaxy_a70_b10_c20_v4.col,0.5831
10,20,0.51725,0.0026,1144,1074,5,82.8,70,galaxy_a70_b10_c20_v5.col,0.2
10,30,0.90774,0.1064,1431,1361,1,85.6,70,galaxy_a70_b10_c30_v1.col,0.9274
10,30,0.76911,0.0557,1447,1377,2,87.2,70,galaxy_a70_b10_c30_v2.col,0.3742
10,30,0.80205,0.0299,1511,1441,3,86.4,70,galaxy_a70_b10_c30_v3.col,0.8718
10,30,0.87685,0.1085,1430,1360,4,84.6,70,galaxy_a70_b10_c30_v4.col,0.6782
10,30,0.86912,0.0207,1597,1527,5,88.4,70,galaxy_a70_b10_c30_v5.col,0.9274
10,40,1.12024,0.1133,1724,1654,1,89.2,70,galaxy_a70_b10_c40_v1.col,0.8
10,40,1.31682,0.1358,1822,1752,2,91.4,70,galaxy_a70_b10_c40_v2.col,1.0296
10,40,1.28712,0.0496,1972,1902,3,93.8,70,galaxy_a70_b10_c40_v3.col,0.3742
10,40,1.11885,0.0164,1900,1830,4,91.6,70,galaxy_a70_b10_c40_v4.col,0.7483
10,40,1.16931,0.1484,1790,1720,5,89.2,70,galaxy_a70_b10_c40_v5.col,0.2
10,50,1.42635,0.0117,2186,2116,1,97.0,70,galaxy_a70_b10_c50_v1.col,0.3162
10,50,1.39139,0.0164,2118,2048,2,95.2,70,galaxy_a70_b10_c50_v2.col,0.9695
10,50,1.35398,0.173,1950,1880,3,92.0,70,galaxy_a70_b10_c50_v3.col,1.0
10,50,1.57766,0.0302,2236,2166,4,96.8,70,galaxy_a70_b10_c50_v4.col,0.5831
10,50,1.51715,0.1537,2087,2017,5,94.0,70,galaxy_a70_b10_c50_v5.col,0.8944
10,60,1.67887,0.0215,2450,2380,1,100.2,70,galaxy_a70_b10_c60_v1.col,1.0198
10,60,1.86498,0.1423,2485,2415,2,102.2,70,galaxy_a70_b10_c60_v2.col,0.8
10,60,1.85399,0.0228,2495,2425,3,101.8,70,galaxy_a70_b10_c60_v3.col,0.9695
10,60,2.12678,0.1135,2622,2552,4,102.8,70,galaxy_a70_b10_c60_v4.col,1.1136
10,60,2.01917,0.0196,2679,2609,5,104.4,70,galaxy_a70_b10_c60_v5.col,1.2083
10,70,2.40305,0.1295,2896,2826,1,107.8,70,galaxy_a70_b10_c70_v1.col,1.6553
10,70,2.84927,0.1687,3109,3039,2,113.2,70,galaxy_a70_b10_c70_v2.col,0.4899
10,70,2.47223,0.1141,2943,2873,3,107.2,70,galaxy_a70_b10_c70_v3.col,1.4629
10,70,2.32495,0.155,2772,2702,4,105.2,70,galaxy_a70_b10_c70_v4.col,1.241
10,70,2.81746,0.1457,3027,2957,5,109.8,70,galaxy_a70_b10_c70_v5.col,0.8602
10,80,2.78575,0.1442,3060,2990,1,113.2,70,galaxy_a70_b10_c80_v1.col,0.4899
10,80,2.7564,0.1339,3192,3122,2,112.4,70,galaxy_a70_b10_c80_v2.col,1.4
10,80,3.37075,0.1047,3374,3304,3,117.6,70,galaxy_a70_b10_c80_v3.col,0.4
10,80,2.66015,0.1271,3087,3017,4,111.0,70,galaxy_a70_b10_c80_v4.col,1.0488
10,80,3.0808,0.1463,3196,3126,5,114.8,70,galaxy_a70_b10_c80_v5.col,1.0677
10,90,3.37517,0.1282,3543,3473,1,119.4,70,galaxy_a70_b10_c90_v1.col,1.3638
10,90,3.31167,0.1138,3465,3395,2,117.4,70,galaxy_a70_b10_c90_v2.col,1.2083
10,90,3.80156,0.1366,3813,3743,3,125.2,70,galaxy_a70_b10_c90_v3.col,1.3565
10,90,3.34033,0.1916,3472,3402,4,119.2,70,galaxy_a70_b10_c90_v4.col,1.3928
10,90,3.20035,0.1433,3394,3324,5,116.0,70,galaxy_a70_b10_c90_v5.col,2.0976
10,100,5.20424,0.2271,4245,4170,1,134.6,75,galaxy_a75_b10_c100_v1.col,1.833
10,100,4.8326,0.1607,4277,4202,2,134.0,75,galaxy_a75_b10_c100_v2.col,2.429
10,100,5.64312,0.1174,4619,4544,3,137.6,75,galaxy_a75_b10_c100_v3.col,1.8601
10,100,5.2523,0.1299,4384,4309,4,136.0,75,galaxy_a75_b10_c100_v4.col,1.4832
10,100,3.67867,0.1209,3799,3724,5,128.4,75,galaxy_a75_b10_c100_v5.col,1.4353
10,20,0.54874,0.0007,1189,1114,1,87.0,75,galaxy_a75_b10_c20_v1.col,0.5477
10,20,0.63312,0.0308,1193,1118,2,86.8,75,galaxy_a75_b10_c20_v2.col,0.7348
10,20,0.58064,0.0305,1166,1091,3,87.6,75,galaxy_a75_b10_c20_v3.col,0.9274
10,20,0.5643,0.0156,1182,1107,4,86.0,75,galaxy_a75_b10_c20_v4.col,0.3162
10,20,0.60737,0.007,1248,1173,5,88.2,75,galaxy_a75_b10_c20_v5.col,1.241
10,30,0.84483,0.0286,1513,1438,1,90.8,75,galaxy_a75_b10_c30_v1.col,0.3742
10,30,1.0067,0.1082,1605,1530,2,89.6,75,galaxy_a75_b10_c30_v2.col,0.7483
10,30,0.89902,0.0211,1624,1549,3,92.0,75,galaxy_a75_b10_c30_v3.col,0.6325
10,30,0.83179,0.0031,1572,1497,4,91.6,75,galaxy_a75_b10_c30_v4.col,0.9274
10,30,0.91543,0.1551,1450,1375,5,89.2,75,galaxy_a75_b10_c30_v5.col,0.9695
10,40,1.17593,0.0057,1975,1900,1,94.8,75,galaxy_a75_b10_c40_v1.col,0.5831
10,40,1.18279,0.0058,1946,1871,2,95.2,75,galaxy_a75_b10_c40_v2.col,0.8
10,40,1.48795,0.124,2112,2037,3,97.2,75,galaxy_a75_b10_c40_v3.col,1.1136
10,40,1.1407,0.0234,1921,1846,4,95.2,75,galaxy_a75_b10_c40_v4.col,0.7348
10,40,1.18329,0.1171,1867,1792,5,93.6,75,galaxy_a75_b10_c40_v5.col,0.5099
10,50,1.61391,0.0058,2373,2298,1,101.2,75,galaxy_a75_b10_c50_v1.col,0.4899
10,50,1.78054,0.123,2354,2279,2,101.2,75,galaxy_a75_b10_c50_v2.col,1.1576
10,50,1.58124,0.0081,2310,2235,3,101.2,75,galaxy_a75_b10_c50_v3.col,0.6633
10,50,1.82777,0.1161,2363,2288,4,101.8,75,galaxy_a75_b10_c50_v4.col,1.6248
10,50,1.57925,0.01,2198,2123,5,100.4,75,galaxy_a75_b10_c50_v5.col,0.6
10,60,2.43623,0.1393,2853,2778,1,109.8,75,galaxy_a75_b10_c60_v1.col,1.7436
10,60,2.31026,0.1258,2777,2702,2,109.8,75,galaxy_a75_b10_c60_v2.col,0.6633
10,60,2.22317,0.0239,2802,2727,3,107.8,75,galaxy_a75_b10_c60_v3.col,0.9695
10,60,2.26885,0.1436,2724,2649,4,106.8,75,galaxy_a75_b10_c60_v4.col,2.2672
10,60,2.19941,0.1267,2744,2669,5,105.0,75,galaxy_a75_b10_c60_v5.col,0.6325
10,70,2.41785,0.0157,2975,2900,1,112.6,75,galaxy_a75_b10_c70_v1.col,0.6
10,70,2.55462,0.1273,2935,2860,2,111.8,75,galaxy_a75_b10_c70_v2.col,1.3565
10,70,2.65328,0.1209,2939,2864,3,109.0,75,galaxy_a75_b10_c70_v3.col,0.7746
10,70,3.26679,0.1383,3264,3189,4,114.4,75,galaxy_a75_b10_c70_v4.col,1.3266
10,70,2.68605,0.148,3012,2937,5,110.8,75,galaxy_a75_b10_c70_v5.col,1.3565
10,80,3.06607,0.1316,3322,3247,1,116.8,75,galaxy_a75_b10_c80_v1.col,1.9849
10,80,3.65978,0.17,3626,3551,2,122.8,75,galaxy_a75_b10_c80_v2.col,1.9079
10,80,2.87316,0.1105,3207,3132,3,115.4,75,galaxy_a75_b10_c80_v3.col,1.4353
10,80,3.12227,0.1104,3392,3317,4,118.6,75,galaxy_a75_b10_c80_v4.col,0.5099
10,80,2.93534,0.1063,3250,3175,5,115.0,75,galaxy_a75_b10_c80_v5.col,1.3038
10,90,3.56005,0.1229,3649,3574,1,121.8,75,galaxy_a75_b10_c90_v1.col,0.4899
10,90,4.00273,0.1328,3997,3922,2,127.6,75,galaxy_a75_b10_c90_v2.col,1.2083
10,90,3.63693,0.1254,3764,3689,3,124.6,75,galaxy_a75_b10_c90_v3.col,1.3638
10,90,4.06125,0.1347,3980,3905,4,127.2,75,galaxy_a75_b10_c90_v4.col,1.9339
10,90,3.41513,0.1359,3663,3588,5,124.0,75,galaxy_a75_b10_c90_v5.col,1.3784
10,100,5.07622,0.1138,4353,4273,1,136.2,80,galaxy_a80_b10_c100_v1.col,1.4283
10,100,4.84105,0.1592,4195,4115,2,133.8,80,galaxy_a80_b10_c100_v2.col,0.5831
10,100,5.87104,0.146,4813,4733,3,143.0,80,galaxy_a80_b10_c100_v3.col,1.3416
10,100,5.22842,0.1094,4467,4387,4,140.0,80,galaxy_a80_b10_c100_v4.col,0.7071
10,100,5.23164,0.1159,4435,4355,5,135.4,80,galaxy_a80_b10_c100_v5.col,1.9647
10,20,0.89991,0.1625,1292,1212,1,92.8,80,galaxy_a80_b10_c20_v1.col,0.9695
10,20,0.66103,0.0113,1289,1209,2,92.4,80,galaxy_a80_b10_c20_v2.col,0.5099
10,20,0.64113,0.0113,1271,1191,3,91.6,80,galaxy_a80_b10_c20_v3.col,0.6782
10,20,0.74352,0.1222,1267,1187,4,92.4,80,galaxy_a80_b10_c20_v4.col,0.8718
10,20,0.64118,0.0065,1301,1221,5,93.2,80,galaxy_a80_b10_c20_v5.col,0.8602
10,30,0.88341,0.0092,1644,1564,1,97.0,80,galaxy_a80_b10_c30_v1.col,0.8367
10,30,0.91187,0.0228,1613,1533,2,96.6,80,galaxy_a80_b10_c30_v2.col,1.2083
10,30,1.14545,0.1533,1784,1704,3,97.2,80,galaxy_a80_b10_c30_v3.col,0.3742
10,30,0.97547,0.0339,1721,1641,4,96.4,80,galaxy_a80_b10_c30_v4.col,1.2083
10,30,0.83128,0.0129,1559,1479,5,95.6,80,galaxy_a80_b10_c30_v5.col,0.9798
10,40,1.35492,0.134,1982,1902,1,100.6,80,galaxy_a80_b10_c40_v1.col,0.4
10,40,1.23476,0.0098,2032,1952,2,102.4,80,galaxy_a80_b10_c40_v2.col,0.5099
10,40,1.66448,0.1351,2174,2094,3,101.4,80,galaxy_a80_b10_c40_v3.col,1.1662
10,40,1.18794,0.0071,1996,1916,4,98.4,80,galaxy_a80_b10_c40_v4.col,0.7483
10,40,1.36916,0.0282,2127,2047,5,100.8,80,galaxy_a80_b10_c40_v5.col,0.9695
10,50,1.84949,0.117,2440,2360,1,104.2,80,galaxy_a80_b10_c50_v1.col,0.9695
10,50,1.72747,0.0136,2445,2365,2,105.0,80,galaxy_a80_b10_c50_v2.col,0.5477
10,50,1.7666,0.1274,2337,2257,3,105.4,80,galaxy_a80_b10_c50_v3.col,1.5033
10,50,1.66863,0.0042,2431,2351,4,104.8,80,galaxy_a80_b10_c50_v4.col,0.6633
10,50,1.90299,0.1244,2502,2422,5,105.2,80,galaxy_a80_b10_c50_v5.col,0.8
10,60,2.39535,0.129,2804,2724,1,112.6,80,galaxy_a80_b10_c60_v1.col,1.5684
10,60,2.49396,0.0134,2969,2889,2,113.0,80,galaxy_a80_b10_c60_v2.col,0.8944
10,60,2.48369,0.1463,2898,2818,3,110.6,80,galaxy_a80_b10_c60_v3.col,0.6
10,60,2.1719,0.1477,2744,2664,4,109.6,80,galaxy_a80_b10_c60_v4.col,1.4353
10,60,2.19391,0.1195,2754,2674,5,111.8,80,galaxy_a80_b10_c60_v5.col,1.1576
10,70,2.87585,0.1214,3150,3070,1,116.6,80,galaxy_a80_b10_c70_v1.col,0.6
10,70,2.83158,0.118,3222,3142,2,117.2,80,galaxy_a80_b10_c70_v2.col,1.1576
10,70,3.18877,0.1149,3477,3397,3,122.8,80,galaxy_a80_b10_c70_v3.col,1.562
10,70,2.71232,0.1356,3070,2990,4,111.8,80,galaxy_a80_b10_c70_v4.col,1.8276
10,70,2.59521,0.1346,2993,2913,5,111.6,80,galaxy_a80_b10_c70_v5.col,1.2083
10,80,3.13484,0.0994,3477,3397,1,120.4,80,galaxy_a80_b10_c80_v1.col,0.5099
10,80,4.0041,0.1191,3883,3803,2,125.4,80,galaxy_a80_b10_c80_v2.col,1.2083
10,80,3.52256,0.1201,3614,3534,3,122.6,80,galaxy_a80_b10_c80_v3.col,3.0757
10,80,3.68926,0.1712,3783,3703,4,122.6,80,galaxy_a80_b10_c80_v4.col,1.7493
10,80,3.26088,0.1148,3664,3584,5,123.4,80,galaxy_a80_b10_c80_v5.col,1.4353
10,90,3.79254,0.1219,3822,3742,1,126.2,80,galaxy_a80_b10_c90_v1.col,2.2672
10,90,4.72511,0.1853,4144,4064,2,128.4,80,galaxy_a80_b10_c90_v2.col,1.4353
10,90,4.04023,0.1865,3855,3775,3,128.6,80,galaxy_a80_b10_c90_v3.col,1.4353
10,90,4.54329,0.1197,4135,4055,4,130.8,80,galaxy_a80_b10_c90_v4.col,1.7436
10,90,4.38968,0.1202,4120,4040,5,128.8,80,galaxy_a80_b10_c90_v5.col,2.2672
10,100,6.84503,0.1366,5319,5234,1,150.0,85,galaxy_a85_b10_c100_v1.col,1.2247
10,100,5.48136,0.1012,4538,4453,2,140.4,85,galaxy_a85_b10_c100_v2.col,1.0296
10,100,5.50989,0.1368,4667,4582,3,138.0,85,galaxy_a85_b10_c100_v3.col,1.2649
10,100,5.84382,0.1586,4702,4617,4,141.4,85,galaxy_a85_b10_c100_v4.col,1.3638
10,100,5.71141,0.1718,4660,4575,5,139.8,85,galaxy_a85_b10_c100_v5.col,0.3742
10,20,0.77246,0.0221,1379,1294,1,97.4,85,galaxy_a85_b10_c20_v1.col,0.8124
10,20,0.73079,0.0021,1357,1272,2,99.6,85,galaxy_a85_b10_c20_v2.col,1.1662
10,20,0.81494,0.1211,1361,1276,3,97.0,85,galaxy_a85_b10_c20_v3.col,0.6325
10,20,0.66973,0.0053,1337,1252,4,97.8,85,galaxy_a85_b10_c20_v4.col,0.8
10,20,0.70516,0.0047,1394,1309,5,98.8,85,galaxy_a85_b10_c20_v5.col,0.7348
10,30,0.98296,0.0027,1764,1679,1,102.4,85,galaxy_a85_b10_c30_v1.col,0.6782
10,30,1.09387,0.131,1725,1640,2,100.0,85,galaxy_a85_b10_c30_v2.col,0.7071
10,30,1.08666,0.0082,1875,1790,3,102.4,85,galaxy_a85_b10_c30_v3.col,0.5099
10,30,1.30715,0.1212,1957,1872,4,104.4,85,galaxy_a85_b10_c30_v4.col,0.6782
10,30,1.03884,0.0038,1839,1754,5,102.2,85,galaxy_a85_b10_c30_v5.col,0.9695
10,40,1.65426,0.0355,2298,2213,1,107.6,85,galaxy_a85_b10_c40_v1.col,0.6
10,40,1.59475,0.1385,2170,2085,2,105.0,85,galaxy_a85_b10_c40_v2.col,1.1832
10,40,1.57854,0.0479,2263,2178,3,103.8,85,galaxy_a85_b10_c40_v3.col,0.6633
10,40,1.70242,0.129,2141,2056,4,106.4,85,galaxy_a85_b10_c40_v4.col,0.9274
10,40,1.54919,0.0426,2206,2121,5,106.4,85,galaxy_a85_b10_c40_v5.col,1.2083
10,50,2.6653,0.1777,2827,2742,1,115.2,85,galaxy_a85_b10_c50_v1.col,0.6633
10,50,1.90193,0.0135,2631,2546,2,110.6,85,galaxy_a85_b10_c50_v2.col,0.6782
10,50,2.08285,0.1294,2606,2521,3,111.0,85,galaxy_a85_b10_c50_v3.col,0.8367
10,50,2.05722,0.1196,2537,2452,4,108.8,85,galaxy_a85_b10_c50_v4.col,1.3191
10,50,1.96101,0.0103,2640,2555,5,109.4,85,galaxy_a85_b10_c50_v5.col,1.077
10,60,2.79018,0.1216,3001,2916,1,115.2,85,galaxy_a85_b10_c60_v1.col,1.3928
10,60,2.55796,0.1387,2822,2737,2,113.2,85,galaxy_a85_b10_c60_v2.col,1.0677
10,60,2.84945,0.135,3082,2997,3,116.2,85,galaxy_a85_b10_c60_v3.col,1.3191
10,60,2.35096,0.1353,2732,2647,4,111.6,85,galaxy_a85_b10_c60_v4.col,1.1225
10,60,2.86661,0.1284,3145,3060,5,117.4,85,galaxy_a85_b10_c60_v5.col,2.9257
10,70,3.17251,0.1372,3352,3267,1,121.2,85,galaxy_a85_b10_c70_v1.col,1.7146
10,70,3.66662,0.1206,3701,3616,2,124.6,85,galaxy_a85_b10_c70_v2.col,1.2884
10,70,3.35154,0.1228,3462,3377,3,121.8,85,galaxy_a85_b10_c70_v3.col,1.1136
10,70,2.90669,0.121,3255,3170,4,116.4,85,galaxy_a85_b10_c70_v4.col,0.8124
10,70,3.18092,0.1197,3369,3284,5,122.0,85,galaxy_a85_b10_c70_v5.col,0.7746
10,80,4.11102,0.1175,3938,3853,1,131.0,85,galaxy_a85_b10_c80_v1.col,0.5477
10,80,3.8038,0.1623,3701,3616,2,125.2,85,galaxy_a85_b10_c80_v2.col,0.9695
10,80,4.06432,0.121,3980,3895,3,128.6,85,galaxy_a85_b10_c80_v3.col,1.9391
10,80,3.38952,0.1076,3527,3442,4,123.4,85,galaxy_a85_b10_c80_v4.col,1.5033
10,80,4.04088,0.1155,3854,3769,5,126.6,85,galaxy_a85_b10_c80_v5.col,0.8124
10,90,5.56664,0.1843,4342,4257,1,137.2,85,galaxy_a85_b10_c90_v1.col,2.2672
10,90,4.94808,0.1351,4351,4266,2,134.0,85,galaxy_a85_b10_c90_v2.col,1.7029
10,90,5.01372,0.13,4332,4247,3,134.2,85,galaxy_a85_b10_c90_v3.col,0.9695
10,90,4.44974,0.1253,4144,4059,4,132.0,85,galaxy_a85_b10_c90_v4.col,1.7889
10,90,5.34744,0.1603,4502,4417,5,136.4,85,galaxy_a85_b10_c90_v5.col,0.9274
10,100,6.71517,0.1429,5144,5054,1,147.4,90,galaxy_a90_b10_c100_v1.col,1.0296
10,100,6.93536,0.22,5124,5034,2,149.2,90,galaxy_a90_b10_c100_v2.col,1.1576
10,100,6.25561,0.1493,4991,4901,3,146.4,90,galaxy_a90_b10_c100_v3.col,1.6912
10,100,6.98423,0.1283,5440,5350,4,151.0,90,galaxy_a90_b10_c100_v4.col,1.5811
10,100,6.22845,0.1621,4867,4777,5,144.2,90,galaxy_a90_b10_c100_v5.col,1.5297
10,20,0.81076,0.0039,1466,1376,1,102.6,90,galaxy_a90_b10_c20_v1.col,0.6782
10,20,0.90908,0.1251,1437,1347,2,102.0,90,galaxy_a90_b10_c20_v2.col,0.4472
10,20,0.74147,0.003,1406,1316,3,104.0,90,galaxy_a90_b10_c20_v3.col,1.9235
10,20,0.76464,0.0021,1456,1366,4,103.6,90,galaxy_a90_b10_c20_v4.col,0.8718
10,20,0.77018,0.0116,1404,1314,5,104.8,90,galaxy_a90_b10_c20_v5.col,1.3565
10,30,1.31464,0.1108,1929,1839,1,106.2,90,galaxy_a90_b10_c30_v1.col,1.1576
10,30,1.10318,0.0062,1819,1729,2,107.4,90,galaxy_a90_b10_c30_v2.col,0.9798
10,30,1.33026,0.1243,1878,1788,3,106.6,90,galaxy_a90_b10_c30_v3.col,1.1662
10,30,1.10256,0.0326,1855,1765,4,106.0,90,galaxy_a90_b10_c30_v4.col,1.3038
10,30,1.05485,0.036,1780,1690,5,105.8,90,galaxy_a90_b10_c30_v5.col,1.1576
10,40,1.96815,0.1145,2516,2426,1,112.6,90,galaxy_a90_b10_c40_v1.col,1.2083
10,40,1.81049,0.0349,2374,2284,2,111.2,90,galaxy_a90_b10_c40_v2.col,0.8
10,40,2.04046,0.121,2356,2266,3,112.4,90,galaxy_a90_b10_c40_v3.col,0.5099
10,40,1.79341,0.0496,2422,2332,4,111.4,90,galaxy_a90_b10_c40_v4.col,1.0296
10,40,2.12588,0.1263,2460,2370,5,112.0,90,galaxy_a90_b10_c40_v5.col,1.0488
10,50,2.70902,0.1714,2972,2882,1,117.2,90,galaxy_a90_b10_c50_v1.col,0.9695
10,50,2.4804,0.1446,2839,2749,2,116.2,90,galaxy_a90_b10_c50_v2.col,1.3565
10,50,2.28995,0.0107,2795,2705,3,118.0,90,galaxy_a90_b10_c50_v3.col,0.8944
10,50,2.28179,0.1159,2718,2628,4,116.0,90,galaxy_a90_b10_c50_v4.col,0.3162
10,50,2.27508,0.1158,2730,2640,5,115.2,90,galaxy_a90_b10_c50_v5.col,0.3742
10,60,2.66532,0.012,3107,3017,1,119.0,90,galaxy_a90_b10_c60_v1.col,1.4832
10,60,2.91938,0.1256,3206,3116,2,120.4,90,galaxy_a90_b10_c60_v2.col,0.7483
10,60,2.96417,0.1525,3170,3080,3,119.8,90,galaxy_a90_b10_c60_v3.col,1.7146
10,60,2.86883,0.1528,3167,3077,4,120.0,90,galaxy_a90_b10_c60_v4.col,1.1402
10,60,3.18479,0.1145,3204,3114,5,121.2,90,galaxy_a90_b10_c60_v5.col,1.0198
10,70,4.20936,0.1965,3796,3706,1,130.0,90,galaxy_a90_b10_c70_v1.col,1.4142
10,70,3.66589,0.1466,3563,3473,2,125.8,90,galaxy_a90_b10_c70_v2.col,1.3191
10,70,3.99587,0.1386,3862,3772,3,128.6,90,galaxy_a90_b10_c70_v3.col,1.0296
10,70,3.68193,0.1307,3744,3654,4,128.4,90,galaxy_a90_b10_c70_v4.col,1.0296
10,70,3.76704,0.1493,3778,3688,5,130.2,90,galaxy_a90_b10_c70_v5.col,1.0198
10,80,4.08636,0.1123,3939,3849,1,132.0,90,galaxy_a90_b10_c80_v1.col,1.4832
10,80,4.33186,0.1224,4010,3920,2,132.2,90,galaxy_a90_b10_c80_v2.col,1.8
10,80,4.29025,0.1217,4075,3985,3,133.2,90,galaxy_a90_b10_c80_v3.col,0.9165
10,80,5.55663,0.1115,4343,4253,4,137.0,90,galaxy_a90_b10_c80_v4.col,1.5166
10,80,4.53799,0.1263,4114,4024,5,134.0,90,galaxy_a90_b10_c80_v5.col,0.7071
10,90,5.46594,0.1313,4650,4560,1,140.4,90,galaxy_a90_b10_c90_v1.col,1.2884
10,90,5.39088,0.1182,4555,4465,2,142.6,90,galaxy_a90_b10_c90_v2.col,1.7493
10,90,5.08513,0.2252,4319,4229,3,135.6,90,galaxy_a90_b10_c90_v3.col,1.3266
10,90,5.09315,0.107,4459,4369,4,140.0,90,galaxy_a90_b10_c90_v4.col,1.1402
10,90,5.98133,0.1409,4944,4854,5,147.2,90,galaxy_a90_b10_c90_v5.col,0.9695
10,100,6.84105,0.1188,5439,5344,1,151.0,95,galaxy_a95_b10_c100_v1.col,2.0736
10,100,7.15169,0.1999,5431,5336,2,155.2,95,galaxy_a95_b10_c100_v2.col,1.3928
10,100,6.61284,0.1535,5002,4907,3,150.0,95,galaxy_a95_b10_c100_v3.col,1.8708
10,100,6.51507,0.1435,5209,5114,4,152.2,95,galaxy_a95_b10_c100_v4.col,1.3565
10,100,7.33619,0.2009,5559,5464,5,156.6,95,galaxy_a95_b10_c100_v5.col,1.3266
10,20,0.91242,0.0573,1488,1393,1,109.4,95,galaxy_a95_b10_c20_v1.col,1.2083
10,20,1.0065,0.1319,1511,1416,2,107.8,95,galaxy_a95_b10_c20_v2.col,0.8602
10,20,0.96452,0.0417,1595,1500,3,109.0,95,galaxy_a95_b10_c20_v3.col,1.2247
10,20,0.87809,0.0193,1501,1406,4,110.0,95,galaxy_a95_b10_c20_v4.col,2.2583
10,20,0.96054,0.108,1503,1408,5,108.8,95,galaxy_a95_b10_c20_v5.col,1.7436
10,30,1.21749,0.0111,1947,1852,1,112.6,95,galaxy_a95_b10_c30_v1.col,0.9274
10,30,1.25939,0.0076,1957,1862,2,112.0,95,galaxy_a95_b10_c30_v2.col,0.8367
10,30,1.51706,0.123,2069,1974,3,112.6,95,galaxy_a95_b10_c30_v3.col,0.8718
10,30,1.26034,0.0041,1995,1900,4,111.8,95,galaxy_a95_b10_c30_v4.col,1.2
10,30,1.34589,0.1214,1929,1834,5,110.4,95,galaxy_a95_b10_c30_v5.col,1.2884
10,40,1.95365,0.0137,2588,2493,1,116.4,95,galaxy_a95_b10_c40_v1.col,0.9798
10,40,2.14081,0.1188,2630,2535,2,117.8,95,galaxy_a95_b10_c40_v2.col,0.8602
10,40,1.94061,0.0209,2515,2420,3,118.2,95,galaxy_a95_b10_c40_v3.col,0.7348
10,40,2.27898,0.1164,2684,2589,4,119.2,95,galaxy_a95_b10_c40_v4.col,0.8602
10,40,1.99746,0.0601,2521,2426,5,118.2,95,galaxy_a95_b10_c40_v5.col,0.3742
10,50,2.83696,0.1495,3073,2978,1,122.0,95,galaxy_a95_b10_c50_v1.col,1.4491
10,50,2.4188,0.1618,2904,2809,2,121.0,95,galaxy_a95_b10_c50_v2.col,0.6325
10,50,2.58184,0.1272,3040,2945,3,123.8,95,galaxy_a95_b10_c50_v3.col,1.241
10,50,2.5359,0.161,2771,2676,4,120.2,95,galaxy_a95_b10_c50_v4.col,1.241
10,50,2.82059,0.1233,3102,3007,5,125.4,95,galaxy_a95_b10_c50_v5.col,0.8124
10,60,3.2929,0.106,3501,3406,1,128.4,95,galaxy_a95_b10_c60_v1.col,0.6
10,60,2.91521,0.1243,3263,3168,2,126.0,95,galaxy_a95_b10_c60_v2.col,1.3416
10,60,3.17707,0.1166,3480,3385,3,127.4,95,galaxy_a95_b10_c60_v3.col,1.4
10,60,3.74607,0.1243,3765,3670,4,131.8,95,galaxy_a95_b10_c60_v4.col,0.5831
10,60,3.14388,0.1181,3333,3238,5,124.4,95,galaxy_a95_b10_c60_v5.col,1.3638
10,70,3.82509,0.1658,3744,3649,1,130.0,95,galaxy_a95_b10_c70_v1.col,0.8367
10,70,4.17281,0.1865,4008,3913,2,130.2,95,galaxy_a95_b10_c70_v2.col,1.4629
10,70,4.09341,0.1332,3926,3831,3,132.4,95,galaxy_a95_b10_c70_v3.col,1.249
10,70,3.90457,0.1259,3820,3725,4,131.8,95,galaxy_a95_b10_c70_v4.col,0.3742
10,70,4.31412,0.1323,3971,3876,5,131.6,95,galaxy_a95_b10_c70_v5.col,1.3638
10,80,5.06287,0.1355,4388,4293,1,138.6,95,galaxy_a95_b10_c80_v1.col,1.2083
10,80,5.73635,0.1498,4608,4513,2,141.8,95,galaxy_a95_b10_c80_v2.col,1.241
10,80,5.98178,0.223,4811,4716,3,144.0,95,galaxy_a95_b10_c80_v3.col,1.5166
10,80,5.40347,0.1855,4644,4549,4,139.2,95,galaxy_a95_b10_c80_v4.col,1.1576
10,80,4.87043,0.1366,4220,4125,5,136.6,95,galaxy_a95_b10_c80_v5.col,1.3266
10,90,6.32645,0.232,4894,4799,1,144.4,95,galaxy_a95_b10_c90_v1.col,1.249
10,90,6.13123,0.1896,4746,4651,2,142.4,95,galaxy_a95_b10_c90_v2.col,1.5362
10,90,5.95368,0.1612,4911,4816,3,143.0,95,galaxy_a95_b10_c90_v3.col,2.0248
10,90,6.10653,0.1524,4867,4772,4,147.2,95,galaxy_a95_b10_c90_v4.col,1.4629
10,90,6.1304,0.1114,4983,4888,5,148.6,95,galaxy_a95_b10_c90_v5.col,0.8718
