a,b,N,p,M,v,tempo_melhor,heuristica_vencedora,melhor_chi,instancia
100,100,200,1,92,1,0.0001,MinGrau,55,bi_a100_b100_p01%_v1.col
100,100,200,1,103,2,0.0001,MinGrau,50,bi_a100_b100_p01%_v2.col
100,100,200,1,100,3,0.0001,MinGrau,52,bi_a100_b100_p01%_v3.col
100,100,200,1,78,4,0.0001,MinGrau,45,bi_a100_b100_p01%_v4.col
100,100,200,1,95,5,0.0001,MinGrau,49,bi_a100_b100_p01%_v5.col
100,100,200,3,306,1,0.0002,MaxGrau,59,bi_a100_b100_p03%_v1.col
100,100,200,3,317,2,0.0002,MaxGrau,57,bi_a100_b100_p03%_v2.col
100,100,200,3,331,3,0.0002,MaxGrau,68,bi_a100_b100_p03%_v3.col
100,100,200,3,289,4,0.0002,MaxGrau,52,bi_a100_b100_p03%_v4.col
100,100,200,3,294,5,0.0002,MaxGrau,57,bi_a100_b100_p03%_v5.col
100,100,200,5,497,1,0.0003,MaxGrau,48,bi_a100_b100_p05%_v1.col
100,100,200,5,488,2,0.0003,MaxGrau,51,bi_a100_b100_p05%_v2.col
100,100,200,5,529,3,0.0003,MaxGrau,57,bi_a100_b100_p05%_v3.col
100,100,200,5,483,4,0.0003,MaxGrau,57,bi_a100_b100_p05%_v4.col
100,100,200,5,479,5,0.0003,MaxGrau,48,bi_a100_b100_p05%_v5.col
100,100,200,10,971,1,0.0005,MaxGrau,68,bi_a100_b100_p10%_v1.col
100,100,200,10,922,2,0.0004,MaxGrau,61,bi_a100_b100_p10%_v2.col
100,100,200,10,1030,3,0.0004,MaxGrau,67,bi_a100_b100_p10%_v3.col
100,100,200,10,992,4,0.0004,MaxGrau,67,bi_a100_b100_p10%_v4.col
100,100,200,10,1020,5,0.0005,MaxGrau,70,bi_a100_b100_p10%_v5.col
100,100,200,20,1973,1,0.0009,MaxGrau,106,bi_a100_b100_p20%_v1.col
100,100,200,20,2003,2,0.0009,MaxGrau,106,bi_a100_b100_p20%_v2.col
100,100,200,20,2018,3,0.0009,MaxGrau,114,bi_a100_b100_p20%_v3.col
100,100,200,20,1982,4,0.0009,MaxGrau,106,bi_a100_b100_p20%_v4.col
100,100,200,20,1952,5,0.0009,MaxGrau,109,bi_a100_b100_p20%_v5.col
100,100,200,30,2897,1,0.0016,MinGrau,148,bi_a100_b100_p30%_v1.col
100,100,200,30,3016,2,0.0018,MinGrau,150,bi_a100_b100_p30%_v2.col
100,100,200,30,3048,3,0.0018,MinGrau,151,bi_a100_b100_p30%_v3.col
100,100,200,30,3080,4,0.0018,MinGrau,151,bi_a100_b100_p30%_v4.col
100,100,200,30,3024,5,0.0017,MinGrau,148,bi_a100_b100_p30%_v5.col
100,100,200,40,3953,1,0.0026,MinGrau,166,bi_a100_b100_p40%_v1.col
100,100,200,40,4048,2,0.0026,MinGrau,167,bi_a100_b100_p40%_v2.col
100,100,200,40,4017,3,0.0027,MinGrau,166,bi_a100_b100_p40%_v3.col
100,100,200,40,3932,4,0.0026,MinGrau,166,bi_a100_b100_p40%_v4.col
100,100,200,40,4015,5,0.0026,MinGrau,166,bi_a100_b100_p40%_v5.col
100,100,200,50,5022,1,0.0036,MinGrau,176,bi_a100_b100_p50%_v1.col
100,100,200,50,5019,2,0.0036,MinGrau,176,bi_a100_b100_p50%_v2.col
100,100,200,50,5002,3,0.0035,MinGrau,178,bi_a100_b100_p50%_v3.col
100,100,200,50,4993,4,0.0035,MinGrau,177,bi_a100_b100_p50%_v4.col
100,100,200,50,5020,5,0.0034,MinGrau,176,bi_a100_b100_p50%_v5.col
100,100,200,60,6000,1,0.0045,MinGrau,183,bi_a100_b100_p60%_v1.col
100,100,200,60,5978,2,0.0047,MinGrau,185,bi_a100_b100_p60%_v2.col
100,100,200,60,5912,3,0.0043,MinGrau,184,bi_a100_b100_p60%_v3.col
100,100,200,60,6013,4,0.0046,MinGrau,183,bi_a100_b100_p60%_v4.col
100,100,200,60,6048,5,0.0047,MinGrau,184,bi_a100_b100_p60%_v5.col
100,100,200,70,7039,1,0.0055,MinGrau,188,bi_a100_b100_p70%_v1.col
100,100,200,70,7044,2,0.0056,MinGrau,190,bi_a100_b100_p70%_v2.col
100,100,200,70,7022,3,0.0058,MinGrau,189,bi_a100_b100_p70%_v3.col
100,100,200,70,7053,4,0.0061,MinGrau,189,bi_a100_b100_p70%_v4.col
100,100,200,70,7036,5,0.0057,MinGrau,188,bi_a100_b100_p70%_v5.col
100,100,200,80,8007,1,0.0063,MinGrau,191,bi_a100_b100_p80%_v1.col
100,100,200,80,7988,2,0.0066,MinGrau,192,bi_a100_b100_p80%_v2.col
100,100,200,80,8012,3,0.0066,MinGrau,192,bi_a100_b100_p80%_v3.col
100,100,200,80,7973,4,0.0065,MinGrau,192,bi_a100_b100_p80%_v4.col
100,100,200,80,7992,5,0.0066,MinGrau,192,bi_a100_b100_p80%_v5.col
100,100,200,90,9021,1,0.0065,MinGrau,195,bi_a100_b100_p90%_v1.col
100,100,200,90,8994,2,0.0069,MinGrau,195,bi_a100_b100_p90%_v2.col
100,100,200,90,9045,3,0.0123,MinGrau,194,bi_a100_b100_p90%_v3.col
100,100,200,90,8972,4,0.0068,MinGrau,196,bi_a100_b100_p90%_v4.col
100,100,200,90,9008,5,0.0066,MinGrau,195,bi_a100_b100_p90%_v5.col
100,500,600,1,525,1,0.0005,MinGrau,96,bi_a100_b500_p01%_v1.col
100,500,600,1,516,2,0.0005,MinGrau,96,bi_a100_b500_p01%_v2.col
100,500,600,1,518,3,0.0006,MinGrau,97,bi_a100_b500_p01%_v3.col
100,500,600,1,503,4,0.0005,MinGrau,95,bi_a100_b500_p01%_v4.col
100,500,600,1,511,5,0.0005,MinGrau,100,bi_a100_b500_p01%_v5.col
100,500,600,3,1537,1,0.0009,MinGrau,109,bi_a100_b500_p03%_v1.col
100,500,600,3,1444,2,0.0008,MinGrau,110,bi_a100_b500_p03%_v2.col
100,500,600,3,1499,3,0.0008,MinGrau,109,bi_a100_b500_p03%_v3.col
100,500,600,3,1505,4,0.0009,MinGrau,108,bi_a100_b500_p03%_v4.col
100,500,600,3,1550,5,0.0009,MinGrau,107,bi_a100_b500_p03%_v5.col
100,500,600,5,2497,1,0.0013,MinGrau,128,bi_a100_b500_p05%_v1.col
100,500,600,5,2502,2,0.0013,MinGrau,129,bi_a100_b500_p05%_v2.col
100,500,600,5,2543,3,0.0013,MinGrau,127,bi_a100_b500_p05%_v3.col
100,500,600,5,2442,4,0.0012,MinGrau,124,bi_a100_b500_p05%_v4.col
100,500,600,5,2454,5,0.0013,MinGrau,125,bi_a100_b500_p05%_v5.col
100,500,600,10,5152,1,0.0031,MaxGrau,170,bi_a100_b500_p10%_v1.col
100,500,600,10,4977,2,0.003,MaxGrau,169,bi_a100_b500_p10%_v2.col
100,500,600,10,5109,3,0.003,MaxGrau,178,bi_a100_b500_p10%_v3.col
100,500,600,10,4929,4,0.0029,MaxGrau,172,bi_a100_b500_p10%_v4.col
100,500,600,10,5103,5,0.003,MaxGrau,169,bi_a100_b500_p10%_v5.col
100,500,600,20,10077,1,0.0083,MaxGrau,325,bi_a100_b500_p20%_v1.col
100,500,600,20,10063,2,0.0083,MaxGrau,320,bi_a100_b500_p20%_v2.col
100,500,600,20,9741,3,0.0079,MaxGrau,314,bi_a100_b500_p20%_v3.col
100,500,600,20,10069,4,0.0086,MaxGrau,320,bi_a100_b500_p20%_v4.col
100,500,600,20,9842,5,0.0079,MaxGrau,310,bi_a100_b500_p20%_v5.col
100,500,600,30,15047,1,0.0195,MinGrau,517,bi_a100_b500_p30%_v1.col
100,500,600,30,15090,2,0.0215,MinGrau,525,bi_a100_b500_p30%_v2.col
100,500,600,30,15149,3,0.022,MinGrau,528,bi_a100_b500_p30%_v3.col
100,500,600,30,15116,4,0.0197,MinGrau,524,bi_a100_b500_p30%_v4.col
100,500,600,30,14883,5,0.0212,MinGrau,529,bi_a100_b500_p30%_v5.col
100,500,600,40,20050,1,0.0318,MinGrau,551,bi_a100_b500_p40%_v1.col
100,500,600,40,19920,2,0.037,MinGrau,554,bi_a100_b500_p40%_v2.col
100,500,600,40,20094,3,0.0384,MinGrau,552,bi_a100_b500_p40%_v3.col
100,500,600,40,20053,4,0.036,MinGrau,552,bi_a100_b500_p40%_v4.col
100,500,600,40,20043,5,0.0354,MinGrau,553,bi_a100_b500_p40%_v5.col
100,500,600,50,25075,1,0.0433,MinGrau,570,bi_a100_b500_p50%_v1.col
100,500,600,50,24945,2,0.0539,MinGrau,571,bi_a100_b500_p50%_v2.col
100,500,600,50,24951,3,0.0503,MinGrau,568,bi_a100_b500_p50%_v3.col
100,500,600,50,25104,4,0.0613,MinGrau,569,bi_a100_b500_p50%_v4.col
100,500,600,50,24738,5,0.0507,MinGrau,569,bi_a100_b500_p50%_v5.col
100,500,600,60,29954,1,0.071,MinGrau,580,bi_a100_b500_p60%_v1.col
100,500,600,60,29933,2,0.0655,MinGrau,578,bi_a100_b500_p60%_v2.col
100,500,600,60,30037,3,0.0601,MinGrau,579,bi_a100_b500_p60%_v3.col
100,500,600,60,30038,4,0.0681,MinGrau,578,bi_a100_b500_p60%_v4.col
100,500,600,60,30091,5,0.0723,MinGrau,581,bi_a100_b500_p60%_v5.col
100,500,600,70,35049,1,0.0894,MinGrau,587,bi_a100_b500_p70%_v1.col
100,500,600,70,35055,2,0.0806,MinGrau,585,bi_a100_b500_p70%_v2.col
100,500,600,70,34835,3,0.076,MinGrau,584,bi_a100_b500_p70%_v3.col
100,500,600,70,34933,4,0.0804,MinGrau,585,bi_a100_b500_p70%_v4.col
100,500,600,70,34887,5,0.0784,MinGrau,586,bi_a100_b500_p70%_v5.col
100,500,600,80,40002,1,0.1028,MinGrau,591,bi_a100_b500_p80%_v1.col
100,500,600,80,39945,2,0.1025,MinGrau,591,bi_a100_b500_p80%_v2.col
100,500,600,80,40056,3,0.1036,MinGrau,589,bi_a100_b500_p80%_v3.col
100,500,600,80,39985,4,0.0928,MinGrau,591,bi_a100_b500_p80%_v4.col
100,500,600,80,39903,5,0.0984,MinGrau,591,bi_a100_b500_p80%_v5.col
100,500,600,90,45019,1,0.1018,MaxGrau,595,bi_a100_b500_p90%_v1.col
100,500,600,90,44905,2,0.1068,MinGrau,594,bi_a100_b500_p90%_v2.col
100,500,600,90,44855,3,0.0988,MinGrau,594,bi_a100_b500_p90%_v3.col
100,500,600,90,45060,4,0.0985,MinGrau,595,bi_a100_b500_p90%_v4.col
100,500,600,90,44926,5,0.0977,MinGrau,594,bi_a100_b500_p90%_v5.col
100,1000,1100,1,1016,1,0.0013,MinGrau,104,bi_a100_b1000_p01%_v1.col
100,1000,1100,1,985,2,0.0013,MinGrau,103,bi_a100_b1000_p01%_v2.col
100,1000,1100,1,1007,3,0.0013,MinGrau,102,bi_a100_b1000_p01%_v3.col
100,1000,1100,1,1017,4,0.0013,MinGrau,103,bi_a100_b1000_p01%_v4.col
100,1000,1100,1,996,5,0.0012,MinGrau,103,bi_a100_b1000_p01%_v5.col
100,1000,1100,3,2996,1,0.0021,MinGrau,128,bi_a100_b1000_p03%_v1.col
100,1000,1100,3,2967,2,0.0022,MinGrau,134,bi_a100_b1000_p03%_v2.col
100,1000,1100,3,2949,3,0.0021,MinGrau,130,bi_a100_b1000_p03%_v3.col
100,1000,1100,3,2942,4,0.0021,MinGrau,133,bi_a100_b1000_p03%_v4.col
100,1000,1100,3,2936,5,0.0021,MinGrau,129,bi_a100_b1000_p03%_v5.col
100,1000,1100,5,5012,1,0.0035,MinGrau,170,bi_a100_b1000_p05%_v1.col
100,1000,1100,5,4918,2,0.0034,MinGrau,167,bi_a100_b1000_p05%_v2.col
100,1000,1100,5,4997,3,0.0035,MinGrau,170,bi_a100_b1000_p05%_v3.col
100,1000,1100,5,5031,4,0.0035,MinGrau,170,bi_a100_b1000_p05%_v4.col
100,1000,1100,5,4978,5,0.0035,MinGrau,169,bi_a100_b1000_p05%_v5.col
100,1000,1100,10,10054,1,0.008,MaxGrau,241,bi_a100_b1000_p10%_v1.col
100,1000,1100,10,10092,2,0.0079,MaxGrau,236,bi_a100_b1000_p10%_v2.col
100,1000,1100,10,9994,3,0.0079,MaxGrau,233,bi_a100_b1000_p10%_v3.col
100,1000,1100,10,10029,4,0.0079,MaxGrau,235,bi_a100_b1000_p10%_v4.col
100,1000,1100,10,10078,5,0.0081,MaxGrau,235,bi_a100_b1000_p10%_v5.col
100,1000,1100,20,19912,1,0.0249,MaxGrau,542,bi_a100_b1000_p20%_v1.col
100,1000,1100,20,20051,2,0.0255,MaxGrau,546,bi_a100_b1000_p20%_v2.col
100,1000,1100,20,20015,3,0.025,MaxGrau,546,bi_a100_b1000_p20%_v3.col
100,1000,1100,20,19808,4,0.025,MaxGrau,541,bi_a100_b1000_p20%_v4.col
100,1000,1100,20,19748,5,0.0247,MaxGrau,538,bi_a100_b1000_p20%_v5.col
100,1000,1100,30,29774,1,0.0739,MinGrau,999,bi_a100_b1000_p30%_v1.col
100,1000,1100,30,30170,2,0.064,MinGrau,1004,bi_a100_b1000_p30%_v2.col
100,1000,1100,30,30328,3,0.0692,MinGrau,1006,bi_a100_b1000_p30%_v3.col
100,1000,1100,30,29832,4,0.0622,MinGrau,1005,bi_a100_b1000_p30%_v4.col
100,1000,1100,30,29761,5,0.0695,MinGrau,991,bi_a100_b1000_p30%_v5.col
100,1000,1100,40,39882,1,0.137,MinGrau,1047,bi_a100_b1000_p40%_v1.col
100,1000,1100,40,39993,2,0.1322,MinGrau,1049,bi_a100_b1000_p40%_v2.col
100,1000,1100,40,40117,3,0.1206,MinGrau,1046,bi_a100_b1000_p40%_v3.col
100,1000,1100,40,40206,4,0.1234,MinGrau,1047,bi_a100_b1000_p40%_v4.col
100,1000,1100,40,40131,5,0.1091,MinGrau,1047,bi_a100_b1000_p40%_v5.col
100,1000,1100,50,49850,1,0.1853,MinGrau,1065,bi_a100_b1000_p50%_v1.col
100,1000,1100,50,50038,2,0.207,MinGrau,1066,bi_a100_b1000_p50%_v2.col
100,1000,1100,50,49784,3,0.2108,MinGrau,1066,bi_a100_b1000_p50%_v3.col
100,1000,1100,50,49973,4,0.165,MinGrau,1065,bi_a100_b1000_p50%_v4.col
100,1000,1100,50,50175,5,0.1901,MinGrau,1067,bi_a100_b1000_p50%_v5.col
100,1000,1100,60,59993,1,0.2426,MinGrau,1077,bi_a100_b1000_p60%_v1.col
100,1000,1100,60,59999,2,0.2546,MinGrau,1078,bi_a100_b1000_p60%_v2.col
100,1000,1100,60,60016,3,0.2487,MinGrau,1078,bi_a100_b1000_p60%_v3.col
100,1000,1100,60,60010,4,0.2489,MinGrau,1078,bi_a100_b1000_p60%_v4.col
100,1000,1100,60,59754,5,0.2264,MinGrau,1077,bi_a100_b1000_p60%_v5.col
100,1000,1100,70,70111,1,0.2986,MinGrau,1084,bi_a100_b1000_p70%_v1.col
100,1000,1100,70,70169,2,0.3103,MinGrau,1085,bi_a100_b1000_p70%_v2.col
100,1000,1100,70,70178,3,0.3467,MinGrau,1083,bi_a100_b1000_p70%_v3.col
100,1000,1100,70,70090,4,0.2858,MinGrau,1084,bi_a100_b1000_p70%_v4.col
100,1000,1100,70,70187,5,0.336,MinGrau,1085,bi_a100_b1000_p70%_v5.col
100,1000,1100,80,80051,1,0.3589,MinGrau,1090,bi_a100_b1000_p80%_v1.col
100,1000,1100,80,80061,2,0.3765,MinGrau,1090,bi_a100_b1000_p80%_v2.col
100,1000,1100,80,79942,3,0.3683,MinGrau,1090,bi_a100_b1000_p80%_v3.col
100,1000,1100,80,80154,4,0.3421,MinGrau,1089,bi_a100_b1000_p80%_v4.col
100,1000,1100,80,80014,5,0.4248,MinGrau,1089,bi_a100_b1000_p80%_v5.col
100,1000,1100,90,89871,1,0.3871,MinGrau,1094,bi_a100_b1000_p90%_v1.col
100,1000,1100,90,90013,2,0.3859,MinGrau,1094,bi_a100_b1000_p90%_v2.col
100,1000,1100,90,89866,3,0.396,MinGrau,1094,bi_a100_b1000_p90%_v3.col
100,1000,1100,90,89909,4,0.4066,MinGrau,1094,bi_a100_b1000_p90%_v4.col
100,1000,1100,90,89908,5,0.3878,MinGrau,1094,bi_a100_b1000_p90%_v5.col
100,5000,5100,1,4865,1,0.016,MinGrau,149,bi_a100_b5000_p01%_v1.col
100,5000,5100,1,5060,2,0.016,MinGrau,152,bi_a100_b5000_p01%_v2.col
100,5000,5100,1,4984,3,0.0159,MinGrau,151,bi_a100_b5000_p01%_v3.col
100,5000,5100,1,5025,4,0.0158,MinGrau,150,bi_a100_b5000_p01%_v4.col
100,5000,5100,1,5086,5,0.0159,MinGrau,154,bi_a100_b5000_p01%_v5.col
100,5000,5100,3,15093,1,0.0317,MinGrau,295,bi_a100_b5000_p03%_v1.col
100,5000,5100,3,14810,2,0.0287,MinGrau,291,bi_a100_b5000_p03%_v2.col
100,5000,5100,3,14980,3,0.0316,MinGrau,293,bi_a100_b5000_p03%_v3.col
100,5000,5100,3,14932,4,0.029,MinGrau,293,bi_a100_b5000_p03%_v4.col
100,5000,5100,3,14882,5,0.0293,MinGrau,292,bi_a100_b5000_p03%_v5.col
100,5000,5100,5,24847,1,0.0514,MaxGrau,355,bi_a100_b5000_p05%_v1.col
100,5000,5100,5,24860,2,0.0517,MaxGrau,347,bi_a100_b5000_p05%_v2.col
100,5000,5100,5,25175,3,0.0523,MaxGrau,350,bi_a100_b5000_p05%_v3.col
100,5000,5100,5,24881,4,0.056,MinGrau,478,bi_a100_b5000_p05%_v4.col
100,5000,5100,5,25045,5,0.0518,MaxGrau,349,bi_a100_b5000_p05%_v5.col
100,5000,5100,10,49858,1,0.1478,MaxGrau,822,bi_a100_b5000_p10%_v1.col
100,5000,5100,10,50148,2,0.157,MaxGrau,829,bi_a100_b5000_p10%_v2.col
100,5000,5100,10,49276,3,0.1454,MaxGrau,805,bi_a100_b5000_p10%_v3.col
100,5000,5100,10,49859,4,0.1478,MaxGrau,822,bi_a100_b5000_p10%_v4.col
100,5000,5100,10,50013,5,0.1546,MaxGrau,832,bi_a100_b5000_p10%_v5.col
100,5000,5100,20,99729,1,0.5286,MaxGrau,2283,bi_a100_b5000_p20%_v1.col
100,5000,5100,20,99940,2,0.5508,MaxGrau,2282,bi_a100_b5000_p20%_v2.col
100,5000,5100,20,99813,3,0.5486,MaxGrau,2286,bi_a100_b5000_p20%_v3.col
100,5000,5100,20,99803,4,0.5505,MaxGrau,2268,bi_a100_b5000_p20%_v4.col
100,5000,5100,20,99635,5,0.5342,MaxGrau,2266,bi_a100_b5000_p20%_v5.col
100,5000,5100,30,150542,1,1.1625,MaxGrau,4674,bi_a100_b5000_p30%_v1.col
100,5000,5100,30,150316,2,1.1596,MaxGrau,4673,bi_a100_b5000_p30%_v2.col
100,5000,5100,30,149916,3,1.1607,MaxGrau,4669,bi_a100_b5000_p30%_v3.col
100,5000,5100,30,149950,4,1.1473,MaxGrau,4648,bi_a100_b5000_p30%_v4.col
100,5000,5100,30,149612,5,1.1527,MaxGrau,4659,bi_a100_b5000_p30%_v5.col
100,5000,5100,40,200269,1,2.9229,MinGrau,5036,bi_a100_b5000_p40%_v1.col
100,5000,5100,40,200106,2,3.06,MinGrau,5038,bi_a100_b5000_p40%_v2.col
100,5000,5100,40,199535,3,2.4756,MinGrau,5035,bi_a100_b5000_p40%_v3.col
100,5000,5100,40,199993,4,2.8265,MinGrau,5034,bi_a100_b5000_p40%_v4.col
100,5000,5100,40,200259,5,2.5682,MinGrau,5036,bi_a100_b5000_p40%_v5.col
100,5000,5100,50,250278,1,3.8411,MinGrau,5060,bi_a100_b5000_p50%_v1.col
100,5000,5100,50,249787,2,4.2932,MinGrau,5057,bi_a100_b5000_p50%_v2.col
100,5000,5100,50,249511,3,4.4743,MinGrau,5059,bi_a100_b5000_p50%_v3.col
100,5000,5100,50,250635,4,3.9357,MinGrau,5059,bi_a100_b5000_p50%_v4.col
100,5000,5100,50,250101,5,3.85,MinGrau,5061,bi_a100_b5000_p50%_v5.col
100,5000,5100,60,300339,1,6.1664,MinGrau,5073,bi_a100_b5000_p60%_v1.col
100,5000,5100,60,299914,2,6.1938,MinGrau,5072,bi_a100_b5000_p60%_v2.col
100,5000,5100,60,299729,3,5.5859,MinGrau,5074,bi_a100_b5000_p60%_v3.col
100,5000,5100,60,299061,4,5.1867,MinGrau,5073,bi_a100_b5000_p60%_v4.col
100,5000,5100,60,300066,5,6.3936,MinGrau,5071,bi_a100_b5000_p60%_v5.col
100,5000,5100,70,350143,1,6.6234,MinGrau,5080,bi_a100_b5000_p70%_v1.col
100,5000,5100,70,350353,2,8.4072,MinGrau,5083,bi_a100_b5000_p70%_v2.col
100,5000,5100,70,350007,3,9.1801,MinGrau,5082,bi_a100_b5000_p70%_v3.col
100,5000,5100,70,350080,4,7.5514,MinGrau,5081,bi_a100_b5000_p70%_v4.col
100,5000,5100,70,349824,5,6.906,MinGrau,5083,bi_a100_b5000_p70%_v5.col
100,5000,5100,80,399798,1,9.001,MinGrau,5088,bi_a100_b5000_p80%_v1.col
100,5000,5100,80,399782,2,7.5118,MinGrau,5088,bi_a100_b5000_p80%_v2.col
100,5000,5100,80,400257,3,8.3789,MinGrau,5089,bi_a100_b5000_p80%_v3.col
100,5000,5100,80,400168,4,8.9203,MinGrau,5089,bi_a100_b5000_p80%_v4.col
100,5000,5100,80,400446,5,8.3654,MinGrau,5087,bi_a100_b5000_p80%_v5.col
100,5000,5100,90,449636,1,10.9901,MinGrau,5093,bi_a100_b5000_p90%_v1.col
100,5000,5100,90,449930,2,9.4877,MinGrau,5093,bi_a100_b5000_p90%_v2.col
100,5000,5100,90,449720,3,9.3101,MinGrau,5092,bi_a100_b5000_p90%_v3.col
100,5000,5100,90,449880,4,10.2126,MinGrau,5093,bi_a100_b5000_p90%_v4.col
100,5000,5100,90,449675,5,10.9257,MinGrau,5092,bi_a100_b5000_p90%_v5.col
100,10000,10100,1,10029,1,0.0584,MinGrau,206,bi_a100_b10000_p01%_v1.col
100,10000,10100,1,9960,2,0.0585,MinGrau,208,bi_a100_b10000_p01%_v2.col
100,10000,10100,1,10002,3,0.0588,MinGrau,212,bi_a100_b10000_p01%_v3.col
100,10000,10100,1,9906,4,0.0583,MinGrau,209,bi_a100_b10000_p01%_v4.col
100,10000,10100,1,10024,5,0.0583,MinGrau,210,bi_a100_b10000_p01%_v5.col
100,10000,10100,3,30204,1,0.1135,MaxGrau,392,bi_a100_b10000_p03%_v1.col
100,10000,10100,3,30116,2,0.113,MaxGrau,390,bi_a100_b10000_p03%_v2.col
100,10000,10100,3,29800,3,0.1127,MaxGrau,401,bi_a100_b10000_p03%_v3.col
100,10000,10100,3,29991,4,0.1127,MinGrau,483,bi_a100_b10000_p03%_v4.col
100,10000,10100,3,30217,5,0.1153,MaxGrau,391,bi_a100_b10000_p03%_v5.col
100,10000,10100,5,50380,1,0.203,MaxGrau,621,bi_a100_b10000_p05%_v1.col
100,10000,10100,5,49616,2,0.2054,MaxGrau,609,bi_a100_b10000_p05%_v2.col
100,10000,10100,5,50185,3,0.1982,MaxGrau,617,bi_a100_b10000_p05%_v3.col
100,10000,10100,5,50374,4,0.2061,MaxGrau,617,bi_a100_b10000_p05%_v4.col
100,10000,10100,5,50004,5,0.1975,MaxGrau,619,bi_a100_b10000_p05%_v5.col
100,10000,10100,10,99955,1,0.5821,MaxGrau,1515,bi_a100_b10000_p10%_v1.col
100,10000,10100,10,99870,2,0.5802,MaxGrau,1505,bi_a100_b10000_p10%_v2.col
100,10000,10100,10,99782,3,0.5806,MaxGrau,1511,bi_a100_b10000_p10%_v3.col
100,10000,10100,10,100089,4,0.5839,MaxGrau,1514,bi_a100_b10000_p10%_v4.col
100,10000,10100,10,100253,5,0.5851,MaxGrau,1519,bi_a100_b10000_p10%_v5.col
100,10000,10100,20,199049,1,2.3906,MaxGrau,4301,bi_a100_b10000_p20%_v1.col
100,10000,10100,20,200004,2,2.0823,MaxGrau,4333,bi_a100_b10000_p20%_v2.col
100,10000,10100,20,199824,3,2.4372,MaxGrau,4324,bi_a100_b10000_p20%_v3.col
100,10000,10100,20,200075,4,2.0897,MaxGrau,4324,bi_a100_b10000_p20%_v4.col
100,10000,10100,20,200448,5,2.1491,MaxGrau,4346,bi_a100_b10000_p20%_v5.col
100,10000,10100,30,299790,1,4.5026,MaxGrau,8961,bi_a100_b10000_p30%_v1.col
100,10000,10100,30,299975,2,4.4602,MaxGrau,8983,bi_a100_b10000_p30%_v2.col
100,10000,10100,30,299310,3,4.4737,MaxGrau,8965,bi_a100_b10000_p30%_v3.col
100,10000,10100,30,299861,4,4.5015,MaxGrau,9003,bi_a100_b10000_p30%_v4.col
100,10000,10100,30,300518,5,4.5096,MaxGrau,9012,bi_a100_b10000_p30%_v5.col
100,10000,10100,40,399757,1,10.4233,MinGrau,10029,bi_a100_b10000_p40%_v1.col
100,10000,10100,40,399950,2,9.75,MinGrau,10030,bi_a100_b10000_p40%_v2.col
100,10000,10100,40,398691,3,11.0465,MinGrau,10030,bi_a100_b10000_p40%_v3.col
100,10000,10100,40,399889,4,9.1504,MinGrau,10027,bi_a100_b10000_p40%_v4.col
100,10000,10100,40,400118,5,10.0167,MinGrau,10032,bi_a100_b10000_p40%_v5.col
100,10000,10100,50,500473,1,16.6615,MinGrau,10058,bi_a100_b10000_p50%_v1.col
100,10000,10100,50,498944,2,18.0553,MinGrau,10054,bi_a100_b10000_p50%_v2.col
100,10000,10100,50,499887,3,14.8278,MinGrau,10054,bi_a100_b10000_p50%_v3.col
100,10000,10100,50,500513,4,19.5828,MinGrau,10056,bi_a100_b10000_p50%_v4.col
100,10000,10100,50,499011,5,14.194,MinGrau,10055,bi_a100_b10000_p50%_v5.col
100,10000,10100,60,599271,1,29.3122,MinGrau,10071,bi_a100_b10000_p60%_v1.col
100,10000,10100,60,600186,2,26.4108,MinGrau,10071,bi_a100_b10000_p60%_v2.col
100,10000,10100,60,600279,3,23.7578,MinGrau,10070,bi_a100_b10000_p60%_v3.col
100,10000,10100,60,598909,4,24.8099,MinGrau,10072,bi_a100_b10000_p60%_v4.col
100,10000,10100,60,600272,5,20.5399,MinGrau,10071,bi_a100_b10000_p60%_v5.col
100,10000,10100,70,699602,1,36.1615,MinGrau,10081,bi_a100_b10000_p70%_v1.col
100,10000,10100,70,700224,2,33.8403,MinGrau,10081,bi_a100_b10000_p70%_v2.col
100,10000,10100,70,700260,3,28.0442,MinGrau,10081,bi_a100_b10000_p70%_v3.col
100,10000,10100,70,699871,4,32.2706,MinGrau,10081,bi_a100_b10000_p70%_v4.col
100,10000,10100,70,699185,5,32.0927,MinGrau,10082,bi_a100_b10000_p70%_v5.col
100,10000,10100,80,799762,1,30.8718,MinGrau,10087,bi_a100_b10000_p80%_v1.col
100,10000,10100,80,800283,2,30.2792,MinGrau,10087,bi_a100_b10000_p80%_v2.col
100,10000,10100,80,799713,3,33.3963,MinGrau,10087,bi_a100_b10000_p80%_v3.col
100,10000,10100,80,799789,4,32.6076,MinGrau,10088,bi_a100_b10000_p80%_v4.col
100,10000,10100,80,800340,5,34.5715,MinGrau,10088,bi_a100_b10000_p80%_v5.col
100,10000,10100,90,899498,1,43.3481,MinGrau,10093,bi_a100_b10000_p90%_v1.col
100,10000,10100,90,899616,2,40.3992,MinGrau,10092,bi_a100_b10000_p90%_v2.col
100,10000,10100,90,900190,3,39.2341,MinGrau,10093,bi_a100_b10000_p90%_v3.col
100,10000,10100,90,899871,4,41.6962,MinGrau,10093,bi_a100_b10000_p90%_v4.col
100,10000,10100,90,900149,5,38.9356,MinGrau,10092,bi_a100_b10000_p90%_v5.col
500,500,1000,1,2537,1,0.0138,MaxGrau,236,bi_a500_b500_p01%_v1.col
500,500,1000,1,2396,2,0.0128,MaxGrau,211,bi_a500_b500_p01%_v2.col
500,500,1000,1,2522,3,0.0103,MaxGrau,205,bi_a500_b500_p01%_v3.col
500,500,1000,1,2462,4,0.0068,MaxGrau,255,bi_a500_b500_p01%_v4.col
500,500,1000,1,2493,5,0.0092,MaxGrau,194,bi_a500_b500_p01%_v5.col
500,500,1000,3,7384,1,0.0224,MaxGrau,193,bi_a500_b500_p03%_v1.col
500,500,1000,3,7474,2,0.0244,MaxGrau,194,bi_a500_b500_p03%_v2.col
500,500,1000,3,7541,3,0.0261,MaxGrau,194,bi_a500_b500_p03%_v3.col
500,500,1000,3,7501,4,0.0223,MaxGrau,191,bi_a500_b500_p03%_v4.col
500,500,1000,3,7478,5,0.024,MaxGrau,190,bi_a500_b500_p03%_v5.col
500,500,1000,5,12438,1,0.0343,MaxGrau,281,bi_a500_b500_p05%_v1.col
500,500,1000,5,12517,2,0.0304,MaxGrau,284,bi_a500_b500_p05%_v2.col
500,500,1000,5,12417,3,0.2146,MaxGrau,282,bi_a500_b500_p05%_v3.col
500,500,1000,5,12678,4,0.0161,MaxGrau,288,bi_a500_b500_p05%_v4.col
500,500,1000,5,12596,5,0.0415,MaxGrau,285,bi_a500_b500_p05%_v5.col
500,500,1000,10,25253,1,0.0588,MaxGrau,507,bi_a500_b500_p10%_v1.col
500,500,1000,10,24872,2,0.0734,MaxGrau,502,bi_a500_b500_p10%_v2.col
500,500,1000,10,25214,3,0.0398,MaxGrau,504,bi_a500_b500_p10%_v3.col
500,500,1000,10,25129,4,0.078,MaxGrau,504,bi_a500_b500_p10%_v4.col
500,500,1000,10,24870,5,0.0822,MaxGrau,507,bi_a500_b500_p10%_v5.col
500,500,1000,20,50042,1,0.238,MinGrau,809,bi_a500_b500_p20%_v1.col
500,500,1000,20,50009,2,0.2692,MinGrau,807,bi_a500_b500_p20%_v2.col
500,500,1000,20,49881,3,0.2642,MinGrau,803,bi_a500_b500_p20%_v3.col
500,500,1000,20,50029,4,0.157,MinGrau,807,bi_a500_b500_p20%_v4.col
500,500,1000,20,50011,5,0.3013,MinGrau,805,bi_a500_b500_p20%_v5.col
500,500,1000,30,75280,1,0.5019,MinGrau,898,bi_a500_b500_p30%_v1.col
500,500,1000,30,75133,2,0.3246,MinGrau,899,bi_a500_b500_p30%_v2.col
500,500,1000,30,75090,3,0.3381,MinGrau,900,bi_a500_b500_p30%_v3.col
500,500,1000,30,75347,4,0.2908,MinGrau,900,bi_a500_b500_p30%_v4.col
500,500,1000,30,75084,5,0.6118,MinGrau,897,bi_a500_b500_p30%_v5.col
500,500,1000,40,100391,1,0.6704,MinGrau,939,bi_a500_b500_p40%_v1.col
500,500,1000,40,100075,2,1.0517,MinGrau,941,bi_a500_b500_p40%_v2.col
500,500,1000,40,100085,3,0.6116,MinGrau,940,bi_a500_b500_p40%_v3.col
500,500,1000,40,100045,4,0.7619,MinGrau,939,bi_a500_b500_p40%_v4.col
500,500,1000,40,100122,5,1.024,MinGrau,941,bi_a500_b500_p40%_v5.col
500,500,1000,50,124819,1,0.9391,MinGrau,964,bi_a500_b500_p50%_v1.col
500,500,1000,50,125009,2,1.0319,MinGrau,963,bi_a500_b500_p50%_v2.col
500,500,1000,50,124539,3,1.0666,MinGrau,963,bi_a500_b500_p50%_v3.col
500,500,1000,50,124813,4,0.8759,MinGrau,963,bi_a500_b500_p50%_v4.col
500,500,1000,50,124972,5,0.9208,MinGrau,963,bi_a500_b500_p50%_v5.col
500,500,1000,60,149899,1,0.9639,MinGrau,972,bi_a500_b500_p60%_v1.col
500,500,1000,60,149722,2,1.5851,MinGrau,974,bi_a500_b500_p60%_v2.col
500,500,1000,60,150125,3,1.3802,MinGrau,975,bi_a500_b500_p60%_v3.col
500,500,1000,60,150210,4,1.8409,MinGrau,973,bi_a500_b500_p60%_v4.col
500,500,1000,60,150122,5,1.0772,MinGrau,973,bi_a500_b500_p60%_v5.col
500,500,1000,70,175289,1,1.2407,MinGrau,984,bi_a500_b500_p70%_v1.col
500,500,1000,70,174970,2,2.1272,MinGrau,983,bi_a500_b500_p70%_v2.col
500,500,1000,70,174869,3,1.5269,MinGrau,982,bi_a500_b500_p70%_v3.col
500,500,1000,70,175027,4,1.5003,MinGrau,983,bi_a500_b500_p70%_v4.col
500,500,1000,70,174595,5,1.6156,MinGrau,984,bi_a500_b500_p70%_v5.col
500,500,1000,80,199919,1,1.8234,MinGrau,988,bi_a500_b500_p80%_v1.col
500,500,1000,80,200277,2,1.4891,MinGrau,989,bi_a500_b500_p80%_v2.col
500,500,1000,80,199860,3,1.6751,MinGrau,988,bi_a500_b500_p80%_v3.col
500,500,1000,80,200229,4,1.624,MinGrau,988,bi_a500_b500_p80%_v4.col
500,500,1000,80,200061,5,1.9344,MinGrau,989,bi_a500_b500_p80%_v5.col
500,500,1000,90,224990,1,2.346,MinGrau,993,bi_a500_b500_p90%_v1.col
500,500,1000,90,225217,2,2.2219,MinGrau,992,bi_a500_b500_p90%_v2.col
500,500,1000,90,225175,3,1.6371,MinGrau,993,bi_a500_b500_p90%_v3.col
500,500,1000,90,224958,4,3.1808,MinGrau,993,bi_a500_b500_p90%_v4.col
500,500,1000,90,225220,5,1.7246,MinGrau,993,bi_a500_b500_p90%_v5.col
500,1000,1500,1,4951,1,0.0354,MaxGrau,369,bi_a500_b1000_p01%_v1.col
500,1000,1500,1,4920,2,0.0352,MaxGrau,347,bi_a500_b1000_p01%_v2.col
500,1000,1500,1,5038,3,0.0309,MaxGrau,362,bi_a500_b1000_p01%_v3.col
500,1000,1500,1,4995,4,0.0374,MaxGrau,363,bi_a500_b1000_p01%_v4.col
500,1000,1500,1,5010,5,0.037,MaxGrau,367,bi_a500_b1000_p01%_v5.col
500,1000,1500,3,14962,1,0.078,MaxGrau,447,bi_a500_b1000_p03%_v1.col
500,1000,1500,3,14877,2,0.0387,MaxGrau,436,bi_a500_b1000_p03%_v2.col
500,1000,1500,3,15019,3,0.0385,MaxGrau,444,bi_a500_b1000_p03%_v3.col
500,1000,1500,3,15088,4,0.0944,Satur,448,bi_a500_b1000_p03%_v4.col
500,1000,1500,3,14826,5,0.0466,MaxGrau,440,bi_a500_b1000_p03%_v5.col
500,1000,1500,5,25206,1,0.0961,MaxGrau,538,bi_a500_b1000_p05%_v1.col
500,1000,1500,5,24966,2,0.0952,MaxGrau,540,bi_a500_b1000_p05%_v2.col
500,1000,1500,5,25025,3,0.1015,MaxGrau,543,bi_a500_b1000_p05%_v3.col
500,1000,1500,5,25073,4,0.0586,MaxGrau,538,bi_a500_b1000_p05%_v4.col
500,1000,1500,5,24946,5,0.0932,MaxGrau,546,bi_a500_b1000_p05%_v5.col
500,1000,1500,10,50023,1,0.2165,MaxGrau,766,bi_a500_b1000_p10%_v1.col
500,1000,1500,10,50026,2,0.123,MaxGrau,766,bi_a500_b1000_p10%_v2.col
500,1000,1500,10,49783,3,0.1503,MaxGrau,776,bi_a500_b1000_p10%_v3.col
500,1000,1500,10,49704,4,0.1131,MaxGrau,764,bi_a500_b1000_p10%_v4.col
500,1000,1500,10,50225,5,0.1582,MaxGrau,772,bi_a500_b1000_p10%_v5.col
500,1000,1500,20,99683,1,0.6689,MinGrau,1275,bi_a500_b1000_p20%_v1.col
500,1000,1500,20,99572,2,1.2436,MinGrau,1271,bi_a500_b1000_p20%_v2.col
500,1000,1500,20,100299,3,0.5209,MinGrau,1277,bi_a500_b1000_p20%_v3.col
500,1000,1500,20,100428,4,0.5343,MinGrau,1282,bi_a500_b1000_p20%_v4.col
500,1000,1500,20,100288,5,2.3888,MinGrau,1278,bi_a500_b1000_p20%_v5.col
500,1000,1500,30,150068,1,2.4469,MinGrau,1388,bi_a500_b1000_p30%_v1.col
500,1000,1500,30,150470,2,1.5784,MinGrau,1391,bi_a500_b1000_p30%_v2.col
500,1000,1500,30,150505,3,2.3783,MinGrau,1390,bi_a500_b1000_p30%_v3.col
500,1000,1500,30,149719,4,1.4347,MinGrau,1390,bi_a500_b1000_p30%_v4.col
500,1000,1500,30,150236,5,2.1844,MinGrau,1390,bi_a500_b1000_p30%_v5.col
500,1000,1500,40,199683,1,2.1646,MinGrau,1436,bi_a500_b1000_p40%_v1.col
500,1000,1500,40,199790,2,2.6164,MinGrau,1439,bi_a500_b1000_p40%_v2.col
500,1000,1500,40,199737,3,3.7344,MinGrau,1436,bi_a500_b1000_p40%_v3.col
500,1000,1500,40,200163,4,3.3549,MinGrau,1436,bi_a500_b1000_p40%_v4.col
500,1000,1500,40,200116,5,3.6064,MinGrau,1434,bi_a500_b1000_p40%_v5.col
500,1000,1500,50,250427,1,4.3298,MinGrau,1461,bi_a500_b1000_p50%_v1.col
500,1000,1500,50,249704,2,3.1003,MinGrau,1460,bi_a500_b1000_p50%_v2.col
500,1000,1500,50,249490,3,2.6462,MinGrau,1459,bi_a500_b1000_p50%_v3.col
500,1000,1500,50,249760,4,2.9824,MinGrau,1462,bi_a500_b1000_p50%_v4.col
500,1000,1500,50,250155,5,3.5106,MinGrau,1458,bi_a500_b1000_p50%_v5.col
500,1000,1500,60,300085,1,4.3511,MinGrau,1476,bi_a500_b1000_p60%_v1.col
500,1000,1500,60,300516,2,3.6203,MinGrau,1474,bi_a500_b1000_p60%_v2.col
500,1000,1500,60,300293,3,4.2682,MinGrau,1473,bi_a500_b1000_p60%_v3.col
500,1000,1500,60,300049,4,4.3655,MinGrau,1474,bi_a500_b1000_p60%_v4.col
500,1000,1500,60,300747,5,6.4308,MinGrau,1473,bi_a500_b1000_p60%_v5.col
500,1000,1500,70,349678,1,5.9228,MinGrau,1482,bi_a500_b1000_p70%_v1.col
500,1000,1500,70,349845,2,6.4015,MaxGrau,1483,bi_a500_b1000_p70%_v2.col
500,1000,1500,70,350377,3,6.9904,MinGrau,1483,bi_a500_b1000_p70%_v3.col
500,1000,1500,70,349872,4,5.5009,MinGrau,1483,bi_a500_b1000_p70%_v4.col
500,1000,1500,70,349973,5,3.7382,MinGrau,1482,bi_a500_b1000_p70%_v5.col
500,1000,1500,80,400300,1,7.0262,MinGrau,1488,bi_a500_b1000_p80%_v1.col
500,1000,1500,80,399801,2,5.056,MinGrau,1488,bi_a500_b1000_p80%_v2.col
500,1000,1500,80,399916,3,5.9709,MinGrau,1488,bi_a500_b1000_p80%_v3.col
500,1000,1500,80,400588,4,5.5028,MinGrau,1488,bi_a500_b1000_p80%_v4.col
500,1000,1500,80,399829,5,6.4398,MinGrau,1488,bi_a500_b1000_p80%_v5.col
500,1000,1500,90,449955,1,7.6228,MinGrau,1493,bi_a500_b1000_p90%_v1.col
500,1000,1500,90,449946,2,5.8737,MinGrau,1493,bi_a500_b1000_p90%_v2.col
500,1000,1500,90,449847,3,6.1172,MinGrau,1493,bi_a500_b1000_p90%_v3.col
500,1000,1500,90,449742,4,7.0958,MinGrau,1492,bi_a500_b1000_p90%_v4.col
500,1000,1500,90,450083,5,5.7648,MinGrau,1493,bi_a500_b1000_p90%_v5.col
500,5000,5500,1,25147,1,0.1468,MinGrau,564,bi_a500_b5000_p01%_v1.col
500,5000,5500,1,24841,2,0.1346,MinGrau,560,bi_a500_b5000_p01%_v2.col
500,5000,5500,1,24813,3,0.0765,MinGrau,559,bi_a500_b5000_p01%_v3.col
500,5000,5500,1,25171,4,0.1382,MinGrau,561,bi_a500_b5000_p01%_v4.col
500,5000,5500,1,24975,5,0.0683,MinGrau,555,bi_a500_b5000_p01%_v5.col
500,5000,5500,3,75474,1,0.3389,MaxGrau,752,bi_a500_b5000_p03%_v1.col
500,5000,5500,3,75287,2,0.5802,MaxGrau,759,bi_a500_b5000_p03%_v2.col
500,5000,5500,3,75229,3,0.5941,MaxGrau,760,bi_a500_b5000_p03%_v3.col
500,5000,5500,3,75757,4,0.4408,MaxGrau,755,bi_a500_b5000_p03%_v4.col
500,5000,5500,3,75144,5,0.3375,MaxGrau,747,bi_a500_b5000_p03%_v5.col
500,5000,5500,5,125059,1,0.5435,MaxGrau,1029,bi_a500_b5000_p05%_v1.col
500,5000,5500,5,125518,2,0.4976,MaxGrau,1037,bi_a500_b5000_p05%_v2.col
500,5000,5500,5,125198,3,0.4481,MaxGrau,1038,bi_a500_b5000_p05%_v3.col
500,5000,5500,5,125260,4,0.9072,MaxGrau,1026,bi_a500_b5000_p05%_v4.col
500,5000,5500,5,125308,5,0.576,MaxGrau,1034,bi_a500_b5000_p05%_v5.col
500,5000,5500,10,250625,1,2.1557,MaxGrau,2649,bi_a500_b5000_p10%_v1.col
500,5000,5500,10,249650,2,2.75,MaxGrau,2650,bi_a500_b5000_p10%_v2.col
500,5000,5500,10,250608,3,2.1281,MaxGrau,2628,bi_a500_b5000_p10%_v3.col
500,5000,5500,10,249958,4,2.3306,MaxGrau,2639,bi_a500_b5000_p10%_v4.col
500,5000,5500,10,249787,5,1.8585,MaxGrau,2632,bi_a500_b5000_p10%_v5.col
500,5000,5500,20,500302,1,17.7785,MinGrau,5219,bi_a500_b5000_p20%_v1.col
500,5000,5500,20,500497,2,19.1592,MinGrau,5220,bi_a500_b5000_p20%_v2.col
500,5000,5500,20,499844,3,21.4195,MinGrau,5219,bi_a500_b5000_p20%_v3.col
500,5000,5500,20,500051,4,16.3026,MinGrau,5225,bi_a500_b5000_p20%_v4.col
500,5000,5500,20,499440,5,21.7812,MinGrau,5222,bi_a500_b5000_p20%_v5.col
500,5000,5500,30,749911,1,50.4271,MinGrau,5364,bi_a500_b5000_p30%_v1.col
500,5000,5500,30,749799,2,39.639,MinGrau,5368,bi_a500_b5000_p30%_v2.col
500,5000,5500,30,750190,3,50.0879,MinGrau,5371,bi_a500_b5000_p30%_v3.col
500,5000,5500,30,750028,4,36.8252,MinGrau,5365,bi_a500_b5000_p30%_v4.col
500,5000,5500,30,749225,5,48.5178,MinGrau,5372,bi_a500_b5000_p30%_v5.col
500,5000,5500,40,999014,1,49.9036,MinGrau,5421,bi_a500_b5000_p40%_v1.col
500,5000,5500,40,999631,2,63.9948,MinGrau,5425,bi_a500_b5000_p40%_v2.col
500,5000,5500,40,999772,3,62.5039,MinGrau,5423,bi_a500_b5000_p40%_v3.col
500,5000,5500,40,1001275,4,79.6155,MinGrau,5424,bi_a500_b5000_p40%_v4.col
500,5000,5500,40,999564,5,73.5608,MinGrau,5426,bi_a500_b5000_p40%_v5.col
500,5000,5500,50,1249911,1,72.3191,MinGrau,5453,bi_a500_b5000_p50%_v1.col
500,5000,5500,50,1250798,2,69.6778,MinGrau,5453,bi_a500_b5000_p50%_v2.col
500,5000,5500,50,1249816,3,81.4343,MinGrau,5455,bi_a500_b5000_p50%_v3.col
500,5000,5500,50,1249270,4,76.7923,MinGrau,5452,bi_a500_b5000_p50%_v4.col
500,5000,5500,50,1250519,5,62.8053,MinGrau,5454,bi_a500_b5000_p50%_v5.col
500,5000,5500,60,1500337,1,116.7295,MinGrau,5470,bi_a500_b5000_p60%_v1.col
500,5000,5500,60,1499648,2,16.0912,MinGrau,5062,bi_a500_b5000_p60%_v2.col
500,5000,5500,60,1499639,3,94.0723,MinGrau,5471,bi_a500_b5000_p60%_v3.col
500,5000,5500,60,1499636,4,121.7405,MinGrau,5470,bi_a500_b5000_p60%_v4.col
500,5000,5500,60,1498875,5,106.398,MinGrau,5468,bi_a500_b5000_p60%_v5.col
500,5000,5500,70,1750285,1,176.4285,MinGrau,5479,bi_a500_b5000_p70%_v1.col
500,5000,5500,70,1750235,2,126.3358,MinGrau,5479,bi_a500_b5000_p70%_v2.col
500,5000,5500,70,1749248,3,88.3204,MinGrau,5479,bi_a500_b5000_p70%_v3.col
500,5000,5500,70,1749170,4,125.0924,MinGrau,5480,bi_a500_b5000_p70%_v4.col
500,5000,5500,70,1750098,5,104.1289,MinGrau,5481,bi_a500_b5000_p70%_v5.col
500,5000,5500,80,1999749,1,120.4514,MinGrau,5486,bi_a500_b5000_p80%_v1.col
500,5000,5500,80,1999497,2,113.0845,MinGrau,5486,bi_a500_b5000_p80%_v2.col
500,5000,5500,80,1999193,3,209.0545,MinGrau,5487,bi_a500_b5000_p80%_v3.col
500,5000,5500,80,2000508,4,137.0928,MinGrau,5485,bi_a500_b5000_p80%_v4.col
500,5000,5500,80,2000824,5,118.8824,MinGrau,5486,bi_a500_b5000_p80%_v5.col
500,5000,5500,90,2250770,1,117.6708,MinGrau,5492,bi_a500_b5000_p90%_v1.col
500,5000,5500,90,2250051,2,120.8672,MaxGrau,5491,bi_a500_b5000_p90%_v2.col
500,5000,5500,90,2250054,3,161.887,MinGrau,5492,bi_a500_b5000_p90%_v3.col
500,5000,5500,90,2250472,4,134.1337,MinGrau,5492,bi_a500_b5000_p90%_v4.col
500,5000,5500,90,2249876,5,149.3444,MinGrau,5491,bi_a500_b5000_p90%_v5.col
1000,1000,2000,1,10032,1,0.0171,MaxGrau,325,bi_a1000_b1000_p01%_v1.col
1000,1000,2000,1,10197,2,0.0176,MaxGrau,380,bi_a1000_b1000_p01%_v2.col
1000,1000,2000,1,9969,3,0.0157,MaxGrau,350,bi_a1000_b1000_p01%_v3.col
1000,1000,2000,1,10087,4,0.0152,MaxGrau,310,bi_a1000_b1000_p01%_v4.col
1000,1000,2000,1,9898,5,0.0146,MaxGrau,320,bi_a1000_b1000_p01%_v5.col
1000,1000,2000,3,30236,1,0.0305,MaxGrau,455,bi_a1000_b1000_p03%_v1.col
1000,1000,2000,3,30188,2,0.0294,MaxGrau,461,bi_a1000_b1000_p03%_v2.col
1000,1000,2000,3,30148,3,0.0306,MaxGrau,460,bi_a1000_b1000_p03%_v3.col
1000,1000,2000,3,30312,4,0.0303,MaxGrau,462,bi_a1000_b1000_p03%_v4.col
1000,1000,2000,3,30135,5,0.0305,MaxGrau,465,bi_a1000_b1000_p03%_v5.col
1000,1000,2000,5,49500,1,0.0634,MaxGrau,713,bi_a1000_b1000_p05%_v1.col
1000,1000,2000,5,49961,2,0.0554,MaxGrau,714,bi_a1000_b1000_p05%_v2.col
1000,1000,2000,5,49848,3,0.052,MaxGrau,714,bi_a1000_b1000_p05%_v3.col
1000,1000,2000,5,49699,4,0.0542,MaxGrau,713,bi_a1000_b1000_p05%_v4.col
1000,1000,2000,5,50052,5,0.0522,MaxGrau,718,bi_a1000_b1000_p05%_v5.col
1000,1000,2000,10,100111,1,0.248,Satur,1299,bi_a1000_b1000_p10%_v1.col
1000,1000,2000,10,100123,2,0.2527,Satur,1286,bi_a1000_b1000_p10%_v2.col
1000,1000,2000,10,99693,3,0.2463,Satur,1283,bi_a1000_b1000_p10%_v3.col
1000,1000,2000,10,100116,4,0.1987,MaxGrau,1291,bi_a1000_b1000_p10%_v4.col
1000,1000,2000,10,99775,5,0.2543,Satur,1281,bi_a1000_b1000_p10%_v5.col
1000,1000,2000,20,200037,1,0.6896,MinGrau,1742,bi_a1000_b1000_p20%_v1.col
1000,1000,2000,20,199938,2,0.6943,MinGrau,1746,bi_a1000_b1000_p20%_v2.col
1000,1000,2000,20,199668,3,0.7081,MinGrau,1755,bi_a1000_b1000_p20%_v3.col
1000,1000,2000,20,199918,4,0.733,MinGrau,1747,bi_a1000_b1000_p20%_v4.col
1000,1000,2000,20,200282,5,0.705,MinGrau,1753,bi_a1000_b1000_p20%_v5.col
1000,1000,2000,30,300128,1,1.3609,MinGrau,1876,bi_a1000_b1000_p30%_v1.col
1000,1000,2000,30,300158,2,1.4329,MinGrau,1881,bi_a1000_b1000_p30%_v2.col
1000,1000,2000,30,300494,3,1.3576,MinGrau,1878,bi_a1000_b1000_p30%_v3.col
1000,1000,2000,30,299780,4,1.3951,MinGrau,1875,bi_a1000_b1000_p30%_v4.col
1000,1000,2000,30,300342,5,1.4751,MinGrau,1880,bi_a1000_b1000_p30%_v5.col
1000,1000,2000,40,400221,1,2.175,MinGrau,1930,bi_a1000_b1000_p40%_v1.col
1000,1000,2000,40,399902,2,2.1718,MinGrau,1931,bi_a1000_b1000_p40%_v2.col
1000,1000,2000,40,399618,3,2.088,MinGrau,1929,bi_a1000_b1000_p40%_v3.col
1000,1000,2000,40,399955,4,2.182,MinGrau,1929,bi_a1000_b1000_p40%_v4.col
1000,1000,2000,40,399811,5,2.6245,MinGrau,1932,bi_a1000_b1000_p40%_v5.col
1000,1000,2000,50,500821,1,2.994,MinGrau,1957,bi_a1000_b1000_p50%_v1.col
1000,1000,2000,50,499975,2,3.0804,MinGrau,1957,bi_a1000_b1000_p50%_v2.col
1000,1000,2000,50,500810,3,3.0394,MinGrau,1957,bi_a1000_b1000_p50%_v3.col
1000,1000,2000,50,499285,4,2.9472,MinGrau,1956,bi_a1000_b1000_p50%_v4.col
1000,1000,2000,50,500546,5,2.6725,MinGrau,1956,bi_a1000_b1000_p50%_v5.col
1000,1000,2000,60,600273,1,4.1715,MinGrau,1971,bi_a1000_b1000_p60%_v1.col
1000,1000,2000,60,600070,2,3.9173,MinGrau,1973,bi_a1000_b1000_p60%_v2.col
1000,1000,2000,60,601024,3,3.8422,MinGrau,1971,bi_a1000_b1000_p60%_v3.col
1000,1000,2000,60,599209,4,4.3375,MinGrau,1972,bi_a1000_b1000_p60%_v4.col
1000,1000,2000,60,600111,5,4.2472,MinGrau,1973,bi_a1000_b1000_p60%_v5.col
1000,1000,2000,70,700185,1,6.1505,MinGrau,1982,bi_a1000_b1000_p70%_v1.col
1000,1000,2000,70,700326,2,5.1681,MinGrau,1981,bi_a1000_b1000_p70%_v2.col
1000,1000,2000,70,700160,3,5.3757,MinGrau,1980,bi_a1000_b1000_p70%_v3.col
1000,1000,2000,70,699889,4,5.1784,MinGrau,1982,bi_a1000_b1000_p70%_v4.col
1000,1000,2000,70,699495,5,5.9061,MinGrau,1981,bi_a1000_b1000_p70%_v5.col
1000,1000,2000,80,799953,1,6.3051,MinGrau,1988,bi_a1000_b1000_p80%_v1.col
1000,1000,2000,80,800201,2,6.8309,MinGrau,1988,bi_a1000_b1000_p80%_v2.col
1000,1000,2000,80,800350,3,6.6636,MinGrau,1988,bi_a1000_b1000_p80%_v3.col
1000,1000,2000,80,799949,4,6.2902,MinGrau,1988,bi_a1000_b1000_p80%_v4.col
1000,1000,2000,80,800105,5,6.4177,MinGrau,1987,bi_a1000_b1000_p80%_v5.col
1000,1000,2000,90,900225,1,8.0035,MinGrau,1992,bi_a1000_b1000_p90%_v1.col
1000,1000,2000,90,900215,2,7.4368,MinGrau,1992,bi_a1000_b1000_p90%_v2.col
1000,1000,2000,90,900707,3,7.5672,MinGrau,1992,bi_a1000_b1000_p90%_v3.col
1000,1000,2000,90,899889,4,7.276,MinGrau,1992,bi_a1000_b1000_p90%_v4.col
1000,1000,2000,90,900174,5,7.2741,MaxGrau,1993,bi_a1000_b1000_p90%_v5.col
1000,5000,6000,1,49621,1,0.1688,MaxGrau,928,bi_a1000_b5000_p01%_v1.col
1000,5000,6000,1,49914,2,0.1679,MaxGrau,933,bi_a1000_b5000_p01%_v2.col
1000,5000,6000,1,50109,3,0.2086,MaxGrau,921,bi_a1000_b5000_p01%_v3.col
1000,5000,6000,1,50134,4,0.1743,MaxGrau,925,bi_a1000_b5000_p01%_v4.col
1000,5000,6000,1,50172,5,0.1723,MaxGrau,917,bi_a1000_b5000_p01%_v5.col
1000,5000,6000,3,149688,1,0.2876,MaxGrau,1319,bi_a1000_b5000_p03%_v1.col
1000,5000,6000,3,150307,2,0.2841,MaxGrau,1332,bi_a1000_b5000_p03%_v2.col
1000,5000,6000,3,149799,3,0.292,MaxGrau,1328,bi_a1000_b5000_p03%_v3.col
1000,5000,6000,3,150301,4,0.2872,MaxGrau,1317,bi_a1000_b5000_p03%_v4.col
1000,5000,6000,3,150319,5,0.287,MaxGrau,1331,bi_a1000_b5000_p03%_v5.col
1000,5000,6000,5,250255,1,0.5235,MaxGrau,1829,bi_a1000_b5000_p05%_v1.col
1000,5000,6000,5,250487,2,0.518,MaxGrau,1836,bi_a1000_b5000_p05%_v2.col
1000,5000,6000,5,249678,3,0.5157,MaxGrau,1840,bi_a1000_b5000_p05%_v3.col
1000,5000,6000,5,250642,4,0.5175,MaxGrau,1838,bi_a1000_b5000_p05%_v4.col
1000,5000,6000,5,250674,5,0.7893,MaxGrau,1847,bi_a1000_b5000_p05%_v5.col
1000,5000,6000,10,500599,1,4.4392,MinGrau,4860,bi_a1000_b5000_p10%_v1.col
1000,5000,6000,10,500224,2,4.1123,MinGrau,4861,bi_a1000_b5000_p10%_v2.col
1000,5000,6000,10,500125,3,3.7204,MinGrau,4873,bi_a1000_b5000_p10%_v3.col
1000,5000,6000,10,500599,4,3.8953,MinGrau,4850,bi_a1000_b5000_p10%_v4.col
1000,5000,6000,10,500754,5,4.1756,MinGrau,4852,bi_a1000_b5000_p10%_v5.col
1000,5000,6000,20,998795,1,18.5455,MinGrau,5698,bi_a1000_b5000_p20%_v1.col
1000,5000,6000,20,999172,2,16.1579,MinGrau,5699,bi_a1000_b5000_p20%_v2.col
1000,5000,6000,20,999574,3,16.6263,MinGrau,5699,bi_a1000_b5000_p20%_v3.col
1000,5000,6000,20,999152,4,16.201,MinGrau,5703,bi_a1000_b5000_p20%_v4.col
1000,5000,6000,20,999449,5,15.6348,MinGrau,5693,bi_a1000_b5000_p20%_v5.col
1000,5000,6000,30,1499614,1,26.845,MinGrau,5858,bi_a1000_b5000_p30%_v1.col
1000,5000,6000,30,1499593,2,32.8382,MinGrau,5860,bi_a1000_b5000_p30%_v2.col
1000,5000,6000,30,1499637,3,26.2262,MinGrau,5862,bi_a1000_b5000_p30%_v3.col
1000,5000,6000,30,1500327,4,31.9638,MinGrau,5857,bi_a1000_b5000_p30%_v4.col
1000,5000,6000,30,1500579,5,29.5023,MinGrau,5855,bi_a1000_b5000_p30%_v5.col
1000,5000,6000,40,1999296,1,44.8316,MinGrau,5922,bi_a1000_b5000_p40%_v1.col
1000,5000,6000,40,1999681,2,54.9153,MinGrau,5921,bi_a1000_b5000_p40%_v2.col
1000,5000,6000,40,1999928,3,38.7715,MinGrau,5922,bi_a1000_b5000_p40%_v3.col
1000,5000,6000,40,2001353,4,36.7952,MinGrau,5921,bi_a1000_b5000_p40%_v4.col
1000,5000,6000,40,1999216,5,46.742,MinGrau,5920,bi_a1000_b5000_p40%_v5.col
1000,5000,6000,50,2499796,1,51.6255,MinGrau,5952,bi_a1000_b5000_p50%_v1.col
1000,5000,6000,50,2500198,2,54.7296,MinGrau,5950,bi_a1000_b5000_p50%_v2.col
1000,5000,6000,50,2500694,3,58.8919,MinGrau,5949,bi_a1000_b5000_p50%_v3.col
1000,5000,6000,50,2500020,4,66.2139,MinGrau,5952,bi_a1000_b5000_p50%_v4.col
1000,5000,6000,50,2501562,5,58.6423,MinGrau,5952,bi_a1000_b5000_p50%_v5.col
1000,5000,6000,60,3000063,1,78.5427,MinGrau,5969,bi_a1000_b5000_p60%_v1.col
1000,5000,6000,60,3001275,2,86.3807,MinGrau,5970,bi_a1000_b5000_p60%_v2.col
1000,5000,6000,60,2999485,3,73.3119,MinGrau,5970,bi_a1000_b5000_p60%_v3.col
1000,5000,6000,60,3000212,4,80.4267,MinGrau,5966,bi_a1000_b5000_p60%_v4.col
1000,5000,6000,60,2998265,5,90.6824,MinGrau,5969,bi_a1000_b5000_p60%_v5.col
1000,5000,6000,70,3499183,1,83.277,MinGrau,5979,bi_a1000_b5000_p70%_v1.col
1000,5000,6000,70,3500222,2,91.7846,MinGrau,5978,bi_a1000_b5000_p70%_v2.col
1000,5000,6000,70,3499096,3,77.8629,MinGrau,5980,bi_a1000_b5000_p70%_v3.col
1000,5000,6000,70,3500693,4,86.2049,MinGrau,5979,bi_a1000_b5000_p70%_v4.col
1000,5000,6000,70,3498764,5,106.0757,MinGrau,5980,bi_a1000_b5000_p70%_v5.col
1000,5000,6000,80,4000655,1,96.2618,MinGrau,5986,bi_a1000_b5000_p80%_v1.col
1000,5000,6000,80,3999833,2,128.294,MinGrau,5986,bi_a1000_b5000_p80%_v2.col
1000,5000,6000,80,3999921,3,101.7981,MinGrau,5986,bi_a1000_b5000_p80%_v3.col
1000,5000,6000,80,4000654,4,99.2707,MinGrau,5987,bi_a1000_b5000_p80%_v4.col
1000,5000,6000,80,3999169,5,103.2263,MinGrau,5986,bi_a1000_b5000_p80%_v5.col
1000,5000,6000,90,4499372,1,115.6293,MaxGrau,5991,bi_a1000_b5000_p90%_v1.col
1000,5000,6000,90,4500342,2,112.5627,MaxGrau,5991,bi_a1000_b5000_p90%_v2.col
1000,5000,6000,90,4500007,3,121.5021,MinGrau,5990,bi_a1000_b5000_p90%_v3.col
1000,5000,6000,90,4499718,4,117.3646,MinGrau,5992,bi_a1000_b5000_p90%_v4.col
1000,5000,6000,90,4500254,5,130.8011,MinGrau,5991,bi_a1000_b5000_p90%_v5.col
5000,5000,10000,1,249107,1,0.6803,MaxGrau,1541,bi_a5000_b5000_p01%_v1.col
5000,5000,10000,1,250308,2,0.6866,MaxGrau,1541,bi_a5000_b5000_p01%_v2.col
5000,5000,10000,1,250487,3,0.6968,MaxGrau,1550,bi_a5000_b5000_p01%_v3.col
5000,5000,10000,1,249393,4,0.6799,MaxGrau,1534,bi_a5000_b5000_p01%_v4.col
5000,5000,10000,1,250007,5,0.6997,MaxGrau,1546,bi_a5000_b5000_p01%_v5.col
5000,5000,10000,3,750569,1,2.1317,MaxGrau,4269,bi_a5000_b5000_p03%_v1.col
5000,5000,10000,3,750714,2,2.0797,MaxGrau,4263,bi_a5000_b5000_p03%_v2.col
5000,5000,10000,3,750425,3,2.1536,MaxGrau,4262,bi_a5000_b5000_p03%_v3.col
5000,5000,10000,3,749582,4,2.0583,MaxGrau,4276,bi_a5000_b5000_p03%_v4.col
5000,5000,10000,3,751180,5,2.1109,MaxGrau,4282,bi_a5000_b5000_p03%_v5.col
5000,5000,10000,5,1250186,1,10.6724,Satur,6352,bi_a5000_b5000_p05%_v1.col
5000,5000,10000,5,1251003,2,7.935,MaxGrau,6396,bi_a5000_b5000_p05%_v2.col
5000,5000,10000,5,1248840,3,8.2295,MaxGrau,6367,bi_a5000_b5000_p05%_v3.col
5000,5000,10000,5,1249828,4,10.5968,Satur,6369,bi_a5000_b5000_p05%_v4.col
5000,5000,10000,5,1250396,5,8.2742,MaxGrau,6385,bi_a5000_b5000_p05%_v5.col
5000,5000,10000,10,2502040,1,34.0983,MinGrau,8782,bi_a5000_b5000_p10%_v1.col
5000,5000,10000,10,2501047,2,35.5845,MinGrau,8780,bi_a5000_b5000_p10%_v2.col
5000,5000,10000,10,2500938,3,35.9506,MinGrau,8787,bi_a5000_b5000_p10%_v3.col
5000,5000,10000,10,2501152,4,35.5169,MinGrau,8793,bi_a5000_b5000_p10%_v4.col
5000,5000,10000,10,2501623,5,37.14,MinGrau,8775,bi_a5000_b5000_p10%_v5.col
5000,5000,10000,20,4999981,1,108.3701,MinGrau,9649,bi_a5000_b5000_p20%_v1.col
5000,5000,10000,20,5000627,2,107.1586,MinGrau,9650,bi_a5000_b5000_p20%_v2.col
5000,5000,10000,20,5002791,3,109.7638,MinGrau,9649,bi_a5000_b5000_p20%_v3.col
5000,5000,10000,20,4999856,4,101.8617,MinGrau,9645,bi_a5000_b5000_p20%_v4.col
5000,5000,10000,20,4998998,5,105.8043,MinGrau,9656,bi_a5000_b5000_p20%_v5.col
5000,5000,10000,30,7499650,1,201.3008,MinGrau,9845,bi_a5000_b5000_p30%_v1.col
5000,5000,10000,30,7499408,2,189.8017,MinGrau,9842,bi_a5000_b5000_p30%_v2.col
5000,5000,10000,30,7500870,3,181.1252,MinGrau,9837,bi_a5000_b5000_p30%_v3.col
5000,5000,10000,30,7502177,4,195.7353,MinGrau,9843,bi_a5000_b5000_p30%_v4.col
5000,5000,10000,30,7498152,5,195.7917,MinGrau,9843,bi_a5000_b5000_p30%_v5.col
5000,5000,10000,40,10000230,1,296.4559,MinGrau,9911,bi_a5000_b5000_p40%_v1.col
5000,5000,10000,40,10000545,2,284.3881,MinGrau,9910,bi_a5000_b5000_p40%_v2.col
5000,5000,10000,40,10000950,3,315.3737,MinGrau,9913,bi_a5000_b5000_p40%_v3.col
5000,5000,10000,40,10003077,4,302.4259,MinGrau,9913,bi_a5000_b5000_p40%_v4.col
5000,5000,10000,40,9998576,5,273.0248,MinGrau,9910,bi_a5000_b5000_p40%_v5.col
5000,5000,10000,50,12503686,1,382.1565,MinGrau,9945,bi_a5000_b5000_p50%_v1.col
5000,5000,10000,50,12501117,2,374.6447,MinGrau,9947,bi_a5000_b5000_p50%_v2.col
5000,5000,10000,50,12499282,3,424.4547,MinGrau,9948,bi_a5000_b5000_p50%_v3.col
5000,5000,10000,50,12495975,4,381.6636,MinGrau,9943,bi_a5000_b5000_p50%_v4.col
5000,5000,10000,50,12500491,5,366.7462,MinGrau,9948,bi_a5000_b5000_p50%_v5.col
5000,5000,10000,60,14997264,1,571.7246,MinGrau,9963,bi_a5000_b5000_p60%_v1.col
5000,5000,10000,60,15002507,2,556.5369,MinGrau,9965,bi_a5000_b5000_p60%_v2.col
5000,5000,10000,60,14996581,3,509.7889,MinGrau,9965,bi_a5000_b5000_p60%_v3.col
5000,5000,10000,60,15000324,4,505.0555,MinGrau,9964,bi_a5000_b5000_p60%_v4.col
5000,5000,10000,60,14999407,5,559.987,MinGrau,9963,bi_a5000_b5000_p60%_v5.col
5000,5000,10000,70,17499501,1,658.0885,MinGrau,9976,bi_a5000_b5000_p70%_v1.col
5000,5000,10000,70,17499125,2,660.985,MinGrau,9975,bi_a5000_b5000_p70%_v2.col
5000,5000,10000,70,17496491,3,656.9261,MinGrau,9976,bi_a5000_b5000_p70%_v3.col
5000,5000,10000,70,17497511,4,686.0061,MinGrau,9977,bi_a5000_b5000_p70%_v4.col
5000,5000,10000,70,17497598,5,720.0027,MaxGrau,9977,bi_a5000_b5000_p70%_v5.col
5000,5000,10000,80,20001801,1,821.4637,MinGrau,9986,bi_a5000_b5000_p80%_v1.col
5000,5000,10000,80,19997365,2,837.7483,MaxGrau,9985,bi_a5000_b5000_p80%_v2.col
5000,5000,10000,80,20000954,3,796.1617,MaxGrau,9985,bi_a5000_b5000_p80%_v3.col
5000,5000,10000,80,19999956,4,848.6921,MinGrau,9985,bi_a5000_b5000_p80%_v4.col
5000,5000,10000,80,20000393,5,778.2526,MinGrau,9984,bi_a5000_b5000_p80%_v5.col
5000,5000,10000,90,22498697,1,973.5014,MaxGrau,9991,bi_a5000_b5000_p90%_v1.col
5000,5000,10000,90,22498983,2,948.8445,MinGrau,9989,bi_a5000_b5000_p90%_v2.col
5000,5000,10000,90,22497063,3,1070.6921,MinGrau,9990,bi_a5000_b5000_p90%_v3.col
5000,5000,10000,90,22500376,4,964.5733,MinGrau,9991,bi_a5000_b5000_p90%_v4.col
5000,5000,10000,90,22499986,5,2409.0514,MinGrau,9990,bi_a5000_b5000_p90%_v5.col
