b,chi_sat,p,tempo_max,chi_max,chi_min,N,M,v,a,tempo_sat,instancia,tempo_min
100,62,1,0.0001,62,55,200,92,1,100,0.0002,bi_a100_b100_p01%_v1.col,0.0001
100,69,1,0.0001,69,50,200,103,2,100,0.0002,bi_a100_b100_p01%_v2.col,0.0001
100,54,1,0.0001,54,52,200,100,3,100,0.0002,bi_a100_b100_p01%_v3.col,0.0001
100,57,1,0.0001,55,45,200,78,4,100,0.0002,bi_a100_b100_p01%_v4.col,0.0001
100,64,1,0.0001,59,49,200,95,5,100,0.0002,bi_a100_b100_p01%_v5.col,0.0001
100,67,3,0.0002,59,70,200,306,1,100,0.0003,bi_a100_b100_p03%_v1.col,0.0002
100,70,3,0.0002,57,70,200,317,2,100,0.0004,bi_a100_b100_p03%_v2.col,0.0002
100,72,3,0.0002,68,72,200,331,3,100,0.0004,bi_a100_b100_p03%_v3.col,0.0002
100,63,3,0.0002,52,70,200,289,4,100,0.0003,bi_a100_b100_p03%_v4.col,0.0002
100,59,3,0.0002,57,70,200,294,5,100,0.0003,bi_a100_b100_p03%_v5.col,0.0002
100,55,5,0.0003,48,72,200,497,1,100,0.0004,bi_a100_b100_p05%_v1.col,0.0003
100,57,5,0.0003,51,74,200,488,2,100,0.0004,bi_a100_b100_p05%_v2.col,0.0003
100,63,5,0.0003,57,77,200,529,3,100,0.0005,bi_a100_b100_p05%_v3.col,0.0004
100,71,5,0.0003,57,74,200,483,4,100,0.0005,bi_a100_b100_p05%_v4.col,0.0003
100,59,5,0.0003,48,65,200,479,5,100,0.0004,bi_a100_b100_p05%_v5.col,0.0003
100,77,10,0.0005,68,78,200,971,1,100,0.0007,bi_a100_b100_p10%_v1.col,0.0004
100,74,10,0.0004,61,73,200,922,2,100,0.0007,bi_a100_b100_p10%_v2.col,0.0004
100,77,10,0.0004,67,83,200,1030,3,100,0.0007,bi_a100_b100_p10%_v3.col,0.0004
100,76,10,0.0004,67,79,200,992,4,100,0.0007,bi_a100_b100_p10%_v4.col,0.0004
100,81,10,0.0005,70,82,200,1020,5,100,0.0007,bi_a100_b100_p10%_v5.col,0.0004
100,116,20,0.0009,106,124,200,1973,1,100,0.0013,bi_a100_b100_p20%_v1.col,0.0009
100,116,20,0.0009,106,125,200,2003,2,100,0.0013,bi_a100_b100_p20%_v2.col,0.0009
100,121,20,0.0009,114,122,200,2018,3,100,0.0013,bi_a100_b100_p20%_v3.col,0.0009
100,119,20,0.0009,106,120,200,1982,4,100,0.0013,bi_a100_b100_p20%_v4.col,0.0009
100,116,20,0.0009,109,120,200,1952,5,100,0.0012,bi_a100_b100_p20%_v5.col,0.0008
100,149,30,0.0018,151,148,200,2897,1,100,0.0024,bi_a100_b100_p30%_v1.col,0.0016
100,154,30,0.0018,155,150,200,3016,2,100,0.0024,bi_a100_b100_p30%_v2.col,0.0018
100,154,30,0.002,152,151,200,3048,3,100,0.0026,bi_a100_b100_p30%_v3.col,0.0018
100,156,30,0.0019,154,151,200,3080,4,100,0.0027,bi_a100_b100_p30%_v4.col,0.0018
100,156,30,0.0021,153,148,200,3024,5,100,0.0025,bi_a100_b100_p30%_v5.col,0.0017
100,170,40,0.0028,172,166,200,3953,1,100,0.0037,bi_a100_b100_p40%_v1.col,0.0026
100,170,40,0.003,173,167,200,4048,2,100,0.0036,bi_a100_b100_p40%_v2.col,0.0026
100,174,40,0.0027,171,166,200,4017,3,100,0.0034,bi_a100_b100_p40%_v3.col,0.0027
100,168,40,0.0028,171,166,200,3932,4,100,0.0036,bi_a100_b100_p40%_v4.col,0.0026
100,177,40,0.0028,173,166,200,4015,5,100,0.0093,bi_a100_b100_p40%_v5.col,0.0026
100,183,50,0.0036,180,176,200,5022,1,100,0.0043,bi_a100_b100_p50%_v1.col,0.0036
100,181,50,0.004,183,176,200,5019,2,100,0.0045,bi_a100_b100_p50%_v2.col,0.0036
100,182,50,0.0036,182,178,200,5002,3,100,0.0049,bi_a100_b100_p50%_v3.col,0.0035
100,180,50,0.004,181,177,200,4993,4,100,0.0049,bi_a100_b100_p50%_v4.col,0.0035
100,183,50,0.0037,182,176,200,5020,5,100,0.0047,bi_a100_b100_p50%_v5.col,0.0034
100,188,60,0.0049,188,183,200,6000,1,100,0.0066,bi_a100_b100_p60%_v1.col,0.0045
100,188,60,0.0046,186,185,200,5978,2,100,0.006,bi_a100_b100_p60%_v2.col,0.0047
100,185,60,0.0048,187,184,200,5912,3,100,0.0061,bi_a100_b100_p60%_v3.col,0.0043
100,188,60,0.005,186,183,200,6013,4,100,0.0065,bi_a100_b100_p60%_v4.col,0.0046
100,187,60,0.0047,187,184,200,6048,5,100,0.0061,bi_a100_b100_p60%_v5.col,0.0047
100,191,70,0.0056,190,188,200,7039,1,100,0.0065,bi_a100_b100_p70%_v1.col,0.0055
100,194,70,0.0057,193,190,200,7044,2,100,0.0093,bi_a100_b100_p70%_v2.col,0.0056
100,191,70,0.0061,191,189,200,7022,3,100,0.0076,bi_a100_b100_p70%_v3.col,0.0058
100,191,70,0.0062,190,189,200,7053,4,100,0.0074,bi_a100_b100_p70%_v4.col,0.0061
100,192,70,0.0054,192,188,200,7036,5,100,0.0071,bi_a100_b100_p70%_v5.col,0.0057
100,193,80,0.0063,195,191,200,8007,1,100,0.0081,bi_a100_b100_p80%_v1.col,0.0063
100,193,80,0.0067,195,192,200,7988,2,100,0.0079,bi_a100_b100_p80%_v2.col,0.0066
100,194,80,0.007,195,192,200,8012,3,100,0.008,bi_a100_b100_p80%_v3.col,0.0066
100,195,80,0.0072,195,192,200,7973,4,100,0.0084,bi_a100_b100_p80%_v4.col,0.0065
100,194,80,0.0065,195,192,200,7992,5,100,0.0093,bi_a100_b100_p80%_v5.col,0.0066
100,197,90,0.0066,197,195,200,9021,1,100,0.0089,bi_a100_b100_p90%_v1.col,0.0065
100,197,90,0.0071,196,195,200,8994,2,100,0.0088,bi_a100_b100_p90%_v2.col,0.0069
100,197,90,0.0071,198,194,200,9045,3,100,0.009,bi_a100_b100_p90%_v3.col,0.0123
100,196,90,0.0074,196,196,200,8972,4,100,0.0087,bi_a100_b100_p90%_v4.col,0.0068
100,197,90,0.0072,197,195,200,9008,5,100,0.0096,bi_a100_b100_p90%_v5.col,0.0066
500,189,1,0.001,184,96,600,525,1,100,0.0017,bi_a100_b500_p01%_v1.col,0.0005
500,170,1,0.0009,167,96,600,516,2,100,0.0016,bi_a100_b500_p01%_v2.col,0.0005
500,173,1,0.0009,171,97,600,518,3,100,0.0017,bi_a100_b500_p01%_v3.col,0.0006
500,194,1,0.001,189,95,600,503,4,100,0.0018,bi_a100_b500_p01%_v4.col,0.0005
500,174,1,0.001,174,100,600,511,5,100,0.0017,bi_a100_b500_p01%_v5.col,0.0005
500,148,3,0.0016,148,109,600,1537,1,100,0.0024,bi_a100_b500_p03%_v1.col,0.0009
500,153,3,0.0016,153,110,600,1444,2,100,0.0024,bi_a100_b500_p03%_v2.col,0.0008
500,152,3,0.0015,152,109,600,1499,3,100,0.0023,bi_a100_b500_p03%_v3.col,0.0008
500,150,3,0.0015,150,108,600,1505,4,100,0.0024,bi_a100_b500_p03%_v4.col,0.0009
500,151,3,0.0016,151,107,600,1550,5,100,0.0024,bi_a100_b500_p03%_v5.col,0.0009
500,133,5,0.0019,133,128,600,2497,1,100,0.003,bi_a100_b500_p05%_v1.col,0.0013
500,132,5,0.0019,132,129,600,2502,2,100,0.003,bi_a100_b500_p05%_v2.col,0.0013
500,155,5,0.002,155,127,600,2543,3,100,0.0031,bi_a100_b500_p05%_v3.col,0.0013
500,152,5,0.0021,152,124,600,2442,4,100,0.0031,bi_a100_b500_p05%_v4.col,0.0012
500,135,5,0.0019,135,125,600,2454,5,100,0.003,bi_a100_b500_p05%_v5.col,0.0013
500,170,10,0.0031,170,190,600,5152,1,100,0.005,bi_a100_b500_p10%_v1.col,0.0101
500,169,10,0.003,169,188,600,4977,2,100,0.0048,bi_a100_b500_p10%_v2.col,0.0034
500,178,10,0.003,178,193,600,5109,3,100,0.005,bi_a100_b500_p10%_v3.col,0.0035
500,172,10,0.0029,172,186,600,4929,4,100,0.0048,bi_a100_b500_p10%_v4.col,0.0032
500,169,10,0.003,169,193,600,5103,5,100,0.005,bi_a100_b500_p10%_v5.col,0.0036
500,325,20,0.0083,325,374,600,10077,1,100,0.012,bi_a100_b500_p20%_v1.col,0.0108
500,320,20,0.0083,320,371,600,10063,2,100,0.0121,bi_a100_b500_p20%_v2.col,0.0116
500,314,20,0.0079,314,362,600,9741,3,100,0.0114,bi_a100_b500_p20%_v3.col,0.0108
500,320,20,0.0086,320,376,600,10069,4,100,0.0122,bi_a100_b500_p20%_v4.col,0.0111
500,310,20,0.0079,310,358,600,9842,5,100,0.0116,bi_a100_b500_p20%_v5.col,0.0116
500,531,30,0.0172,531,517,600,15047,1,100,0.0229,bi_a100_b500_p30%_v1.col,0.0195
500,539,30,0.0173,539,525,600,15090,2,100,0.0236,bi_a100_b500_p30%_v2.col,0.0215
500,548,30,0.0185,548,528,600,15149,3,100,0.0243,bi_a100_b500_p30%_v3.col,0.022
500,537,30,0.0171,537,524,600,15116,4,100,0.0229,bi_a100_b500_p30%_v4.col,0.0197
500,539,30,0.0172,539,529,600,14883,5,100,0.0228,bi_a100_b500_p30%_v5.col,0.0212
500,567,40,0.0277,567,551,600,20050,1,100,0.0358,bi_a100_b500_p40%_v1.col,0.0318
500,564,40,0.0284,564,554,600,19920,2,100,0.0364,bi_a100_b500_p40%_v2.col,0.037
500,567,40,0.0278,567,552,600,20094,3,100,0.0358,bi_a100_b500_p40%_v3.col,0.0384
500,565,40,0.0281,565,552,600,20053,4,100,0.0363,bi_a100_b500_p40%_v4.col,0.036
500,569,40,0.0271,569,553,600,20043,5,100,0.0353,bi_a100_b500_p40%_v5.col,0.0354
500,578,50,0.0412,578,570,600,25075,1,100,0.0524,bi_a100_b500_p50%_v1.col,0.0433
500,577,50,0.0416,577,571,600,24945,2,100,0.0526,bi_a100_b500_p50%_v2.col,0.0539
500,576,50,0.0417,576,568,600,24951,3,100,0.0529,bi_a100_b500_p50%_v3.col,0.0503
500,579,50,0.0402,579,569,600,25104,4,100,0.0514,bi_a100_b500_p50%_v4.col,0.0613
500,577,50,0.0444,577,569,600,24738,5,100,0.0499,bi_a100_b500_p50%_v5.col,0.0507
500,584,60,0.0535,584,580,600,29954,1,100,0.0704,bi_a100_b500_p60%_v1.col,0.071
500,584,60,0.0543,584,578,600,29933,2,100,0.0677,bi_a100_b500_p60%_v2.col,0.0655
500,585,60,0.0604,585,579,600,30037,3,100,0.0693,bi_a100_b500_p60%_v3.col,0.0601
500,587,60,0.0537,587,578,600,30038,4,100,0.0682,bi_a100_b500_p60%_v4.col,0.0681
500,584,60,0.0556,584,581,600,30091,5,100,0.07,bi_a100_b500_p60%_v5.col,0.0723
500,590,70,0.0721,590,587,600,35049,1,100,0.0911,bi_a100_b500_p70%_v1.col,0.0894
500,590,70,0.0703,590,585,600,35055,2,100,0.0894,bi_a100_b500_p70%_v2.col,0.0806
500,589,70,0.0699,589,584,600,34835,3,100,0.0895,bi_a100_b500_p70%_v3.col,0.076
500,588,70,0.0693,588,585,600,34933,4,100,0.0886,bi_a100_b500_p70%_v4.col,0.0804
500,590,70,0.073,590,586,600,34887,5,100,0.0915,bi_a100_b500_p70%_v5.col,0.0784
500,593,80,0.097,593,591,600,40002,1,100,0.1217,bi_a100_b500_p80%_v1.col,0.1028
500,593,80,0.0926,593,591,600,39945,2,100,0.1167,bi_a100_b500_p80%_v2.col,0.1025
500,594,80,0.0903,594,589,600,40056,3,100,0.1137,bi_a100_b500_p80%_v3.col,0.1036
500,593,80,0.0891,593,591,600,39985,4,100,0.1133,bi_a100_b500_p80%_v4.col,0.0928
500,593,80,0.0949,593,591,600,39903,5,100,0.1121,bi_a100_b500_p80%_v5.col,0.0984
500,595,90,0.1018,595,595,600,45019,1,100,0.1282,bi_a100_b500_p90%_v1.col,0.1072
500,595,90,0.1079,595,594,600,44905,2,100,0.1356,bi_a100_b500_p90%_v2.col,0.1068
500,596,90,0.1044,596,594,600,44855,3,100,0.1317,bi_a100_b500_p90%_v3.col,0.0988
500,596,90,0.1015,596,595,600,45060,4,100,0.1294,bi_a100_b500_p90%_v4.col,0.0985
500,595,90,0.1023,595,594,600,44926,5,100,0.1288,bi_a100_b500_p90%_v5.col,0.0977
1000,248,1,0.0029,246,104,1100,1016,1,100,0.0052,bi_a100_b1000_p01%_v1.col,0.0013
1000,299,1,0.003,299,103,1100,985,2,100,0.0053,bi_a100_b1000_p01%_v2.col,0.0013
1000,229,1,0.0028,229,102,1100,1007,3,100,0.0051,bi_a100_b1000_p01%_v3.col,0.0013
1000,272,1,0.003,272,103,1100,1017,4,100,0.0053,bi_a100_b1000_p01%_v4.col,0.0013
1000,248,1,0.0028,246,103,1100,996,5,100,0.0051,bi_a100_b1000_p01%_v5.col,0.0012
1000,186,3,0.0041,186,128,1100,2996,1,100,0.007,bi_a100_b1000_p03%_v1.col,0.0021
1000,188,3,0.0042,188,134,1100,2967,2,100,0.007,bi_a100_b1000_p03%_v2.col,0.0022
1000,192,3,0.0042,192,130,1100,2949,3,100,0.007,bi_a100_b1000_p03%_v3.col,0.0021
1000,186,3,0.004,186,133,1100,2942,4,100,0.0069,bi_a100_b1000_p03%_v4.col,0.0021
1000,207,3,0.0043,207,129,1100,2936,5,100,0.0071,bi_a100_b1000_p03%_v5.col,0.0021
1000,179,5,0.0044,179,170,1100,5012,1,100,0.0083,bi_a100_b1000_p05%_v1.col,0.0035
1000,185,5,0.0044,185,167,1100,4918,2,100,0.0082,bi_a100_b1000_p05%_v2.col,0.0034
1000,176,5,0.0044,176,170,1100,4997,3,100,0.0083,bi_a100_b1000_p05%_v3.col,0.0035
1000,190,5,0.0044,190,170,1100,5031,4,100,0.0084,bi_a100_b1000_p05%_v4.col,0.0035
1000,174,5,0.0045,174,169,1100,4978,5,100,0.0082,bi_a100_b1000_p05%_v5.col,0.0035
1000,241,10,0.008,241,304,1100,10054,1,100,0.0143,bi_a100_b1000_p10%_v1.col,0.011
1000,236,10,0.0079,236,304,1100,10092,2,100,0.014,bi_a100_b1000_p10%_v2.col,0.0115
1000,233,10,0.0079,233,302,1100,9994,3,100,0.014,bi_a100_b1000_p10%_v3.col,0.0106
1000,235,10,0.0079,235,305,1100,10029,4,100,0.014,bi_a100_b1000_p10%_v4.col,0.0109
1000,235,10,0.0081,235,304,1100,10078,5,100,0.0142,bi_a100_b1000_p10%_v5.col,0.2921
1000,542,20,0.0249,542,656,1100,19912,1,100,0.0376,bi_a100_b1000_p20%_v1.col,0.0346
1000,546,20,0.0255,546,667,1100,20051,2,100,0.0381,bi_a100_b1000_p20%_v2.col,0.0365
1000,546,20,0.025,546,665,1100,20015,3,100,0.0376,bi_a100_b1000_p20%_v3.col,0.0385
1000,541,20,0.025,541,659,1100,19808,4,100,0.0375,bi_a100_b1000_p20%_v4.col,0.0334
1000,538,20,0.0247,538,654,1100,19748,5,100,0.0373,bi_a100_b1000_p20%_v5.col,0.0324
1000,1012,30,0.0541,1012,999,1100,29774,1,100,0.0742,bi_a100_b1000_p30%_v1.col,0.0739
1000,1020,30,0.0551,1020,1004,1100,30170,2,100,0.0759,bi_a100_b1000_p30%_v2.col,0.064
1000,1021,30,0.055,1021,1006,1100,30328,3,100,0.0764,bi_a100_b1000_p30%_v3.col,0.0692
1000,1016,30,0.0531,1016,1005,1100,29832,4,100,0.074,bi_a100_b1000_p30%_v4.col,0.0622
1000,1005,30,0.0543,1005,991,1100,29761,5,100,0.075,bi_a100_b1000_p30%_v5.col,0.0695
1000,1065,40,0.0906,1065,1047,1100,39882,1,100,0.1195,bi_a100_b1000_p40%_v1.col,0.137
1000,1066,40,0.0884,1066,1049,1100,39993,2,100,0.1183,bi_a100_b1000_p40%_v2.col,0.1322
1000,1064,40,0.0922,1064,1046,1100,40117,3,100,0.1216,bi_a100_b1000_p40%_v3.col,0.1206
1000,1063,40,0.0998,1063,1047,1100,40206,4,100,0.1238,bi_a100_b1000_p40%_v4.col,0.1234
1000,1063,40,0.0966,1063,1047,1100,40131,5,100,0.1204,bi_a100_b1000_p40%_v5.col,0.1091
1000,1074,50,0.14,1074,1065,1100,49850,1,100,0.174,bi_a100_b1000_p50%_v1.col,0.1853
1000,1075,50,0.1377,1075,1066,1100,50038,2,100,0.1858,bi_a100_b1000_p50%_v2.col,0.207
1000,1076,50,0.1401,1076,1066,1100,49784,3,100,0.1774,bi_a100_b1000_p50%_v3.col,0.2108
1000,1077,50,0.1391,1077,1065,1100,49973,4,100,0.1794,bi_a100_b1000_p50%_v4.col,0.165
1000,1078,50,0.1441,1078,1067,1100,50175,5,100,0.1848,bi_a100_b1000_p50%_v5.col,0.1901
1000,1086,60,0.1949,1086,1077,1100,59993,1,100,0.2488,bi_a100_b1000_p60%_v1.col,0.2426
1000,1085,60,0.1966,1085,1078,1100,59999,2,100,0.2514,bi_a100_b1000_p60%_v2.col,0.2546
1000,1083,60,0.1918,1083,1078,1100,60016,3,100,0.2457,bi_a100_b1000_p60%_v3.col,0.2487
1000,1083,60,0.1917,1083,1078,1100,60010,4,100,0.2459,bi_a100_b1000_p60%_v4.col,0.2489
1000,1083,60,0.1914,1083,1077,1100,59754,5,100,0.245,bi_a100_b1000_p60%_v5.col,0.2264
1000,1087,70,0.2494,1087,1084,1100,70111,1,100,0.3196,bi_a100_b1000_p70%_v1.col,0.2986
1000,1090,70,0.2697,1090,1085,1100,70169,2,100,0.3437,bi_a100_b1000_p70%_v2.col,0.3103
1000,1091,70,0.26,1091,1083,1100,70178,3,100,0.3292,bi_a100_b1000_p70%_v3.col,0.3467
1000,1088,70,0.2622,1088,1084,1100,70090,4,100,0.3351,bi_a100_b1000_p70%_v4.col,0.2858
1000,1088,70,0.257,1088,1085,1100,70187,5,100,0.3331,bi_a100_b1000_p70%_v5.col,0.336
1000,1092,80,0.322,1092,1090,1100,80051,1,100,0.4114,bi_a100_b1000_p80%_v1.col,0.3589
1000,1093,80,0.3343,1093,1090,1100,80061,2,100,0.4219,bi_a100_b1000_p80%_v2.col,0.3765
1000,1092,80,0.3338,1092,1090,1100,79942,3,100,0.4243,bi_a100_b1000_p80%_v3.col,0.3683
1000,1092,80,0.3349,1092,1089,1100,80154,4,100,0.4248,bi_a100_b1000_p80%_v4.col,0.3421
1000,1094,80,0.3143,1094,1089,1100,80014,5,100,0.3984,bi_a100_b1000_p80%_v5.col,0.4248
1000,1095,90,0.3597,1095,1094,1100,89871,1,100,0.4718,bi_a100_b1000_p90%_v1.col,0.3871
1000,1095,90,0.3627,1095,1094,1100,90013,2,100,0.4702,bi_a100_b1000_p90%_v2.col,0.3859
1000,1095,90,0.3637,1095,1094,1100,89866,3,100,0.4671,bi_a100_b1000_p90%_v3.col,0.396
1000,1095,90,0.3687,1095,1094,1100,89909,4,100,0.4856,bi_a100_b1000_p90%_v4.col,0.4066
1000,1095,90,0.3755,1095,1094,1100,89908,5,100,0.4851,bi_a100_b1000_p90%_v5.col,0.3878
5000,444,1,0.0326,444,149,5100,4865,1,100,0.1142,bi_a100_b5000_p01%_v1.col,0.016
5000,518,1,0.0335,518,152,5100,5060,2,100,0.1146,bi_a100_b5000_p01%_v2.col,0.016
5000,516,1,0.0322,516,151,5100,4984,3,100,0.1138,bi_a100_b5000_p01%_v3.col,0.0159
5000,491,1,0.0325,491,150,5100,5025,4,100,0.1141,bi_a100_b5000_p01%_v4.col,0.0158
5000,469,1,0.0391,469,154,5100,5086,5,100,0.1153,bi_a100_b5000_p01%_v5.col,0.0159
5000,350,3,0.0386,350,295,5100,15093,1,100,0.1364,bi_a100_b5000_p03%_v1.col,0.0317
5000,372,3,0.0383,372,291,5100,14810,2,100,0.1374,bi_a100_b5000_p03%_v2.col,0.0287
5000,380,3,0.0388,380,293,5100,14980,3,100,0.1372,bi_a100_b5000_p03%_v3.col,0.0316
5000,356,3,0.039,356,293,5100,14932,4,100,0.1369,bi_a100_b5000_p03%_v4.col,0.029
5000,368,3,0.0391,368,292,5100,14882,5,100,0.1362,bi_a100_b5000_p03%_v5.col,0.0293
5000,355,5,0.0514,355,475,5100,24847,1,100,0.1593,bi_a100_b5000_p05%_v1.col,0.0564
5000,347,5,0.0517,347,481,5100,24860,2,100,0.1612,bi_a100_b5000_p05%_v2.col,0.0579
5000,350,5,0.0523,350,484,5100,25175,3,100,0.1685,bi_a100_b5000_p05%_v3.col,0.0639
5000,486,5,0.0525,486,478,5100,24881,4,100,0.1636,bi_a100_b5000_p05%_v4.col,0.056
5000,349,5,0.0518,349,479,5100,25045,5,100,0.1614,bi_a100_b5000_p05%_v5.col,0.0594
5000,822,10,0.1478,822,1105,5100,49858,1,100,0.3025,bi_a100_b5000_p10%_v1.col,0.255
5000,829,10,0.157,829,1116,5100,50148,2,100,0.303,bi_a100_b5000_p10%_v2.col,0.2281
5000,805,10,0.1454,805,1083,5100,49276,3,100,0.3038,bi_a100_b5000_p10%_v3.col,0.2072
5000,822,10,0.1478,822,1090,5100,49859,4,100,0.309,bi_a100_b5000_p10%_v4.col,0.2128
5000,832,10,0.1546,832,1097,5100,50013,5,100,0.3043,bi_a100_b5000_p10%_v5.col,0.2172
5000,2283,20,0.5286,2283,2802,5100,99729,1,100,0.863,bi_a100_b5000_p20%_v1.col,0.7987
5000,2282,20,0.5508,2282,2809,5100,99940,2,100,0.869,bi_a100_b5000_p20%_v2.col,0.8044
5000,2286,20,0.5486,2286,2791,5100,99813,3,100,0.8639,bi_a100_b5000_p20%_v3.col,0.8161
5000,2268,20,0.5505,2268,2808,5100,99803,4,100,0.8714,bi_a100_b5000_p20%_v4.col,0.8478
5000,2266,20,0.5342,2266,2800,5100,99635,5,100,0.8487,bi_a100_b5000_p20%_v5.col,0.7348
5000,4674,30,1.1625,4674,4707,5100,150542,1,100,1.682,bi_a100_b5000_p30%_v1.col,1.56
5000,4673,30,1.1596,4673,4715,5100,150316,2,100,1.7121,bi_a100_b5000_p30%_v2.col,1.7978
5000,4669,30,1.1607,4669,4708,5100,149916,3,100,1.6781,bi_a100_b5000_p30%_v3.col,1.6589
5000,4648,30,1.1473,4648,4688,5100,149950,4,100,1.6702,bi_a100_b5000_p30%_v4.col,1.4716
5000,4659,30,1.1527,4659,4702,5100,149612,5,100,1.6715,bi_a100_b5000_p30%_v5.col,1.4921
5000,5055,40,2.01,5055,5036,5100,200269,1,100,2.741,bi_a100_b5000_p40%_v1.col,2.9229
5000,5062,40,1.9813,5062,5038,5100,200106,2,100,2.6939,bi_a100_b5000_p40%_v2.col,3.06
5000,5058,40,1.9368,5058,5035,5100,199535,3,100,2.6586,bi_a100_b5000_p40%_v3.col,2.4756
5000,5060,40,1.9342,5060,5034,5100,199993,4,100,2.6454,bi_a100_b5000_p40%_v4.col,2.8265
5000,5058,40,1.9461,5058,5036,5100,200259,5,100,2.6656,bi_a100_b5000_p40%_v5.col,2.5682
5000,5072,50,2.9628,5072,5060,5100,250278,1,100,3.929,bi_a100_b5000_p50%_v1.col,3.8411
5000,5072,50,2.9337,5072,5057,5100,249787,2,100,3.8968,bi_a100_b5000_p50%_v2.col,4.2932
5000,5075,50,3.1794,5075,5059,5100,249511,3,100,3.9394,bi_a100_b5000_p50%_v3.col,4.4743
5000,5075,50,3.0215,5075,5059,5100,250635,4,100,4.0013,bi_a100_b5000_p50%_v4.col,3.9357
5000,5074,50,2.9507,5074,5061,5100,250101,5,100,3.9448,bi_a100_b5000_p50%_v5.col,3.85
5000,5083,60,4.1745,5083,5073,5100,300339,1,100,5.514,bi_a100_b5000_p60%_v1.col,6.1664
5000,5079,60,4.4654,5079,5072,5100,299914,2,100,5.5686,bi_a100_b5000_p60%_v2.col,6.1938
5000,5082,60,4.2337,5082,5074,5100,299729,3,100,5.552,bi_a100_b5000_p60%_v3.col,5.5859
5000,5082,60,4.2071,5082,5073,5100,299061,4,100,5.5412,bi_a100_b5000_p60%_v4.col,5.1867
5000,5081,60,4.1417,5081,5071,5100,300066,5,100,5.4319,bi_a100_b5000_p60%_v5.col,6.3936
5000,5088,70,5.6041,5088,5080,5100,350143,1,100,7.5412,bi_a100_b5000_p70%_v1.col,6.6234
5000,5087,70,5.6232,5087,5083,5100,350353,2,100,7.4079,bi_a100_b5000_p70%_v2.col,8.4072
5000,5088,70,5.6042,5088,5082,5100,350007,3,100,7.2891,bi_a100_b5000_p70%_v3.col,9.1801
5000,5087,70,5.532,5087,5081,5100,350080,4,100,7.1959,bi_a100_b5000_p70%_v4.col,7.5514
5000,5087,70,5.9644,5087,5083,5100,349824,5,100,7.2788,bi_a100_b5000_p70%_v5.col,6.906
5000,5092,80,7.0946,5092,5088,5100,399798,1,100,9.2025,bi_a100_b5000_p80%_v1.col,9.001
5000,5091,80,7.2186,5091,5088,5100,399782,2,100,9.3283,bi_a100_b5000_p80%_v2.col,7.5118
5000,5092,80,7.2496,5092,5089,5100,400257,3,100,9.3788,bi_a100_b5000_p80%_v3.col,8.3789
5000,5092,80,7.245,5092,5089,5100,400168,4,100,9.34,bi_a100_b5000_p80%_v4.col,8.9203
5000,5091,80,7.1847,5091,5087,5100,400446,5,100,9.3415,bi_a100_b5000_p80%_v5.col,8.3654
5000,5094,90,9.0874,5094,5093,5100,449636,1,100,11.745,bi_a100_b5000_p90%_v1.col,10.9901
5000,5094,90,8.8642,5094,5093,5100,449930,2,100,11.358,bi_a100_b5000_p90%_v2.col,9.4877
5000,5095,90,8.8999,5095,5092,5100,449720,3,100,11.6145,bi_a100_b5000_p90%_v3.col,9.3101
5000,5095,90,8.9965,5095,5093,5100,449880,4,100,11.631,bi_a100_b5000_p90%_v4.col,10.2126
5000,5094,90,8.9297,5094,5092,5100,449675,5,100,11.4989,bi_a100_b5000_p90%_v5.col,10.9257
10000,607,1,0.1012,607,206,10100,10029,1,100,0.4948,bi_a100_b10000_p01%_v1.col,0.0584
10000,659,1,0.1032,659,208,10100,9960,2,100,0.4993,bi_a100_b10000_p01%_v2.col,0.0585
10000,614,1,0.1023,614,212,10100,10002,3,100,0.5021,bi_a100_b10000_p01%_v3.col,0.0588
10000,629,1,0.1024,629,209,10100,9906,4,100,0.4998,bi_a100_b10000_p01%_v4.col,0.0583
10000,594,1,0.1013,594,210,10100,10024,5,100,0.4975,bi_a100_b10000_p01%_v5.col,0.0583
10000,392,3,0.1135,392,487,10100,30204,1,100,0.5688,bi_a100_b10000_p03%_v1.col,0.1098
10000,390,3,0.113,390,487,10100,30116,2,100,0.5672,bi_a100_b10000_p03%_v2.col,0.1143
10000,401,3,0.1127,401,478,10100,29800,3,100,0.5624,bi_a100_b10000_p03%_v3.col,0.1091
10000,633,3,0.1161,633,483,10100,29991,4,100,0.5772,bi_a100_b10000_p03%_v4.col,0.1127
10000,391,3,0.1153,391,483,10100,30217,5,100,0.5703,bi_a100_b10000_p03%_v5.col,0.1129
10000,621,5,0.203,621,845,10100,50380,1,100,0.7022,bi_a100_b10000_p05%_v1.col,0.2384
10000,609,5,0.2054,609,828,10100,49616,2,100,0.6893,bi_a100_b10000_p05%_v2.col,0.2498
10000,617,5,0.1982,617,837,10100,50185,3,100,0.6997,bi_a100_b10000_p05%_v3.col,0.2382
10000,617,5,0.2061,617,839,10100,50374,4,100,0.7002,bi_a100_b10000_p05%_v4.col,0.2435
10000,619,5,0.1975,619,835,10100,50004,5,100,0.6957,bi_a100_b10000_p05%_v5.col,0.2406
10000,1515,10,0.5821,1515,2012,10100,99955,1,100,1.2515,bi_a100_b10000_p10%_v1.col,0.7987
10000,1505,10,0.5802,1505,2026,10100,99870,2,100,1.2601,bi_a100_b10000_p10%_v2.col,0.7021
10000,1511,10,0.5806,1511,2017,10100,99782,3,100,1.2632,bi_a100_b10000_p10%_v3.col,0.793
10000,1514,10,0.5839,1514,2030,10100,100089,4,100,1.2615,bi_a100_b10000_p10%_v4.col,0.8293
10000,1519,10,0.5851,1519,2034,10100,100253,5,100,1.2645,bi_a100_b10000_p10%_v5.col,0.7877
10000,4301,20,2.3906,4301,5260,10100,199049,1,100,3.2991,bi_a100_b10000_p20%_v1.col,3.2553
10000,4333,20,2.0823,4333,5303,10100,200004,2,100,3.322,bi_a100_b10000_p20%_v2.col,3.2824
10000,4324,20,2.4372,4324,5297,10100,199824,3,100,3.3246,bi_a100_b10000_p20%_v3.col,3.2914
10000,4324,20,2.0897,4324,5305,10100,200075,4,100,3.3404,bi_a100_b10000_p20%_v4.col,3.2915
10000,4346,20,2.1491,4346,5330,10100,200448,5,100,3.3478,bi_a100_b10000_p20%_v5.col,3.1537
10000,8961,30,4.5026,8961,9165,10100,299790,1,100,6.9179,bi_a100_b10000_p30%_v1.col,6.1736
10000,8983,30,4.4602,8983,9172,10100,299975,2,100,6.6024,bi_a100_b10000_p30%_v2.col,6.24
10000,8965,30,4.4737,8965,9180,10100,299310,3,100,6.6042,bi_a100_b10000_p30%_v3.col,7.0922
10000,9003,30,4.5015,9003,9191,10100,299861,4,100,6.6132,bi_a100_b10000_p30%_v4.col,6.194
10000,9012,30,4.5096,9012,9202,10100,300518,5,100,6.6053,bi_a100_b10000_p30%_v5.col,6.0892
10000,10059,40,7.9283,10059,10029,10100,399757,1,100,10.5596,bi_a100_b10000_p40%_v1.col,10.4233
10000,10058,40,7.6943,10058,10030,10100,399950,2,100,10.5584,bi_a100_b10000_p40%_v2.col,9.75
10000,10056,40,7.6311,10056,10030,10100,398691,3,100,10.5169,bi_a100_b10000_p40%_v3.col,11.0465
10000,10054,40,7.6454,10054,10027,10100,399889,4,100,10.5678,bi_a100_b10000_p40%_v4.col,9.1504
10000,10057,40,7.6817,10057,10032,10100,400118,5,100,10.5633,bi_a100_b10000_p40%_v5.col,10.0167
10000,10070,50,11.6598,10070,10058,10100,500473,1,100,15.5629,bi_a100_b10000_p50%_v1.col,16.6615
10000,10072,50,11.6379,10072,10054,10100,498944,2,100,15.4792,bi_a100_b10000_p50%_v2.col,18.0553
10000,10072,50,11.9198,10072,10054,10100,499887,3,100,15.559,bi_a100_b10000_p50%_v3.col,14.8278
10000,10071,50,11.663,10071,10056,10100,500513,4,100,15.5692,bi_a100_b10000_p50%_v4.col,19.5828
10000,10068,50,11.9684,10068,10055,10100,499011,5,100,15.5729,bi_a100_b10000_p50%_v5.col,14.194
10000,10081,60,16.3946,10081,10071,10100,599271,1,100,21.8097,bi_a100_b10000_p60%_v1.col,29.3122
10000,10081,60,16.7382,10081,10071,10100,600186,2,100,21.6021,bi_a100_b10000_p60%_v2.col,26.4108
10000,10081,60,16.515,10081,10070,10100,600279,3,100,21.6681,bi_a100_b10000_p60%_v3.col,23.7578
10000,10079,60,16.3866,10079,10072,10100,598909,4,100,21.7416,bi_a100_b10000_p60%_v4.col,24.8099
10000,10082,60,16.2939,10082,10071,10100,600272,5,100,21.5093,bi_a100_b10000_p60%_v5.col,20.5399
10000,10087,70,22.0905,10087,10081,10100,699602,1,100,29.0796,bi_a100_b10000_p70%_v1.col,36.1615
10000,10088,70,21.9193,10088,10081,10100,700224,2,100,28.2715,bi_a100_b10000_p70%_v2.col,33.8403
10000,10087,70,21.742,10087,10081,10100,700260,3,100,28.3494,bi_a100_b10000_p70%_v3.col,28.0442
10000,10086,70,22.2891,10086,10081,10100,699871,4,100,28.9111,bi_a100_b10000_p70%_v4.col,32.2706
10000,10086,70,22.6089,10086,10082,10100,699185,5,100,29.3867,bi_a100_b10000_p70%_v5.col,32.0927
10000,10090,80,28.4183,10090,10087,10100,799762,1,100,37.6832,bi_a100_b10000_p80%_v1.col,30.8718
10000,10093,80,28.4726,10093,10087,10100,800283,2,100,36.7987,bi_a100_b10000_p80%_v2.col,30.2792
10000,10092,80,28.4607,10092,10087,10100,799713,3,100,36.7596,bi_a100_b10000_p80%_v3.col,33.3963
10000,10091,80,28.843,10091,10088,10100,799789,4,100,36.6726,bi_a100_b10000_p80%_v4.col,32.6076
10000,10091,80,28.6253,10091,10088,10100,800340,5,100,37.0955,bi_a100_b10000_p80%_v5.col,34.5715
10000,10094,90,36.692,10094,10093,10100,899498,1,100,46.0342,bi_a100_b10000_p90%_v1.col,43.3481
10000,10095,90,35.3669,10095,10092,10100,899616,2,100,46.4266,bi_a100_b10000_p90%_v2.col,40.3992
10000,10094,90,36.7864,10094,10093,10100,900190,3,100,46.7364,bi_a100_b10000_p90%_v3.col,39.2341
10000,10095,90,35.7898,10095,10093,10100,899871,4,100,45.9979,bi_a100_b10000_p90%_v4.col,41.6962
10000,10095,90,35.4788,10095,10092,10100,900149,5,100,46.9974,bi_a100_b10000_p90%_v5.col,38.9356
500,277,1,0.0138,236,337,1000,2537,1,500,0.0126,bi_a500_b500_p01%_v1.col,0.0153
500,308,1,0.0128,211,337,1000,2396,2,500,0.0125,bi_a500_b500_p01%_v2.col,0.0127
500,259,1,0.0103,205,344,1000,2522,3,500,0.012,bi_a500_b500_p01%_v3.col,0.0233
500,320,1,0.0068,255,371,1000,2462,4,500,0.0128,bi_a500_b500_p01%_v4.col,0.0088
500,239,1,0.0092,194,364,1000,2493,5,500,0.0247,bi_a500_b500_p01%_v5.col,0.0158
500,277,3,0.0224,193,253,1000,7384,1,500,0.0394,bi_a500_b500_p03%_v1.col,0.0227
500,269,3,0.0244,194,253,1000,7474,2,500,0.0233,bi_a500_b500_p03%_v2.col,0.0282
500,247,3,0.0261,194,246,1000,7541,3,500,0.056,bi_a500_b500_p03%_v3.col,0.022
500,284,3,0.0223,191,253,1000,7501,4,500,0.0188,bi_a500_b500_p03%_v4.col,0.0175
500,267,3,0.024,190,265,1000,7478,5,500,0.025,bi_a500_b500_p03%_v5.col,0.0113
500,380,5,0.0343,281,337,1000,12438,1,500,0.0364,bi_a500_b500_p05%_v1.col,0.0158
500,338,5,0.0304,284,336,1000,12517,2,500,0.0499,bi_a500_b500_p05%_v2.col,0.0166
500,362,5,0.2146,282,337,1000,12417,3,500,0.0398,bi_a500_b500_p05%_v3.col,0.0353
500,415,5,0.0161,288,342,1000,12678,4,500,0.0288,bi_a500_b500_p05%_v4.col,0.0154
500,395,5,0.0415,285,335,1000,12596,5,500,0.0603,bi_a500_b500_p05%_v5.col,0.0399
500,585,10,0.0588,507,567,1000,25253,1,500,0.1112,bi_a500_b500_p10%_v1.col,0.0414
500,575,10,0.0734,502,565,1000,24872,2,500,0.1181,bi_a500_b500_p10%_v2.col,0.0387
500,576,10,0.0398,504,565,1000,25214,3,500,0.0542,bi_a500_b500_p10%_v3.col,0.0434
500,586,10,0.078,504,567,1000,25129,4,500,0.1016,bi_a500_b500_p10%_v4.col,0.0723
500,574,10,0.0822,507,558,1000,24870,5,500,0.0951,bi_a500_b500_p10%_v5.col,0.0413
500,824,20,0.3094,824,809,1000,50042,1,500,0.2158,bi_a500_b500_p20%_v1.col,0.238
500,824,20,0.2082,834,807,1000,50009,2,500,0.3798,bi_a500_b500_p20%_v2.col,0.2692
500,821,20,0.1646,822,803,1000,49881,3,500,0.3086,bi_a500_b500_p20%_v3.col,0.2642
500,825,20,0.2216,827,807,1000,50029,4,500,0.3109,bi_a500_b500_p20%_v4.col,0.157
500,826,20,0.1638,829,805,1000,50011,5,500,0.4853,bi_a500_b500_p20%_v5.col,0.3013
500,917,30,0.7242,916,898,1000,75280,1,500,0.6294,bi_a500_b500_p30%_v1.col,0.5019
500,917,30,0.3968,917,899,1000,75133,2,500,0.6194,bi_a500_b500_p30%_v2.col,0.3246
500,912,30,0.5386,913,900,1000,75090,3,500,0.875,bi_a500_b500_p30%_v3.col,0.3381
500,916,30,0.4547,922,900,1000,75347,4,500,0.3866,bi_a500_b500_p30%_v4.col,0.2908
500,916,30,0.7013,917,897,1000,75084,5,500,0.8934,bi_a500_b500_p30%_v5.col,0.6118
500,953,40,0.7435,955,939,1000,100391,1,500,2.0233,bi_a500_b500_p40%_v1.col,0.6704
500,950,40,1.17,954,941,1000,100075,2,500,1.4464,bi_a500_b500_p40%_v2.col,1.0517
500,952,40,1.2125,953,940,1000,100085,3,500,0.9437,bi_a500_b500_p40%_v3.col,0.6116
500,954,40,0.7943,953,939,1000,100045,4,500,1.0049,bi_a500_b500_p40%_v4.col,0.7619
500,953,40,0.7912,948,941,1000,100122,5,500,0.9519,bi_a500_b500_p40%_v5.col,1.024
500,968,50,0.9224,973,964,1000,124819,1,500,1.3836,bi_a500_b500_p50%_v1.col,0.9391
500,971,50,0.9023,971,963,1000,125009,2,500,1.0594,bi_a500_b500_p50%_v2.col,1.0319
500,969,50,1.1105,968,963,1000,124539,3,500,1.0629,bi_a500_b500_p50%_v3.col,1.0666
500,970,50,0.7213,971,963,1000,124813,4,500,1.0548,bi_a500_b500_p50%_v4.col,0.8759
500,968,50,0.9891,970,963,1000,124972,5,500,1.13,bi_a500_b500_p50%_v5.col,0.9208
500,981,60,0.9836,978,972,1000,149899,1,500,1.6355,bi_a500_b500_p60%_v1.col,0.9639
500,979,60,1.5819,981,974,1000,149722,2,500,2.6325,bi_a500_b500_p60%_v2.col,1.5851
500,979,60,1.2061,980,975,1000,150125,3,500,1.3047,bi_a500_b500_p60%_v3.col,1.3802
500,980,60,1.0752,979,973,1000,150210,4,500,1.9217,bi_a500_b500_p60%_v4.col,1.8409
500,981,60,1.4279,980,973,1000,150122,5,500,1.8811,bi_a500_b500_p60%_v5.col,1.0772
500,986,70,1.6626,985,984,1000,175289,1,500,1.521,bi_a500_b500_p70%_v1.col,1.2407
500,986,70,2.3717,987,983,1000,174970,2,500,1.937,bi_a500_b500_p70%_v2.col,2.1272
500,988,70,1.3225,986,982,1000,174869,3,500,1.9698,bi_a500_b500_p70%_v3.col,1.5269
500,984,70,1.3243,986,983,1000,175027,4,500,2.5756,bi_a500_b500_p70%_v4.col,1.5003
500,988,70,1.8019,986,984,1000,174595,5,500,3.3247,bi_a500_b500_p70%_v5.col,1.6156
500,991,80,2.3896,992,988,1000,199919,1,500,1.8136,bi_a500_b500_p80%_v1.col,1.8234
500,991,80,1.6145,991,989,1000,200277,2,500,3.2628,bi_a500_b500_p80%_v2.col,1.4891
500,991,80,2.1843,990,988,1000,199860,3,500,2.4085,bi_a500_b500_p80%_v3.col,1.6751
500,991,80,1.8563,991,988,1000,200229,4,500,2.1451,bi_a500_b500_p80%_v4.col,1.624
500,990,80,2.2173,992,989,1000,200061,5,500,2.3729,bi_a500_b500_p80%_v5.col,1.9344
500,994,90,3.138,994,993,1000,224990,1,500,2.8497,bi_a500_b500_p90%_v1.col,2.346
500,995,90,2.0847,995,992,1000,225217,2,500,2.3133,bi_a500_b500_p90%_v2.col,2.2219
500,994,90,2.0147,994,993,1000,225175,3,500,2.3431,bi_a500_b500_p90%_v3.col,1.6371
500,994,90,2.1902,994,993,1000,224958,4,500,2.9223,bi_a500_b500_p90%_v4.col,3.1808
500,995,90,2.5975,995,993,1000,225220,5,500,2.4196,bi_a500_b500_p90%_v5.col,1.7246
1000,417,1,0.0354,369,391,1500,4951,1,500,0.0274,bi_a500_b1000_p01%_v1.col,0.0233
1000,396,1,0.0352,347,383,1500,4920,2,500,0.0275,bi_a500_b1000_p01%_v2.col,0.0298
1000,392,1,0.0309,362,377,1500,5038,3,500,0.061,bi_a500_b1000_p01%_v3.col,0.0249
1000,421,1,0.0374,363,387,1500,4995,4,500,0.0642,bi_a500_b1000_p01%_v4.col,0.029
1000,397,1,0.037,367,383,1500,5010,5,500,0.0271,bi_a500_b1000_p01%_v5.col,0.0122
1000,447,3,0.078,447,513,1500,14962,1,500,0.0825,bi_a500_b1000_p03%_v1.col,0.026
1000,444,3,0.0387,436,508,1500,14877,2,500,0.0558,bi_a500_b1000_p03%_v2.col,0.0282
1000,447,3,0.0385,444,513,1500,15019,3,500,0.0953,bi_a500_b1000_p03%_v3.col,0.0293
1000,448,3,0.0723,450,513,1500,15088,4,500,0.0944,bi_a500_b1000_p03%_v4.col,0.0282
1000,440,3,0.0466,440,515,1500,14826,5,500,0.0976,bi_a500_b1000_p03%_v5.col,0.045
1000,538,5,0.0961,538,573,1500,25206,1,500,0.1525,bi_a500_b1000_p05%_v1.col,0.0733
1000,546,5,0.0952,540,570,1500,24966,2,500,0.116,bi_a500_b1000_p05%_v2.col,0.0804
1000,546,5,0.1015,543,573,1500,25025,3,500,0.1454,bi_a500_b1000_p05%_v3.col,0.0826
1000,538,5,0.0586,538,572,1500,25073,4,500,0.1153,bi_a500_b1000_p05%_v4.col,0.0729
1000,546,5,0.0932,546,572,1500,24946,5,500,0.1471,bi_a500_b1000_p05%_v5.col,0.0858
1000,766,10,0.2165,766,811,1500,50023,1,500,0.3052,bi_a500_b1000_p10%_v1.col,0.2826
1000,766,10,0.123,766,809,1500,50026,2,500,0.1396,bi_a500_b1000_p10%_v2.col,0.1658
1000,776,10,0.1503,776,813,1500,49783,3,500,0.215,bi_a500_b1000_p10%_v3.col,0.2109
1000,764,10,0.1131,764,813,1500,49704,4,500,0.2557,bi_a500_b1000_p10%_v4.col,0.1806
1000,772,10,0.1582,772,823,1500,50225,5,500,0.2927,bi_a500_b1000_p10%_v5.col,0.2173
1000,1316,20,0.616,1316,1275,1500,99683,1,500,0.9797,bi_a500_b1000_p20%_v1.col,0.6689
1000,1311,20,0.8068,1311,1271,1500,99572,2,500,0.9305,bi_a500_b1000_p20%_v2.col,1.2436
1000,1320,20,0.5355,1320,1277,1500,100299,3,500,0.5449,bi_a500_b1000_p20%_v3.col,0.5209
1000,1317,20,0.5267,1317,1282,1500,100428,4,500,0.6213,bi_a500_b1000_p20%_v4.col,0.5343
1000,1316,20,0.9655,1316,1278,1500,100288,5,500,1.2323,bi_a500_b1000_p20%_v5.col,2.3888
1000,1407,30,1.7923,1407,1388,1500,150068,1,500,2.4236,bi_a500_b1000_p30%_v1.col,2.4469
1000,1410,30,1.1594,1410,1391,1500,150470,2,500,1.7165,bi_a500_b1000_p30%_v2.col,1.5784
1000,1409,30,0.9886,1409,1390,1500,150505,3,500,2.0459,bi_a500_b1000_p30%_v3.col,2.3783
1000,1408,30,1.1497,1408,1390,1500,149719,4,500,2.1059,bi_a500_b1000_p30%_v4.col,1.4347
1000,1411,30,1.374,1411,1390,1500,150236,5,500,2.0449,bi_a500_b1000_p30%_v5.col,2.1844
1000,1447,40,2.7269,1447,1436,1500,199683,1,500,2.5605,bi_a500_b1000_p40%_v1.col,2.1646
1000,1451,40,1.8383,1451,1439,1500,199790,2,500,3.6585,bi_a500_b1000_p40%_v2.col,2.6164
1000,1449,40,2.8758,1449,1436,1500,199737,3,500,3.2916,bi_a500_b1000_p40%_v3.col,3.7344
1000,1450,40,2.7079,1450,1436,1500,200163,4,500,2.1026,bi_a500_b1000_p40%_v4.col,3.3549
1000,1445,40,2.5664,1445,1434,1500,200116,5,500,2.3039,bi_a500_b1000_p40%_v5.col,3.6064
1000,1469,50,3.1194,1469,1461,1500,250427,1,500,3.4487,bi_a500_b1000_p50%_v1.col,4.3298
1000,1466,50,2.976,1466,1460,1500,249704,2,500,3.1877,bi_a500_b1000_p50%_v2.col,3.1003
1000,1466,50,2.6724,1466,1459,1500,249490,3,500,4.336,bi_a500_b1000_p50%_v3.col,2.6462
1000,1464,50,3.3082,1464,1462,1500,249760,4,500,4.0946,bi_a500_b1000_p50%_v4.col,2.9824
1000,1467,50,3.4258,1467,1458,1500,250155,5,500,3.111,bi_a500_b1000_p50%_v5.col,3.5106
1000,1478,60,3.0617,1478,1476,1500,300085,1,500,3.3411,bi_a500_b1000_p60%_v1.col,4.3511
1000,1478,60,3.6315,1478,1474,1500,300516,2,500,4.687,bi_a500_b1000_p60%_v2.col,3.6203
1000,1478,60,4.2259,1478,1473,1500,300293,3,500,5.6902,bi_a500_b1000_p60%_v3.col,4.2682
1000,1477,60,3.9071,1477,1474,1500,300049,4,500,4.2087,bi_a500_b1000_p60%_v4.col,4.3655
1000,1477,60,3.9561,1477,1473,1500,300747,5,500,4.9987,bi_a500_b1000_p60%_v5.col,6.4308
1000,1486,70,6.636,1486,1482,1500,349678,1,500,5.2798,bi_a500_b1000_p70%_v1.col,5.9228
1000,1483,70,6.4015,1483,1483,1500,349845,2,500,6.6131,bi_a500_b1000_p70%_v2.col,6.4855
1000,1485,70,4.3982,1485,1483,1500,350377,3,500,4.673,bi_a500_b1000_p70%_v3.col,6.9904
1000,1486,70,7.0719,1486,1483,1500,349872,4,500,6.087,bi_a500_b1000_p70%_v4.col,5.5009
1000,1486,70,5.0682,1486,1482,1500,349973,5,500,5.1849,bi_a500_b1000_p70%_v5.col,3.7382
1000,1490,80,4.4409,1490,1488,1500,400300,1,500,8.6796,bi_a500_b1000_p80%_v1.col,7.0262
1000,1491,80,5.0436,1491,1488,1500,399801,2,500,9.1674,bi_a500_b1000_p80%_v2.col,5.056
1000,1491,80,5.6716,1491,1488,1500,399916,3,500,7.2634,bi_a500_b1000_p80%_v3.col,5.9709
1000,1491,80,5.8581,1491,1488,1500,400588,4,500,7.1959,bi_a500_b1000_p80%_v4.col,5.5028
1000,1491,80,9.2877,1491,1488,1500,399829,5,500,8.3584,bi_a500_b1000_p80%_v5.col,6.4398
1000,1494,90,7.7996,1494,1493,1500,449955,1,500,9.0531,bi_a500_b1000_p90%_v1.col,7.6228
1000,1494,90,6.5054,1494,1493,1500,449946,2,500,7.3621,bi_a500_b1000_p90%_v2.col,5.8737
1000,1494,90,7.19,1494,1493,1500,449847,3,500,6.68,bi_a500_b1000_p90%_v3.col,6.1172
1000,1494,90,6.9315,1494,1492,1500,449742,4,500,8.7162,bi_a500_b1000_p90%_v4.col,7.0958
1000,1494,90,7.8271,1494,1493,1500,450083,5,500,9.6952,bi_a500_b1000_p90%_v5.col,5.7648
5000,676,1,0.2698,676,564,5500,25147,1,500,0.593,bi_a500_b5000_p01%_v1.col,0.1468
5000,630,1,0.3309,630,560,5500,24841,2,500,0.4667,bi_a500_b5000_p01%_v2.col,0.1346
5000,684,1,0.2208,684,559,5500,24813,3,500,0.5792,bi_a500_b5000_p01%_v3.col,0.0765
5000,665,1,0.1964,665,561,5500,25171,4,500,0.505,bi_a500_b5000_p01%_v4.col,0.1382
5000,651,1,0.278,651,555,5500,24975,5,500,0.6048,bi_a500_b5000_p01%_v5.col,0.0683
5000,752,3,0.3389,752,865,5500,75474,1,500,0.9273,bi_a500_b5000_p03%_v1.col,0.5133
5000,759,3,0.5802,759,865,5500,75287,2,500,1.1759,bi_a500_b5000_p03%_v2.col,0.6682
5000,760,3,0.5941,760,863,5500,75229,3,500,0.9563,bi_a500_b5000_p03%_v3.col,0.6019
5000,755,3,0.4408,755,869,5500,75757,4,500,0.7897,bi_a500_b5000_p03%_v4.col,0.5025
5000,747,3,0.3375,747,861,5500,75144,5,500,0.6229,bi_a500_b5000_p03%_v5.col,0.2665
5000,1029,5,0.5435,1029,1329,5500,125059,1,500,0.8684,bi_a500_b5000_p05%_v1.col,1.6428
5000,1037,5,0.4976,1037,1336,5500,125518,2,500,0.8781,bi_a500_b5000_p05%_v2.col,0.9526
5000,1038,5,0.4481,1038,1340,5500,125198,3,500,1.0793,bi_a500_b5000_p05%_v3.col,1.3706
5000,1026,5,0.9072,1026,1332,5500,125260,4,500,1.6427,bi_a500_b5000_p05%_v4.col,1.5618
5000,1034,5,0.576,1034,1326,5500,125308,5,500,1.0966,bi_a500_b5000_p05%_v5.col,1.0978
5000,2649,10,2.1557,2649,2968,5500,250625,1,500,4.3751,bi_a500_b5000_p10%_v1.col,4.1069
5000,2650,10,2.75,2650,2930,5500,249650,2,500,3.3506,bi_a500_b5000_p10%_v2.col,4.6446
5000,2628,10,2.1281,2628,2968,5500,250608,3,500,2.9494,bi_a500_b5000_p10%_v3.col,5.3574
5000,2639,10,2.3306,2639,2955,5500,249958,4,500,2.8205,bi_a500_b5000_p10%_v4.col,4.6305
5000,2632,10,1.8585,2632,2946,5500,249787,5,500,3.3463,bi_a500_b5000_p10%_v5.col,4.9099
5000,5293,20,11.9726,5293,5219,5500,500302,1,500,14.8282,bi_a500_b5000_p20%_v1.col,17.7785
5000,5288,20,10.8669,5288,5220,5500,500497,2,500,12.2224,bi_a500_b5000_p20%_v2.col,19.1592
5000,5282,20,8.3181,5282,5219,5500,499844,3,500,11.6991,bi_a500_b5000_p20%_v3.col,21.4195
5000,5285,20,13.9254,5285,5225,5500,500051,4,500,10.5527,bi_a500_b5000_p20%_v4.col,16.3026
5000,5285,20,12.3111,5285,5222,5500,499440,5,500,10.0124,bi_a500_b5000_p20%_v5.col,21.7812
5000,5395,30,21.851,5395,5364,5500,749911,1,500,26.7477,bi_a500_b5000_p30%_v1.col,50.4271
5000,5398,30,18.5674,5398,5368,5500,749799,2,500,25.4666,bi_a500_b5000_p30%_v2.col,39.639
5000,5396,30,15.9047,5396,5371,5500,750190,3,500,21.9185,bi_a500_b5000_p30%_v3.col,50.0879
5000,5399,30,16.9223,5399,5365,5500,750028,4,500,21.4658,bi_a500_b5000_p30%_v4.col,36.8252
5000,5397,30,19.6271,5397,5372,5500,749225,5,500,25.7725,bi_a500_b5000_p30%_v5.col,48.5178
5000,5439,40,27.412,5439,5421,5500,999014,1,500,32.7936,bi_a500_b5000_p40%_v1.col,49.9036
5000,5441,40,26.6578,5441,5425,5500,999631,2,500,40.018,bi_a500_b5000_p40%_v2.col,63.9948
5000,5441,40,27.6081,5441,5423,5500,999772,3,500,36.2619,bi_a500_b5000_p40%_v3.col,62.5039
5000,5438,40,31.067,5438,5424,5500,1001275,4,500,36.1647,bi_a500_b5000_p40%_v4.col,79.6155
5000,5440,40,24.8107,5440,5426,5500,999564,5,500,41.1677,bi_a500_b5000_p40%_v5.col,73.5608
5000,5463,50,44.8722,5463,5453,5500,1249911,1,500,50.137,bi_a500_b5000_p50%_v1.col,72.3191
5000,5464,50,43.9202,5464,5453,5500,1250798,2,500,54.0934,bi_a500_b5000_p50%_v2.col,69.6778
5000,5463,50,42.4728,5463,5455,5500,1249816,3,500,61.2175,bi_a500_b5000_p50%_v3.col,81.4343
5000,5465,50,48.9646,5465,5452,5500,1249270,4,500,51.8561,bi_a500_b5000_p50%_v4.col,76.7923
5000,5461,50,41.6699,5461,5454,5500,1250519,5,500,46.838,bi_a500_b5000_p50%_v5.col,62.8053
5000,5476,60,65.3273,5476,5470,5500,1500337,1,500,77.6407,bi_a500_b5000_p60%_v1.col,116.7295
5000,5069,60,8.0903,5069,5062,5500,1499648,2,500,9.3609,bi_a500_b5000_p60%_v2.col,16.0912
5000,5476,60,55.5813,5476,5471,5500,1499639,3,500,75.5389,bi_a500_b5000_p60%_v3.col,94.0723
5000,5476,60,56.9078,5476,5470,5500,1499636,4,500,74.0108,bi_a500_b5000_p60%_v4.col,121.7405
5000,5472,60,55.7715,5472,5468,5500,1498875,5,500,67.3709,bi_a500_b5000_p60%_v5.col,106.398
5000,5483,70,65.1676,5483,5479,5500,1750285,1,500,87.155,bi_a500_b5000_p70%_v1.col,176.4285
5000,5483,70,80.0918,5483,5479,5500,1750235,2,500,99.3223,bi_a500_b5000_p70%_v2.col,126.3358
5000,5483,70,75.1914,5483,5479,5500,1749248,3,500,91.0669,bi_a500_b5000_p70%_v3.col,88.3204
5000,5484,70,69.2165,5484,5480,5500,1749170,4,500,89.4542,bi_a500_b5000_p70%_v4.col,125.0924
5000,5484,70,65.4041,5484,5481,5500,1750098,5,500,76.5202,bi_a500_b5000_p70%_v5.col,104.1289
5000,5488,80,95.9214,5488,5486,5500,1999749,1,500,119.6943,bi_a500_b5000_p80%_v1.col,120.4514
5000,5488,80,92.0205,5488,5486,5500,1999497,2,500,114.8343,bi_a500_b5000_p80%_v2.col,113.0845
5000,5489,80,98.4619,5489,5487,5500,1999193,3,500,117.4186,bi_a500_b5000_p80%_v3.col,209.0545
5000,5489,80,93.9589,5489,5485,5500,2000508,4,500,108.9652,bi_a500_b5000_p80%_v4.col,137.0928
5000,5490,80,94.4231,5490,5486,5500,2000824,5,500,116.1886,bi_a500_b5000_p80%_v5.col,118.8824
5000,5494,90,121.585,5494,5492,5500,2250770,1,500,156.9756,bi_a500_b5000_p90%_v1.col,117.6708
5000,5491,90,120.8672,5491,5492,5500,2250051,2,500,130.4361,bi_a500_b5000_p90%_v2.col,123.5169
5000,5494,90,115.2709,5494,5492,5500,2250054,3,500,138.9172,bi_a500_b5000_p90%_v3.col,161.887
5000,5493,90,107.5644,5493,5492,5500,2250472,4,500,138.2675,bi_a500_b5000_p90%_v4.col,134.1337
5000,5494,90,108.5063,5494,5491,5500,2249876,5,500,163.3729,bi_a500_b5000_p90%_v5.col,149.3444
1000,386,1,0.0171,325,523,2000,10032,1,1000,0.0314,bi_a1000_b1000_p01%_v1.col,0.0264
1000,411,1,0.0176,380,554,2000,10197,2,1000,0.0306,bi_a1000_b1000_p01%_v2.col,0.0266
1000,374,1,0.0157,350,574,2000,9969,3,1000,0.031,bi_a1000_b1000_p01%_v3.col,0.0295
1000,416,1,0.0152,310,534,2000,10087,4,1000,0.0299,bi_a1000_b1000_p01%_v4.col,0.0271
1000,387,1,0.0146,320,575,2000,9898,5,1000,0.0293,bi_a1000_b1000_p01%_v5.col,0.0299
1000,676,3,0.0305,455,553,2000,30236,1,1000,0.0578,bi_a1000_b1000_p03%_v1.col,0.0287
1000,601,3,0.0294,461,549,2000,30188,2,1000,0.0555,bi_a1000_b1000_p03%_v2.col,0.0284
1000,594,3,0.0306,460,546,2000,30148,3,1000,0.0531,bi_a1000_b1000_p03%_v3.col,0.0281
1000,636,3,0.0303,462,553,2000,30312,4,1000,0.0554,bi_a1000_b1000_p03%_v4.col,0.0292
1000,630,3,0.0305,465,557,2000,30135,5,1000,0.0579,bi_a1000_b1000_p03%_v5.col,0.0288
1000,913,5,0.0634,713,790,2000,49500,1,1000,0.0947,bi_a1000_b1000_p05%_v1.col,0.0526
1000,901,5,0.0554,714,811,2000,49961,2,1000,0.0927,bi_a1000_b1000_p05%_v2.col,0.0545
1000,962,5,0.052,714,809,2000,49848,3,1000,0.0935,bi_a1000_b1000_p05%_v3.col,0.0612
1000,920,5,0.0542,713,811,2000,49699,4,1000,0.0935,bi_a1000_b1000_p05%_v4.col,0.0512
1000,863,5,0.0522,718,815,2000,50052,5,1000,0.0969,bi_a1000_b1000_p05%_v5.col,0.0516
1000,1299,10,0.1906,1303,1348,2000,100111,1,1000,0.248,bi_a1000_b1000_p10%_v1.col,0.1851
1000,1286,10,0.1938,1290,1337,2000,100123,2,1000,0.2527,bi_a1000_b1000_p10%_v2.col,0.1854
1000,1283,10,0.1905,1285,1341,2000,99693,3,1000,0.2463,bi_a1000_b1000_p10%_v3.col,0.1774
1000,1299,10,0.1987,1291,1346,2000,100116,4,1000,0.261,bi_a1000_b1000_p10%_v4.col,0.1781
1000,1281,10,0.2019,1288,1343,2000,99775,5,1000,0.2543,bi_a1000_b1000_p10%_v5.col,0.174
1000,1789,20,0.8168,1793,1742,2000,200037,1,1000,1.0434,bi_a1000_b1000_p20%_v1.col,0.6896
1000,1789,20,0.7531,1793,1746,2000,199938,2,1000,1.0123,bi_a1000_b1000_p20%_v2.col,0.6943
1000,1786,20,0.7467,1790,1755,2000,199668,3,1000,1.002,bi_a1000_b1000_p20%_v3.col,0.7081
1000,1788,20,0.8094,1785,1747,2000,199918,4,1000,0.9305,bi_a1000_b1000_p20%_v4.col,0.733
1000,1785,20,0.7785,1793,1753,2000,200282,5,1000,0.9839,bi_a1000_b1000_p20%_v5.col,0.705
1000,1896,30,1.5433,1900,1876,2000,300128,1,1000,1.8192,bi_a1000_b1000_p30%_v1.col,1.3609
1000,1900,30,1.4729,1901,1881,2000,300158,2,1000,1.6232,bi_a1000_b1000_p30%_v2.col,1.4329
1000,1897,30,1.4201,1900,1878,2000,300494,3,1000,1.8264,bi_a1000_b1000_p30%_v3.col,1.3576
1000,1897,30,1.4585,1902,1875,2000,299780,4,1000,1.824,bi_a1000_b1000_p30%_v4.col,1.3951
1000,1901,30,1.4496,1902,1880,2000,300342,5,1000,1.8891,bi_a1000_b1000_p30%_v5.col,1.4751
1000,1940,40,2.2053,1942,1930,2000,400221,1,1000,2.9681,bi_a1000_b1000_p40%_v1.col,2.175
1000,1940,40,2.1408,1945,1931,2000,399902,2,1000,3.158,bi_a1000_b1000_p40%_v2.col,2.1718
1000,1940,40,2.2396,1943,1929,2000,399618,3,1000,3.1567,bi_a1000_b1000_p40%_v3.col,2.088
1000,1943,40,2.4739,1940,1929,2000,399955,4,1000,3.072,bi_a1000_b1000_p40%_v4.col,2.182
1000,1942,40,2.1564,1946,1932,2000,399811,5,1000,2.5129,bi_a1000_b1000_p40%_v5.col,2.6245
1000,1966,50,3.277,1965,1957,2000,500821,1,1000,4.2772,bi_a1000_b1000_p50%_v1.col,2.994
1000,1964,50,3.1383,1963,1957,2000,499975,2,1000,3.904,bi_a1000_b1000_p50%_v2.col,3.0804
1000,1965,50,3.1773,1964,1957,2000,500810,3,1000,4.7296,bi_a1000_b1000_p50%_v3.col,3.0394
1000,1963,50,2.9303,1965,1956,2000,499285,4,1000,3.6197,bi_a1000_b1000_p50%_v4.col,2.9472
1000,1965,50,2.9816,1966,1956,2000,500546,5,1000,3.8429,bi_a1000_b1000_p50%_v5.col,2.6725
1000,1977,60,4.1066,1976,1971,2000,600273,1,1000,5.0398,bi_a1000_b1000_p60%_v1.col,4.1715
1000,1976,60,4.1545,1977,1973,2000,600070,2,1000,5.2775,bi_a1000_b1000_p60%_v2.col,3.9173
1000,1977,60,4.2795,1976,1971,2000,601024,3,1000,5.4415,bi_a1000_b1000_p60%_v3.col,3.8422
1000,1976,60,4.0051,1977,1972,2000,599209,4,1000,5.0674,bi_a1000_b1000_p60%_v4.col,4.3375
1000,1976,60,3.9237,1976,1973,2000,600111,5,1000,4.7142,bi_a1000_b1000_p60%_v5.col,4.2472
1000,1984,70,5.0473,1983,1982,2000,700185,1,1000,6.3548,bi_a1000_b1000_p70%_v1.col,6.1505
1000,1983,70,5.5672,1985,1981,2000,700326,2,1000,6.1695,bi_a1000_b1000_p70%_v2.col,5.1681
1000,1985,70,5.3541,1985,1980,2000,700160,3,1000,6.434,bi_a1000_b1000_p70%_v3.col,5.3757
1000,1986,70,5.4867,1983,1982,2000,699889,4,1000,6.9069,bi_a1000_b1000_p70%_v4.col,5.1784
1000,1984,70,5.2181,1984,1981,2000,699495,5,1000,6.6367,bi_a1000_b1000_p70%_v5.col,5.9061
1000,1990,80,7.4212,1991,1988,2000,799953,1,1000,8.2099,bi_a1000_b1000_p80%_v1.col,6.3051
1000,1988,80,6.4385,1989,1988,2000,800201,2,1000,7.6437,bi_a1000_b1000_p80%_v2.col,6.8309
1000,1989,80,6.9017,1990,1988,2000,800350,3,1000,7.6745,bi_a1000_b1000_p80%_v3.col,6.6636
1000,1989,80,6.4122,1990,1988,2000,799949,4,1000,8.1002,bi_a1000_b1000_p80%_v4.col,6.2902
1000,1989,80,6.653,1990,1987,2000,800105,5,1000,8.9106,bi_a1000_b1000_p80%_v5.col,6.4177
1000,1993,90,7.3014,1993,1992,2000,900225,1,1000,9.5244,bi_a1000_b1000_p90%_v1.col,8.0035
1000,1994,90,7.6054,1993,1992,2000,900215,2,1000,9.4569,bi_a1000_b1000_p90%_v2.col,7.4368
1000,1993,90,7.4572,1994,1992,2000,900707,3,1000,9.5526,bi_a1000_b1000_p90%_v3.col,7.5672
1000,1994,90,7.7292,1993,1992,2000,899889,4,1000,9.2273,bi_a1000_b1000_p90%_v4.col,7.276
1000,1993,90,7.2741,1993,1993,2000,900174,5,1000,8.9738,bi_a1000_b1000_p90%_v5.col,7.3313
5000,928,1,0.1688,928,1059,6000,49621,1,1000,0.3053,bi_a1000_b5000_p01%_v1.col,0.0849
5000,933,1,0.1679,933,1061,6000,49914,2,1000,0.2969,bi_a1000_b5000_p01%_v2.col,0.091
5000,921,1,0.2086,921,1061,6000,50109,3,1000,0.3005,bi_a1000_b5000_p01%_v3.col,0.0861
5000,925,1,0.1743,925,1063,6000,50134,4,1000,0.3022,bi_a1000_b5000_p01%_v4.col,0.0896
5000,917,1,0.1723,917,1061,6000,50172,5,1000,0.3014,bi_a1000_b5000_p01%_v5.col,0.0854
5000,1319,3,0.2876,1319,1478,6000,149688,1,1000,0.4875,bi_a1000_b5000_p03%_v1.col,0.3653
5000,1332,3,0.2841,1332,1481,6000,150307,2,1000,0.5149,bi_a1000_b5000_p03%_v2.col,0.3809
5000,1328,3,0.292,1328,1480,6000,149799,3,1000,0.5063,bi_a1000_b5000_p03%_v3.col,0.3855
5000,1317,3,0.2872,1317,1481,6000,150301,4,1000,0.5032,bi_a1000_b5000_p03%_v4.col,0.3775
5000,1331,3,0.287,1331,1491,6000,150319,5,1000,0.4996,bi_a1000_b5000_p03%_v5.col,0.3912
5000,1829,5,0.5235,1829,2165,6000,250255,1,1000,0.8185,bi_a1000_b5000_p05%_v1.col,1.1226
5000,1836,5,0.518,1836,2168,6000,250487,2,1000,0.8182,bi_a1000_b5000_p05%_v2.col,1.092
5000,1840,5,0.5157,1840,2167,6000,249678,3,1000,0.8312,bi_a1000_b5000_p05%_v3.col,1.1289
5000,1838,5,0.5175,1838,2184,6000,250642,4,1000,0.8029,bi_a1000_b5000_p05%_v4.col,1.1674
5000,1847,5,0.7893,1847,2169,6000,250674,5,1000,0.8062,bi_a1000_b5000_p05%_v5.col,1.1774
5000,4885,10,2.3415,4885,4860,6000,500599,1,1000,3.0287,bi_a1000_b5000_p10%_v1.col,4.4392
5000,4892,10,2.377,4892,4861,6000,500224,2,1000,2.9895,bi_a1000_b5000_p10%_v2.col,4.1123
5000,4909,10,2.3772,4909,4873,6000,500125,3,1000,3.0487,bi_a1000_b5000_p10%_v3.col,3.7204
5000,4881,10,2.3242,4881,4850,6000,500599,4,1000,2.9576,bi_a1000_b5000_p10%_v4.col,3.8953
5000,4886,10,2.4218,4886,4852,6000,500754,5,1000,3.0248,bi_a1000_b5000_p10%_v5.col,4.1756
5000,5752,20,8.9188,5752,5698,6000,998795,1,1000,10.6691,bi_a1000_b5000_p20%_v1.col,18.5455
5000,5757,20,9.0963,5757,5699,6000,999172,2,1000,11.1871,bi_a1000_b5000_p20%_v2.col,16.1579
5000,5753,20,8.9877,5753,5699,6000,999574,3,1000,10.7498,bi_a1000_b5000_p20%_v3.col,16.6263
5000,5758,20,8.7578,5758,5703,6000,999152,4,1000,10.6801,bi_a1000_b5000_p20%_v4.col,16.201
5000,5757,20,9.2753,5757,5693,6000,999449,5,1000,10.8209,bi_a1000_b5000_p20%_v5.col,15.6348
5000,5884,30,17.6077,5884,5858,6000,1499614,1,1000,21.2331,bi_a1000_b5000_p30%_v1.col,26.845
5000,5887,30,17.6927,5887,5860,6000,1499593,2,1000,20.8097,bi_a1000_b5000_p30%_v2.col,32.8382
5000,5882,30,17.2601,5882,5862,6000,1499637,3,1000,20.8612,bi_a1000_b5000_p30%_v3.col,26.2262
5000,5885,30,16.4428,5885,5857,6000,1500327,4,1000,20.3179,bi_a1000_b5000_p30%_v4.col,31.9638
5000,5885,30,17.4229,5885,5855,6000,1500579,5,1000,20.9914,bi_a1000_b5000_p30%_v5.col,29.5023
5000,5935,40,28.8475,5935,5922,6000,1999296,1,1000,34.6034,bi_a1000_b5000_p40%_v1.col,44.8316
5000,5932,40,29.7448,5932,5921,6000,1999681,2,1000,35.5222,bi_a1000_b5000_p40%_v2.col,54.9153
5000,5933,40,29.9848,5933,5922,6000,1999928,3,1000,35.5664,bi_a1000_b5000_p40%_v3.col,38.7715
5000,5934,40,26.9177,5934,5921,6000,2001353,4,1000,32.9135,bi_a1000_b5000_p40%_v4.col,36.7952
5000,5933,40,27.8058,5933,5920,6000,1999216,5,1000,33.6489,bi_a1000_b5000_p40%_v5.col,46.742
5000,5956,50,41.0592,5956,5952,6000,2499796,1,1000,49.445,bi_a1000_b5000_p50%_v1.col,51.6255
5000,5959,50,40.3837,5959,5950,6000,2500198,2,1000,49.5149,bi_a1000_b5000_p50%_v2.col,54.7296
5000,5957,50,40.1024,5957,5949,6000,2500694,3,1000,47.2599,bi_a1000_b5000_p50%_v3.col,58.8919
5000,5959,50,43.6523,5959,5952,6000,2500020,4,1000,53.7401,bi_a1000_b5000_p50%_v4.col,66.2139
5000,5957,50,40.4465,5957,5952,6000,2501562,5,1000,49.095,bi_a1000_b5000_p50%_v5.col,58.6423
5000,5974,60,60.4781,5974,5969,6000,3000063,1,1000,74.4735,bi_a1000_b5000_p60%_v1.col,78.5427
5000,5973,60,57.7281,5973,5970,6000,3001275,2,1000,70.5084,bi_a1000_b5000_p60%_v2.col,86.3807
5000,5973,60,57.8763,5973,5970,6000,2999485,3,1000,71.0116,bi_a1000_b5000_p60%_v3.col,73.3119
5000,5974,60,56.3947,5974,5966,6000,3000212,4,1000,69.4772,bi_a1000_b5000_p60%_v4.col,80.4267
5000,5971,60,59.7576,5971,5969,6000,2998265,5,1000,72.8163,bi_a1000_b5000_p60%_v5.col,90.6824
5000,5982,70,74.8076,5982,5979,6000,3499183,1,1000,92.5384,bi_a1000_b5000_p70%_v1.col,83.277
5000,5980,70,80.2572,5980,5978,6000,3500222,2,1000,97.8467,bi_a1000_b5000_p70%_v2.col,91.7846
5000,5982,70,78.8146,5982,5980,6000,3499096,3,1000,95.85,bi_a1000_b5000_p70%_v3.col,77.8629
5000,5981,70,73.411,5981,5979,6000,3500693,4,1000,90.841,bi_a1000_b5000_p70%_v4.col,86.2049
5000,5981,70,72.901,5981,5980,6000,3498764,5,1000,90.4016,bi_a1000_b5000_p70%_v5.col,106.0757
5000,5988,80,93.3705,5988,5986,6000,4000655,1,1000,116.3294,bi_a1000_b5000_p80%_v1.col,96.2618
5000,5988,80,104.2065,5988,5986,6000,3999833,2,1000,130.1583,bi_a1000_b5000_p80%_v2.col,128.294
5000,5988,80,99.5638,5988,5986,6000,3999921,3,1000,120.1966,bi_a1000_b5000_p80%_v3.col,101.7981
5000,5987,80,103.2942,5987,5987,6000,4000654,4,1000,127.6174,bi_a1000_b5000_p80%_v4.col,99.2707
5000,5987,80,98.5282,5987,5986,6000,3999169,5,1000,117.8324,bi_a1000_b5000_p80%_v5.col,103.2263
5000,5991,90,115.6293,5991,5991,6000,4499372,1,1000,142.6142,bi_a1000_b5000_p90%_v1.col,131.6568
5000,5991,90,112.5627,5991,5992,6000,4500342,2,1000,139.9279,bi_a1000_b5000_p90%_v2.col,129.5172
5000,5993,90,118.7049,5993,5990,6000,4500007,3,1000,144.7296,bi_a1000_b5000_p90%_v3.col,121.5021
5000,5993,90,119.9251,5993,5992,6000,4499718,4,1000,145.7072,bi_a1000_b5000_p90%_v4.col,117.3646
5000,5992,90,113.8456,5992,5991,6000,4500254,5,1000,141.6343,bi_a1000_b5000_p90%_v5.col,130.8011
5000,2579,1,0.6803,1541,1805,10000,249107,1,5000,1.7397,bi_a5000_b5000_p01%_v1.col,0.6461
5000,2254,1,0.6866,1541,1824,10000,250308,2,5000,1.4252,bi_a5000_b5000_p01%_v2.col,0.6341
5000,2379,1,0.6968,1550,1818,10000,250487,3,5000,1.4374,bi_a5000_b5000_p01%_v3.col,0.6432
5000,2202,1,0.6799,1534,1818,10000,249393,4,5000,1.4106,bi_a5000_b5000_p01%_v4.col,0.6278
5000,2514,1,0.6997,1546,1810,10000,250007,5,5000,1.4863,bi_a5000_b5000_p01%_v5.col,0.642
5000,5155,3,2.1317,4269,4467,10000,750569,1,5000,3.9309,bi_a5000_b5000_p03%_v1.col,2.461
5000,5153,3,2.0797,4263,4444,10000,750714,2,5000,3.9251,bi_a5000_b5000_p03%_v2.col,2.1919
5000,5133,3,2.1536,4262,4458,10000,750425,3,5000,4.0598,bi_a5000_b5000_p03%_v3.col,2.4806
5000,5147,3,2.0583,4276,4462,10000,749582,4,5000,3.9423,bi_a5000_b5000_p03%_v4.col,2.1815
5000,5142,3,2.1109,4282,4447,10000,751180,5,5000,3.9701,bi_a5000_b5000_p03%_v5.col,2.4899
5000,6352,5,8.1402,6385,6624,10000,1250186,1,5000,10.6724,bi_a5000_b5000_p05%_v1.col,7.9042
5000,6398,5,7.935,6396,6596,10000,1251003,2,5000,10.3557,bi_a5000_b5000_p05%_v2.col,7.6447
5000,6383,5,8.2295,6367,6624,10000,1248840,3,5000,10.6517,bi_a5000_b5000_p05%_v3.col,7.9471
5000,6369,5,8.2582,6393,6593,10000,1249828,4,5000,10.5968,bi_a5000_b5000_p05%_v4.col,7.8589
5000,6404,5,8.2742,6385,6619,10000,1250396,5,5000,10.6568,bi_a5000_b5000_p05%_v5.col,8.0135
5000,8929,10,38.5201,8923,8782,10000,2502040,1,5000,52.3504,bi_a5000_b5000_p10%_v1.col,34.0983
5000,8912,10,36.6214,8922,8780,10000,2501047,2,5000,48.7758,bi_a5000_b5000_p10%_v2.col,35.5845
5000,8917,10,38.3448,8931,8787,10000,2500938,3,5000,49.6191,bi_a5000_b5000_p10%_v3.col,35.9506
5000,8915,10,37.3709,8920,8793,10000,2501152,4,5000,47.5036,bi_a5000_b5000_p10%_v4.col,35.5169
5000,8917,10,36.7222,8920,8775,10000,2501623,5,5000,47.1292,bi_a5000_b5000_p10%_v5.col,37.14
5000,9699,20,114.3464,9702,9649,10000,4999981,1,5000,142.6581,bi_a5000_b5000_p20%_v1.col,108.3701
5000,9696,20,111.2204,9703,9650,10000,5000627,2,5000,140.6512,bi_a5000_b5000_p20%_v2.col,107.1586
5000,9702,20,112.5621,9699,9649,10000,5002791,3,5000,137.5969,bi_a5000_b5000_p20%_v3.col,109.7638
5000,9697,20,100.9646,9698,9645,10000,4999856,4,5000,126.9007,bi_a5000_b5000_p20%_v4.col,101.8617
5000,9699,20,104.5376,9695,9656,10000,4998998,5,5000,130.712,bi_a5000_b5000_p20%_v5.col,105.8043
5000,9861,30,184.5392,9860,9845,10000,7499650,1,5000,223.3697,bi_a5000_b5000_p30%_v1.col,201.3008
5000,9858,30,191.5874,9863,9842,10000,7499408,2,5000,247.8122,bi_a5000_b5000_p30%_v2.col,189.8017
5000,9856,30,192.4481,9864,9837,10000,7500870,3,5000,221.8956,bi_a5000_b5000_p30%_v3.col,181.1252
5000,9859,30,206.9505,9861,9843,10000,7502177,4,5000,238.5267,bi_a5000_b5000_p30%_v4.col,195.7353
5000,9859,30,200.4032,9861,9843,10000,7498152,5,5000,225.315,bi_a5000_b5000_p30%_v5.col,195.7917
5000,9920,40,273.4354,9920,9911,10000,10000230,1,5000,345.2115,bi_a5000_b5000_p40%_v1.col,296.4559
5000,9922,40,288.0881,9919,9910,10000,10000545,2,5000,353.4302,bi_a5000_b5000_p40%_v2.col,284.3881
5000,9922,40,286.039,9922,9913,10000,10000950,3,5000,336.5151,bi_a5000_b5000_p40%_v3.col,315.3737
5000,9921,40,288.225,9921,9913,10000,10003077,4,5000,404.2599,bi_a5000_b5000_p40%_v4.col,302.4259
5000,9921,40,311.1561,9922,9910,10000,9998576,5,5000,385.8376,bi_a5000_b5000_p40%_v5.col,273.0248
5000,9953,50,422.9472,9954,9945,10000,12503686,1,5000,460.5809,bi_a5000_b5000_p50%_v1.col,382.1565
5000,9951,50,437.2814,9950,9947,10000,12501117,2,5000,473.9738,bi_a5000_b5000_p50%_v2.col,374.6447
5000,9951,50,440.8074,9952,9948,10000,12499282,3,5000,495.6521,bi_a5000_b5000_p50%_v3.col,424.4547
5000,9951,50,411.2216,9952,9943,10000,12495975,4,5000,487.7982,bi_a5000_b5000_p50%_v4.col,381.6636
5000,9951,50,433.4923,9949,9948,10000,12500491,5,5000,503.923,bi_a5000_b5000_p50%_v5.col,366.7462
5000,9968,60,584.1776,9968,9963,10000,14997264,1,5000,580.2215,bi_a5000_b5000_p60%_v1.col,571.7246
5000,9969,60,614.3097,9968,9965,10000,15002507,2,5000,644.2606,bi_a5000_b5000_p60%_v2.col,556.5369
5000,9968,60,507.2523,9968,9965,10000,14996581,3,5000,769.4762,bi_a5000_b5000_p60%_v3.col,509.7889
5000,9968,60,570.0867,9968,9964,10000,15000324,4,5000,914.2197,bi_a5000_b5000_p60%_v4.col,505.0555
5000,9968,60,513.61,9968,9963,10000,14999407,5,5000,645.2016,bi_a5000_b5000_p60%_v5.col,559.987
5000,9978,70,679.2436,9979,9976,10000,17499501,1,5000,910.891,bi_a5000_b5000_p70%_v1.col,658.0885
5000,9979,70,690.479,9976,9975,10000,17499125,2,5000,879.2741,bi_a5000_b5000_p70%_v2.col,660.985
5000,9980,70,700.762,9979,9976,10000,17496491,3,5000,822.3601,bi_a5000_b5000_p70%_v3.col,656.9261
5000,9979,70,665.5323,9978,9977,10000,17497511,4,5000,832.6351,bi_a5000_b5000_p70%_v4.col,686.0061
5000,9978,70,720.0027,9977,9978,10000,17497598,5,5000,866.7552,bi_a5000_b5000_p70%_v5.col,652.8128
5000,9986,80,908.688,9986,9986,10000,20001801,1,5000,1015.4863,bi_a5000_b5000_p80%_v1.col,821.4637
5000,9986,80,837.7483,9985,9985,10000,19997365,2,5000,950.7057,bi_a5000_b5000_p80%_v2.col,848.5161
5000,9986,80,796.1617,9985,9985,10000,20000954,3,5000,1043.9379,bi_a5000_b5000_p80%_v3.col,826.2048
5000,9987,80,825.8897,9986,9985,10000,19999956,4,5000,977.4593,bi_a5000_b5000_p80%_v4.col,848.6921
5000,9986,80,773.9365,9985,9984,10000,20000393,5,5000,997.1359,bi_a5000_b5000_p80%_v5.col,778.2526
5000,9992,90,973.5014,9991,9991,10000,22498697,1,5000,1376.8298,bi_a5000_b5000_p90%_v1.col,990.0683
5000,9992,90,973.8736,9991,9989,10000,22498983,2,5000,1180.9035,bi_a5000_b5000_p90%_v2.col,948.8445
5000,9991,90,989.7736,9991,9990,10000,22497063,3,5000,1184.8291,bi_a5000_b5000_p90%_v3.col,1070.6921
5000,9991,90,948.0155,9992,9991,10000,22500376,4,5000,2485.1909,bi_a5000_b5000_p90%_v4.col,964.5733
5000,9992,90,2456.4857,9991,9990,10000,22499986,5,5000,2744.2745,bi_a5000_b5000_p90%_v5.col,2409.0514
